2025-04-10 10:37:08,665 - app.main - INFO - 启动应用
2025-04-10 10:37:08,667 - api.auth - ERROR - 创建默认管理员失败: Could not determine join condition between parent/child tables on relationship User.knowledge_bases - there are no foreign keys linking these tables.  Ensure that referencing columns are associated with a ForeignKey or ForeignKeyConstraint, or specify a 'primaryjoin' expression.
2025-04-10 10:37:08,668 - task_manager - INFO - Document processor worker started
2025-04-10 10:37:08,668 - task_manager - INFO - Embedding worker started
2025-04-10 10:37:08,668 - task_manager - INFO - Task Manager started
2025-04-10 10:37:08,668 - app.main - INFO - 应用启动完成，默认管理员账号已处理，任务管理器已启动
2025-04-10 10:37:39,029 - app.main - INFO - 关闭应用
2025-04-10 10:37:39,554 - app.main - INFO - 启动应用
2025-04-10 10:37:39,556 - api.auth - ERROR - 创建默认管理员失败: Could not determine join condition between parent/child tables on relationship User.knowledge_bases - there are no foreign keys linking these tables.  Ensure that referencing columns are associated with a ForeignKey or ForeignKeyConstraint, or specify a 'primaryjoin' expression.
2025-04-10 10:37:39,557 - task_manager - INFO - Document processor worker started
2025-04-10 10:37:39,557 - task_manager - INFO - Embedding worker started
2025-04-10 10:37:39,557 - task_manager - INFO - Task Manager started
2025-04-10 10:37:39,558 - app.main - INFO - 应用启动完成，默认管理员账号已处理，任务管理器已启动
2025-04-10 10:37:40,341 - app.main - INFO - 关闭应用
2025-04-10 10:37:40,889 - app.main - INFO - 启动应用
2025-04-10 10:37:40,891 - api.auth - ERROR - 创建默认管理员失败: Could not determine join condition between parent/child tables on relationship User.knowledge_bases - there are no foreign keys linking these tables.  Ensure that referencing columns are associated with a ForeignKey or ForeignKeyConstraint, or specify a 'primaryjoin' expression.
2025-04-10 10:37:40,892 - task_manager - INFO - Document processor worker started
2025-04-10 10:37:40,892 - task_manager - INFO - Embedding worker started
2025-04-10 10:37:40,892 - task_manager - INFO - Task Manager started
2025-04-10 10:37:40,892 - app.main - INFO - 应用启动完成，默认管理员账号已处理，任务管理器已启动
2025-04-10 10:37:41,892 - app.main - INFO - 关闭应用
2025-04-10 10:37:42,418 - app.main - INFO - 启动应用
2025-04-10 10:37:42,420 - api.auth - ERROR - 创建默认管理员失败: Could not determine join condition between parent/child tables on relationship User.knowledge_bases - there are no foreign keys linking these tables.  Ensure that referencing columns are associated with a ForeignKey or ForeignKeyConstraint, or specify a 'primaryjoin' expression.
2025-04-10 10:37:42,421 - task_manager - INFO - Document processor worker started
2025-04-10 10:37:42,421 - task_manager - INFO - Embedding worker started
2025-04-10 10:37:42,421 - task_manager - INFO - Task Manager started
2025-04-10 10:37:42,421 - app.main - INFO - 应用启动完成，默认管理员账号已处理，任务管理器已启动
2025-04-10 10:37:42,970 - app.main - INFO - 关闭应用
2025-04-10 10:37:43,507 - app.main - INFO - 启动应用
2025-04-10 10:37:43,509 - api.auth - ERROR - 创建默认管理员失败: Could not determine join condition between parent/child tables on relationship User.knowledge_bases - there are no foreign keys linking these tables.  Ensure that referencing columns are associated with a ForeignKey or ForeignKeyConstraint, or specify a 'primaryjoin' expression.
2025-04-10 10:37:43,510 - task_manager - INFO - Document processor worker started
2025-04-10 10:37:43,510 - task_manager - INFO - Embedding worker started
2025-04-10 10:37:43,510 - task_manager - INFO - Task Manager started
2025-04-10 10:37:43,511 - app.main - INFO - 应用启动完成，默认管理员账号已处理，任务管理器已启动
2025-04-10 10:37:44,065 - app.main - INFO - 关闭应用
2025-04-10 10:37:44,584 - app.main - INFO - 启动应用
2025-04-10 10:37:44,586 - api.auth - ERROR - 创建默认管理员失败: Could not determine join condition between parent/child tables on relationship User.knowledge_bases - there are no foreign keys linking these tables.  Ensure that referencing columns are associated with a ForeignKey or ForeignKeyConstraint, or specify a 'primaryjoin' expression.
2025-04-10 10:37:44,587 - task_manager - INFO - Document processor worker started
2025-04-10 10:37:44,587 - task_manager - INFO - Embedding worker started
2025-04-10 10:37:44,587 - task_manager - INFO - Task Manager started
2025-04-10 10:37:44,587 - app.main - INFO - 应用启动完成，默认管理员账号已处理，任务管理器已启动
2025-04-10 10:40:17,357 - app.main - INFO - 关闭应用
2025-04-10 10:40:18,004 - app.main - INFO - 启动应用
2025-04-10 10:40:18,007 - api.auth - ERROR - 创建默认管理员失败: Could not determine join condition between parent/child tables on relationship User.knowledge_bases - there are no foreign keys linking these tables.  Ensure that referencing columns are associated with a ForeignKey or ForeignKeyConstraint, or specify a 'primaryjoin' expression.
2025-04-10 10:40:18,008 - task_manager - INFO - Document processor worker started
2025-04-10 10:40:18,008 - task_manager - INFO - Embedding worker started
2025-04-10 10:40:18,008 - task_manager - INFO - Task Manager started
2025-04-10 10:40:18,008 - app.main - INFO - 应用启动完成，默认管理员账号已处理，任务管理器已启动
2025-04-10 10:40:28,925 - app.main - INFO - 关闭应用
2025-04-10 10:40:29,512 - app.main - INFO - 启动应用
2025-04-10 10:40:29,514 - api.auth - ERROR - 创建默认管理员失败: Could not determine join condition between parent/child tables on relationship User.knowledge_bases - there are no foreign keys linking these tables.  Ensure that referencing columns are associated with a ForeignKey or ForeignKeyConstraint, or specify a 'primaryjoin' expression.
2025-04-10 10:40:29,515 - task_manager - INFO - Document processor worker started
2025-04-10 10:40:29,515 - task_manager - INFO - Embedding worker started
2025-04-10 10:40:29,515 - task_manager - INFO - Task Manager started
2025-04-10 10:40:29,516 - app.main - INFO - 应用启动完成，默认管理员账号已处理，任务管理器已启动
2025-04-10 10:40:30,284 - app.main - INFO - 关闭应用
2025-04-10 10:40:30,829 - app.main - INFO - 启动应用
2025-04-10 10:40:30,831 - api.auth - ERROR - 创建默认管理员失败: Could not determine join condition between parent/child tables on relationship User.knowledge_bases - there are no foreign keys linking these tables.  Ensure that referencing columns are associated with a ForeignKey or ForeignKeyConstraint, or specify a 'primaryjoin' expression.
2025-04-10 10:40:30,831 - task_manager - INFO - Document processor worker started
2025-04-10 10:40:30,832 - task_manager - INFO - Embedding worker started
2025-04-10 10:40:30,832 - task_manager - INFO - Task Manager started
2025-04-10 10:40:30,832 - app.main - INFO - 应用启动完成，默认管理员账号已处理，任务管理器已启动
2025-04-10 10:40:39,074 - app.main - INFO - 关闭应用
2025-04-10 10:40:39,633 - app.main - INFO - 启动应用
2025-04-10 10:40:39,636 - api.auth - ERROR - 创建默认管理员失败: Could not determine join condition between parent/child tables on relationship User.knowledge_bases - there are no foreign keys linking these tables.  Ensure that referencing columns are associated with a ForeignKey or ForeignKeyConstraint, or specify a 'primaryjoin' expression.
2025-04-10 10:40:39,636 - task_manager - INFO - Document processor worker started
2025-04-10 10:40:39,636 - task_manager - INFO - Embedding worker started
2025-04-10 10:40:39,636 - task_manager - INFO - Task Manager started
2025-04-10 10:40:39,637 - app.main - INFO - 应用启动完成，默认管理员账号已处理，任务管理器已启动
2025-04-10 10:40:40,077 - app.main - INFO - 关闭应用
2025-04-10 10:40:40,607 - app.main - INFO - 启动应用
2025-04-10 10:40:40,610 - api.auth - ERROR - 创建默认管理员失败: Could not determine join condition between parent/child tables on relationship User.knowledge_bases - there are no foreign keys linking these tables.  Ensure that referencing columns are associated with a ForeignKey or ForeignKeyConstraint, or specify a 'primaryjoin' expression.
2025-04-10 10:40:40,610 - task_manager - INFO - Document processor worker started
2025-04-10 10:40:40,610 - task_manager - INFO - Embedding worker started
2025-04-10 10:40:40,610 - task_manager - INFO - Task Manager started
2025-04-10 10:40:40,611 - app.main - INFO - 应用启动完成，默认管理员账号已处理，任务管理器已启动
2025-04-10 10:45:28,904 - app.main - INFO - 关闭应用
2025-04-10 10:45:29,531 - app.main - INFO - 启动应用
2025-04-10 10:45:29,534 - api.auth - ERROR - 创建默认管理员失败: Could not determine join condition between parent/child tables on relationship User.knowledge_bases - there are no foreign keys linking these tables.  Ensure that referencing columns are associated with a ForeignKey or ForeignKeyConstraint, or specify a 'primaryjoin' expression.
2025-04-10 10:45:29,535 - task_manager - INFO - Document processor worker started
2025-04-10 10:45:29,535 - task_manager - INFO - Embedding worker started
2025-04-10 10:45:29,535 - task_manager - INFO - Task Manager started
2025-04-10 10:45:29,535 - app.main - INFO - 应用启动完成，默认管理员账号已处理，任务管理器已启动
2025-04-10 10:45:29,536 - app.main - INFO - 关闭应用
2025-04-10 10:45:30,143 - app.main - INFO - 启动应用
2025-04-10 10:45:30,146 - api.auth - ERROR - 创建默认管理员失败: Could not determine join condition between parent/child tables on relationship User.knowledge_bases - there are no foreign keys linking these tables.  Ensure that referencing columns are associated with a ForeignKey or ForeignKeyConstraint, or specify a 'primaryjoin' expression.
2025-04-10 10:45:30,146 - task_manager - INFO - Document processor worker started
2025-04-10 10:45:30,146 - task_manager - INFO - Embedding worker started
2025-04-10 10:45:30,146 - task_manager - INFO - Task Manager started
2025-04-10 10:45:30,146 - app.main - INFO - 应用启动完成，默认管理员账号已处理，任务管理器已启动
2025-04-10 10:45:31,924 - app.main - INFO - 关闭应用
2025-04-10 10:45:32,455 - app.main - INFO - 启动应用
2025-04-10 10:45:32,457 - api.auth - ERROR - 创建默认管理员失败: Could not determine join condition between parent/child tables on relationship User.knowledge_bases - there are no foreign keys linking these tables.  Ensure that referencing columns are associated with a ForeignKey or ForeignKeyConstraint, or specify a 'primaryjoin' expression.
2025-04-10 10:45:32,457 - task_manager - INFO - Document processor worker started
2025-04-10 10:45:32,457 - task_manager - INFO - Embedding worker started
2025-04-10 10:45:32,457 - task_manager - INFO - Task Manager started
2025-04-10 10:45:32,458 - app.main - INFO - 应用启动完成，默认管理员账号已处理，任务管理器已启动
2025-04-10 10:45:32,685 - app.main - INFO - 关闭应用
2025-04-10 10:45:33,197 - app.main - INFO - 启动应用
2025-04-10 10:45:33,199 - api.auth - ERROR - 创建默认管理员失败: Could not determine join condition between parent/child tables on relationship User.knowledge_bases - there are no foreign keys linking these tables.  Ensure that referencing columns are associated with a ForeignKey or ForeignKeyConstraint, or specify a 'primaryjoin' expression.
2025-04-10 10:45:33,200 - task_manager - INFO - Document processor worker started
2025-04-10 10:45:33,200 - task_manager - INFO - Embedding worker started
2025-04-10 10:45:33,200 - task_manager - INFO - Task Manager started
2025-04-10 10:45:33,200 - app.main - INFO - 应用启动完成，默认管理员账号已处理，任务管理器已启动
2025-04-10 10:45:33,523 - app.main - INFO - 关闭应用
2025-04-10 10:45:34,033 - app.main - INFO - 启动应用
2025-04-10 10:45:34,036 - api.auth - ERROR - 创建默认管理员失败: Could not determine join condition between parent/child tables on relationship User.knowledge_bases - there are no foreign keys linking these tables.  Ensure that referencing columns are associated with a ForeignKey or ForeignKeyConstraint, or specify a 'primaryjoin' expression.
2025-04-10 10:45:34,036 - task_manager - INFO - Document processor worker started
2025-04-10 10:45:34,036 - task_manager - INFO - Embedding worker started
2025-04-10 10:45:34,036 - task_manager - INFO - Task Manager started
2025-04-10 10:45:34,036 - app.main - INFO - 应用启动完成，默认管理员账号已处理，任务管理器已启动
2025-04-10 10:45:40,678 - app.main - INFO - 关闭应用
2025-04-10 11:12:37,254 - app.main - INFO - 启动应用
2025-04-10 11:12:37,254 - app.main - INFO - 上传目录已存在: E:\Work\ai-assistance\backend\uploads
2025-04-10 11:12:37,254 - app.main - INFO - 文档目录已存在: E:\Work\ai-assistance\backend\uploads\documents
2025-04-10 11:12:37,255 - app.main - INFO - 嵌入目录已存在: E:\Work\ai-assistance\backend\uploads\embeddings
2025-04-10 11:12:37,257 - api.auth - ERROR - 创建默认管理员失败: Could not determine join condition between parent/child tables on relationship User.knowledge_bases - there are no foreign keys linking these tables.  Ensure that referencing columns are associated with a ForeignKey or ForeignKeyConstraint, or specify a 'primaryjoin' expression.
2025-04-10 11:12:37,257 - task_manager - INFO - Document processor worker started
2025-04-10 11:12:37,258 - task_manager - INFO - Embedding worker started
2025-04-10 11:12:37,258 - task_manager - INFO - Task Manager started
2025-04-10 11:12:37,258 - app.main - INFO - 应用启动完成，默认管理员账号已处理，任务管理器已启动
2025-04-10 11:14:38,150 - app.main - INFO - 关闭应用
2025-04-10 11:14:42,422 - app.main - INFO - 启动应用
2025-04-10 11:14:42,422 - app.main - INFO - 上传目录已存在: E:\Work\ai-assistance\backend\uploads
2025-04-10 11:14:42,422 - app.main - INFO - 文档目录已存在: E:\Work\ai-assistance\backend\uploads\documents
2025-04-10 11:14:42,423 - app.main - INFO - 嵌入目录已存在: E:\Work\ai-assistance\backend\uploads\embeddings
2025-04-10 11:14:42,425 - api.auth - ERROR - 创建默认管理员失败: Could not determine join condition between parent/child tables on relationship User.knowledge_bases - there are no foreign keys linking these tables.  Ensure that referencing columns are associated with a ForeignKey or ForeignKeyConstraint, or specify a 'primaryjoin' expression.
2025-04-10 11:14:42,425 - task_manager - INFO - Document processor worker started
2025-04-10 11:14:42,425 - task_manager - INFO - Embedding worker started
2025-04-10 11:14:42,426 - task_manager - INFO - Task Manager started
2025-04-10 11:14:42,426 - app.main - INFO - 应用启动完成，默认管理员账号已处理，任务管理器已启动
2025-04-10 11:16:56,233 - app.main - INFO - 关闭应用
2025-04-10 11:16:56,764 - app.main - INFO - 启动应用
2025-04-10 11:16:56,765 - app.main - INFO - 上传目录已存在: E:\Work\ai-assistance\backend\uploads
2025-04-10 11:16:56,765 - app.main - INFO - 文档目录已存在: E:\Work\ai-assistance\backend\uploads\documents
2025-04-10 11:16:56,765 - app.main - INFO - 嵌入目录已存在: E:\Work\ai-assistance\backend\uploads\embeddings
2025-04-10 11:16:56,773 - api.auth - INFO - 管理员账号已存在，无需创建
2025-04-10 11:16:56,773 - task_manager - INFO - Document processor worker started
2025-04-10 11:16:56,774 - task_manager - INFO - Embedding worker started
2025-04-10 11:16:56,774 - task_manager - INFO - Task Manager started
2025-04-10 11:16:56,774 - app.main - INFO - 应用启动完成，默认管理员账号已处理，任务管理器已启动
2025-04-10 11:16:58,323 - app.main - INFO - 关闭应用
2025-04-10 11:16:58,825 - app.main - INFO - 启动应用
2025-04-10 11:16:58,825 - app.main - INFO - 上传目录已存在: E:\Work\ai-assistance\backend\uploads
2025-04-10 11:16:58,826 - app.main - INFO - 文档目录已存在: E:\Work\ai-assistance\backend\uploads\documents
2025-04-10 11:16:58,826 - app.main - INFO - 嵌入目录已存在: E:\Work\ai-assistance\backend\uploads\embeddings
2025-04-10 11:16:58,831 - api.auth - INFO - 管理员账号已存在，无需创建
2025-04-10 11:16:58,832 - task_manager - INFO - Document processor worker started
2025-04-10 11:16:58,832 - task_manager - INFO - Embedding worker started
2025-04-10 11:16:58,832 - task_manager - INFO - Task Manager started
2025-04-10 11:16:58,832 - app.main - INFO - 应用启动完成，默认管理员账号已处理，任务管理器已启动
2025-04-10 11:16:59,056 - app.main - INFO - 关闭应用
2025-04-10 11:16:59,555 - app.main - INFO - 启动应用
2025-04-10 11:16:59,556 - app.main - INFO - 上传目录已存在: E:\Work\ai-assistance\backend\uploads
2025-04-10 11:16:59,556 - app.main - INFO - 文档目录已存在: E:\Work\ai-assistance\backend\uploads\documents
2025-04-10 11:16:59,556 - app.main - INFO - 嵌入目录已存在: E:\Work\ai-assistance\backend\uploads\embeddings
2025-04-10 11:16:59,561 - api.auth - INFO - 管理员账号已存在，无需创建
2025-04-10 11:16:59,562 - task_manager - INFO - Document processor worker started
2025-04-10 11:16:59,562 - task_manager - INFO - Embedding worker started
2025-04-10 11:16:59,562 - task_manager - INFO - Task Manager started
2025-04-10 11:16:59,562 - app.main - INFO - 应用启动完成，默认管理员账号已处理，任务管理器已启动
2025-04-10 11:17:17,270 - app.main - INFO - 关闭应用
2025-04-10 11:17:17,779 - app.main - INFO - 启动应用
2025-04-10 11:17:17,780 - app.main - INFO - 上传目录已存在: E:\Work\ai-assistance\backend\uploads
2025-04-10 11:17:17,780 - app.main - INFO - 文档目录已存在: E:\Work\ai-assistance\backend\uploads\documents
2025-04-10 11:17:17,780 - app.main - INFO - 嵌入目录已存在: E:\Work\ai-assistance\backend\uploads\embeddings
2025-04-10 11:17:17,786 - api.auth - INFO - 管理员账号已存在，无需创建
2025-04-10 11:17:17,787 - task_manager - INFO - Document processor worker started
2025-04-10 11:17:17,787 - task_manager - INFO - Embedding worker started
2025-04-10 11:17:17,787 - task_manager - INFO - Task Manager started
2025-04-10 11:17:17,787 - app.main - INFO - 应用启动完成，默认管理员账号已处理，任务管理器已启动
2025-04-10 11:17:21,106 - app.main - INFO - 关闭应用
2025-04-10 11:17:21,606 - app.main - INFO - 启动应用
2025-04-10 11:17:21,606 - app.main - INFO - 上传目录已存在: E:\Work\ai-assistance\backend\uploads
2025-04-10 11:17:21,606 - app.main - INFO - 文档目录已存在: E:\Work\ai-assistance\backend\uploads\documents
2025-04-10 11:17:21,606 - app.main - INFO - 嵌入目录已存在: E:\Work\ai-assistance\backend\uploads\embeddings
2025-04-10 11:17:21,612 - api.auth - INFO - 管理员账号已存在，无需创建
2025-04-10 11:17:21,613 - task_manager - INFO - Document processor worker started
2025-04-10 11:17:21,613 - task_manager - INFO - Embedding worker started
2025-04-10 11:17:21,613 - task_manager - INFO - Task Manager started
2025-04-10 11:17:21,614 - app.main - INFO - 应用启动完成，默认管理员账号已处理，任务管理器已启动
2025-04-10 11:18:55,800 - app.main - INFO - 关闭应用
2025-04-10 11:18:59,281 - app.main - INFO - 启动应用
2025-04-10 11:18:59,281 - app.main - INFO - 上传目录已存在: E:\Work\ai-assistance\backend\uploads
2025-04-10 11:18:59,281 - app.main - INFO - 文档目录已存在: E:\Work\ai-assistance\backend\uploads\documents
2025-04-10 11:18:59,281 - app.main - INFO - 嵌入目录已存在: E:\Work\ai-assistance\backend\uploads\embeddings
2025-04-10 11:18:59,287 - api.auth - INFO - 管理员账号已存在，无需创建
2025-04-10 11:18:59,287 - task_manager - INFO - Document processor worker started
2025-04-10 11:18:59,288 - task_manager - INFO - Embedding worker started
2025-04-10 11:18:59,288 - task_manager - INFO - Task Manager started
2025-04-10 11:18:59,288 - app.main - INFO - 应用启动完成，默认管理员账号已处理，任务管理器已启动
2025-04-10 11:19:26,152 - app.main - INFO - 关闭应用
2025-04-10 11:19:26,679 - app.main - INFO - 启动应用
2025-04-10 11:19:26,680 - app.main - INFO - 上传目录已存在: E:\Work\ai-assistance\backend\uploads
2025-04-10 11:19:26,680 - app.main - INFO - 文档目录已存在: E:\Work\ai-assistance\backend\uploads\documents
2025-04-10 11:19:26,680 - app.main - INFO - 嵌入目录已存在: E:\Work\ai-assistance\backend\uploads\embeddings
2025-04-10 11:19:26,685 - api.auth - INFO - 管理员账号已存在，无需创建
2025-04-10 11:19:26,686 - task_manager - INFO - Document processor worker started
2025-04-10 11:19:26,686 - task_manager - INFO - Embedding worker started
2025-04-10 11:19:26,686 - task_manager - INFO - Task Manager started
2025-04-10 11:19:26,687 - app.main - INFO - 应用启动完成，默认管理员账号已处理，任务管理器已启动
2025-04-10 11:19:27,235 - app.main - INFO - 关闭应用
2025-04-10 11:19:27,785 - app.main - INFO - 启动应用
2025-04-10 11:19:27,786 - app.main - INFO - 上传目录已存在: E:\Work\ai-assistance\backend\uploads
2025-04-10 11:19:27,786 - app.main - INFO - 文档目录已存在: E:\Work\ai-assistance\backend\uploads\documents
2025-04-10 11:19:27,786 - app.main - INFO - 嵌入目录已存在: E:\Work\ai-assistance\backend\uploads\embeddings
2025-04-10 11:19:27,792 - api.auth - INFO - 管理员账号已存在，无需创建
2025-04-10 11:19:27,792 - task_manager - INFO - Document processor worker started
2025-04-10 11:19:27,793 - task_manager - INFO - Embedding worker started
2025-04-10 11:19:27,793 - task_manager - INFO - Task Manager started
2025-04-10 11:19:27,793 - app.main - INFO - 应用启动完成，默认管理员账号已处理，任务管理器已启动
2025-04-10 11:19:28,228 - app.main - INFO - 关闭应用
2025-04-10 11:19:28,786 - app.main - INFO - 启动应用
2025-04-10 11:19:28,786 - app.main - INFO - 上传目录已存在: E:\Work\ai-assistance\backend\uploads
2025-04-10 11:19:28,786 - app.main - INFO - 文档目录已存在: E:\Work\ai-assistance\backend\uploads\documents
2025-04-10 11:19:28,787 - app.main - INFO - 嵌入目录已存在: E:\Work\ai-assistance\backend\uploads\embeddings
2025-04-10 11:19:28,792 - api.auth - INFO - 管理员账号已存在，无需创建
2025-04-10 11:19:28,793 - task_manager - INFO - Document processor worker started
2025-04-10 11:19:28,793 - task_manager - INFO - Embedding worker started
2025-04-10 11:19:28,793 - task_manager - INFO - Task Manager started
2025-04-10 11:19:28,794 - app.main - INFO - 应用启动完成，默认管理员账号已处理，任务管理器已启动
2025-04-10 11:19:29,021 - app.main - INFO - 关闭应用
2025-04-10 11:19:29,542 - app.main - INFO - 启动应用
2025-04-10 11:19:29,542 - app.main - INFO - 上传目录已存在: E:\Work\ai-assistance\backend\uploads
2025-04-10 11:19:29,542 - app.main - INFO - 文档目录已存在: E:\Work\ai-assistance\backend\uploads\documents
2025-04-10 11:19:29,543 - app.main - INFO - 嵌入目录已存在: E:\Work\ai-assistance\backend\uploads\embeddings
2025-04-10 11:19:29,549 - api.auth - INFO - 管理员账号已存在，无需创建
2025-04-10 11:19:29,549 - task_manager - INFO - Document processor worker started
2025-04-10 11:19:29,549 - task_manager - INFO - Embedding worker started
2025-04-10 11:19:29,549 - task_manager - INFO - Task Manager started
2025-04-10 11:19:29,550 - app.main - INFO - 应用启动完成，默认管理员账号已处理，任务管理器已启动
2025-04-10 11:19:29,878 - app.main - INFO - 关闭应用
2025-04-10 11:19:30,408 - app.main - INFO - 启动应用
2025-04-10 11:19:30,408 - app.main - INFO - 上传目录已存在: E:\Work\ai-assistance\backend\uploads
2025-04-10 11:19:30,408 - app.main - INFO - 文档目录已存在: E:\Work\ai-assistance\backend\uploads\documents
2025-04-10 11:19:30,408 - app.main - INFO - 嵌入目录已存在: E:\Work\ai-assistance\backend\uploads\embeddings
2025-04-10 11:19:30,414 - api.auth - INFO - 管理员账号已存在，无需创建
2025-04-10 11:19:30,414 - task_manager - INFO - Document processor worker started
2025-04-10 11:19:30,414 - task_manager - INFO - Embedding worker started
2025-04-10 11:19:30,415 - task_manager - INFO - Task Manager started
2025-04-10 11:19:30,415 - app.main - INFO - 应用启动完成，默认管理员账号已处理，任务管理器已启动
2025-04-10 11:27:22,790 - app.main - INFO - 启动应用
2025-04-10 11:27:22,790 - app.main - INFO - 上传目录已存在: E:\Work\ai-assistance\backend\uploads
2025-04-10 11:27:22,790 - app.main - INFO - 文档目录已存在: E:\Work\ai-assistance\backend\uploads\documents
2025-04-10 11:27:22,790 - app.main - INFO - 嵌入目录已存在: E:\Work\ai-assistance\backend\uploads\embeddings
2025-04-10 11:27:22,797 - api.auth - INFO - 管理员账号已存在，无需创建
2025-04-10 11:27:22,797 - task_manager - INFO - Document processor worker started
2025-04-10 11:27:22,798 - task_manager - INFO - Embedding worker started
2025-04-10 11:27:22,798 - task_manager - INFO - Task Manager started
2025-04-10 11:27:22,798 - app.main - INFO - 应用启动完成，默认管理员账号已处理，任务管理器已启动
2025-04-10 11:27:53,130 - api.ai_dialog - INFO - 获取用户对话: user_id=anonymous-user, model_type=deepseek, 对话数量=1
2025-04-10 11:27:53,135 - api.ai_dialog - INFO - 获取用户对话: user_id=anonymous-user, model_type=deepseek, 对话数量=1
2025-04-10 11:27:53,138 - api.ai_dialog - INFO - 获取用户对话: user_id=anonymous-user, model_type=ai_xiaorong, 对话数量=2
2025-04-10 11:27:53,140 - api.ai_dialog - INFO - 获取用户对话: user_id=anonymous-user, model_type=ai_xiaorong, 对话数量=2
2025-04-10 11:27:53,143 - api.ai_dialog - INFO - 获取用户对话: user_id=anonymous-user, model_type=ai_xiaomi, 对话数量=0
2025-04-10 11:27:53,145 - api.ai_dialog - INFO - 获取用户对话: user_id=anonymous-user, model_type=ai_xiaomi, 对话数量=0
2025-04-10 11:30:08,100 - app.main - INFO - 关闭应用
2025-04-10 11:30:08,632 - app.main - INFO - 启动应用
2025-04-10 11:30:08,632 - app.main - INFO - 上传目录已存在: E:\Work\ai-assistance\backend\uploads
2025-04-10 11:30:08,632 - app.main - INFO - 文档目录已存在: E:\Work\ai-assistance\backend\uploads\documents
2025-04-10 11:30:08,632 - app.main - INFO - 嵌入目录已存在: E:\Work\ai-assistance\backend\uploads\embeddings
2025-04-10 11:30:08,638 - api.auth - INFO - 管理员账号已存在，无需创建
2025-04-10 11:30:08,638 - task_manager - INFO - Document processor worker started
2025-04-10 11:30:08,638 - task_manager - INFO - Embedding worker started
2025-04-10 11:30:08,639 - task_manager - INFO - Task Manager started
2025-04-10 11:30:08,639 - app.main - INFO - 应用启动完成，默认管理员账号已处理，任务管理器已启动
2025-04-10 11:30:24,109 - app.main - INFO - 关闭应用
2025-04-10 11:30:24,620 - app.main - INFO - 启动应用
2025-04-10 11:30:24,621 - app.main - INFO - 上传目录已存在: E:\Work\ai-assistance\backend\uploads
2025-04-10 11:30:24,621 - app.main - INFO - 文档目录已存在: E:\Work\ai-assistance\backend\uploads\documents
2025-04-10 11:30:24,621 - app.main - INFO - 嵌入目录已存在: E:\Work\ai-assistance\backend\uploads\embeddings
2025-04-10 11:30:24,627 - api.auth - INFO - 管理员账号已存在，无需创建
2025-04-10 11:30:24,627 - task_manager - INFO - Document processor worker started
2025-04-10 11:30:24,628 - task_manager - INFO - Embedding worker started
2025-04-10 11:30:24,628 - task_manager - INFO - Task Manager started
2025-04-10 11:30:24,628 - app.main - INFO - 应用启动完成，默认管理员账号已处理，任务管理器已启动
2025-04-10 11:30:26,735 - app.main - INFO - 关闭应用
2025-04-10 11:30:27,245 - app.main - INFO - 启动应用
2025-04-10 11:30:27,245 - app.main - INFO - 上传目录已存在: E:\Work\ai-assistance\backend\uploads
2025-04-10 11:30:27,245 - app.main - INFO - 文档目录已存在: E:\Work\ai-assistance\backend\uploads\documents
2025-04-10 11:30:27,246 - app.main - INFO - 嵌入目录已存在: E:\Work\ai-assistance\backend\uploads\embeddings
2025-04-10 11:30:27,252 - task_manager - INFO - Document processor worker started
2025-04-10 11:30:27,252 - task_manager - INFO - Embedding worker started
2025-04-10 11:30:27,252 - task_manager - INFO - Task Manager started
2025-04-10 11:30:27,252 - app.main - INFO - 应用启动完成，默认管理员账号已处理，任务管理器已启动
2025-04-10 11:31:55,423 - app.main - INFO - 关闭应用
2025-04-10 11:32:03,359 - app.main - INFO - 启动应用
2025-04-10 11:32:03,360 - app.main - INFO - 上传目录已存在: E:\Work\ai-assistance\backend\uploads
2025-04-10 11:32:03,360 - app.main - INFO - 文档目录已存在: E:\Work\ai-assistance\backend\uploads\documents
2025-04-10 11:32:03,360 - app.main - INFO - 嵌入目录已存在: E:\Work\ai-assistance\backend\uploads\embeddings
2025-04-10 11:32:03,366 - task_manager - INFO - Document processor worker started
2025-04-10 11:32:03,366 - task_manager - INFO - Embedding worker started
2025-04-10 11:32:03,366 - task_manager - INFO - Task Manager started
2025-04-10 11:32:03,366 - app.main - INFO - 应用启动完成，默认管理员账号已处理，任务管理器已启动
2025-04-10 11:32:27,049 - api.ai_dialog - INFO - 获取用户对话: user_id=anonymous-user, model_type=deepseek, 对话数量=1
2025-04-10 11:32:27,053 - api.ai_dialog - INFO - 获取用户对话: user_id=anonymous-user, model_type=deepseek, 对话数量=1
2025-04-10 11:32:27,056 - api.ai_dialog - INFO - 获取用户对话: user_id=anonymous-user, model_type=ai_xiaorong, 对话数量=2
2025-04-10 11:32:27,059 - api.ai_dialog - INFO - 获取用户对话: user_id=anonymous-user, model_type=ai_xiaorong, 对话数量=2
2025-04-10 11:32:27,063 - api.ai_dialog - INFO - 获取用户对话: user_id=anonymous-user, model_type=ai_xiaomi, 对话数量=0
2025-04-10 11:32:27,064 - api.ai_dialog - INFO - 获取用户对话: user_id=anonymous-user, model_type=ai_xiaomi, 对话数量=0
2025-04-10 11:36:25,533 - app.main - INFO - 关闭应用
2025-04-10 11:36:29,326 - app.main - INFO - 启动应用
2025-04-10 11:36:29,326 - app.main - INFO - 上传目录已存在: E:\Work\ai-assistance\backend\uploads
2025-04-10 11:36:29,326 - app.main - INFO - 文档目录已存在: E:\Work\ai-assistance\backend\uploads\documents
2025-04-10 11:36:29,327 - app.main - INFO - 嵌入目录已存在: E:\Work\ai-assistance\backend\uploads\embeddings
2025-04-10 11:36:29,332 - task_manager - INFO - Document processor worker started
2025-04-10 11:36:29,333 - task_manager - INFO - Embedding worker started
2025-04-10 11:36:29,333 - task_manager - INFO - Task Manager started
2025-04-10 11:36:29,333 - app.main - INFO - 应用启动完成，默认管理员账号已处理，任务管理器已启动
2025-04-10 11:36:38,639 - api.ai_dialog - INFO - 获取用户对话: user_id=anonymous-user, model_type=deepseek, 对话数量=1
2025-04-10 11:36:38,645 - api.ai_dialog - INFO - 获取用户对话: user_id=anonymous-user, model_type=deepseek, 对话数量=1
2025-04-10 11:36:38,648 - api.ai_dialog - INFO - 获取用户对话: user_id=anonymous-user, model_type=ai_xiaorong, 对话数量=2
2025-04-10 11:36:38,651 - api.ai_dialog - INFO - 获取用户对话: user_id=anonymous-user, model_type=ai_xiaorong, 对话数量=2
2025-04-10 11:36:38,655 - api.ai_dialog - INFO - 获取用户对话: user_id=anonymous-user, model_type=ai_xiaomi, 对话数量=0
2025-04-10 11:36:38,657 - api.ai_dialog - INFO - 获取用户对话: user_id=anonymous-user, model_type=ai_xiaomi, 对话数量=0
2025-04-10 11:37:52,040 - app.main - INFO - 关闭应用
2025-04-10 11:40:49,136 - app.main - INFO - 启动应用
2025-04-10 11:40:49,136 - app.main - INFO - 上传目录已存在: E:\Work\ai-assistance\backend\uploads
2025-04-10 11:40:49,136 - app.main - INFO - 文档目录已存在: E:\Work\ai-assistance\backend\uploads\documents
2025-04-10 11:40:49,136 - app.main - INFO - 嵌入目录已存在: E:\Work\ai-assistance\backend\uploads\embeddings
2025-04-10 11:40:49,142 - task_manager - INFO - Document processor worker started
2025-04-10 11:40:49,142 - task_manager - INFO - Embedding worker started
2025-04-10 11:40:49,142 - task_manager - INFO - Task Manager started
2025-04-10 11:40:49,143 - app.main - INFO - 应用启动完成，默认管理员账号已处理，任务管理器已启动
2025-04-10 11:41:02,681 - api.ai_dialog - INFO - 获取用户对话: user_id=anonymous-user, model_type=deepseek, 对话数量=1
2025-04-10 11:41:02,685 - api.ai_dialog - INFO - 获取用户对话: user_id=anonymous-user, model_type=deepseek, 对话数量=1
2025-04-10 11:41:02,686 - api.ai_dialog - INFO - 获取用户对话: user_id=anonymous-user, model_type=ai_xiaorong, 对话数量=2
2025-04-10 11:41:02,689 - api.ai_dialog - INFO - 获取用户对话: user_id=anonymous-user, model_type=ai_xiaorong, 对话数量=2
2025-04-10 11:41:02,692 - api.ai_dialog - INFO - 获取用户对话: user_id=anonymous-user, model_type=ai_xiaomi, 对话数量=0
2025-04-10 11:41:02,694 - api.ai_dialog - INFO - 获取用户对话: user_id=anonymous-user, model_type=ai_xiaomi, 对话数量=0
2025-04-10 11:42:39,976 - app.main - INFO - 关闭应用
2025-04-10 11:42:40,503 - app.main - INFO - 启动应用
2025-04-10 11:42:40,503 - app.main - INFO - 上传目录已存在: E:\Work\ai-assistance\backend\uploads
2025-04-10 11:42:40,503 - app.main - INFO - 文档目录已存在: E:\Work\ai-assistance\backend\uploads\documents
2025-04-10 11:42:40,504 - app.main - INFO - 嵌入目录已存在: E:\Work\ai-assistance\backend\uploads\embeddings
2025-04-10 11:42:40,509 - task_manager - INFO - Document processor worker started
2025-04-10 11:42:40,510 - task_manager - INFO - Embedding worker started
2025-04-10 11:42:40,510 - task_manager - INFO - Task Manager started
2025-04-10 11:42:40,510 - app.main - INFO - 应用启动完成，默认管理员账号已处理，任务管理器已启动
2025-04-10 11:42:43,061 - app.main - INFO - 关闭应用
2025-04-10 11:42:43,568 - app.main - INFO - 启动应用
2025-04-10 11:42:43,568 - app.main - INFO - 上传目录已存在: E:\Work\ai-assistance\backend\uploads
2025-04-10 11:42:43,568 - app.main - INFO - 文档目录已存在: E:\Work\ai-assistance\backend\uploads\documents
2025-04-10 11:42:43,569 - app.main - INFO - 嵌入目录已存在: E:\Work\ai-assistance\backend\uploads\embeddings
2025-04-10 11:42:43,574 - task_manager - INFO - Document processor worker started
2025-04-10 11:42:43,575 - task_manager - INFO - Embedding worker started
2025-04-10 11:42:43,575 - task_manager - INFO - Task Manager started
2025-04-10 11:42:43,575 - app.main - INFO - 应用启动完成，默认管理员账号已处理，任务管理器已启动
2025-04-10 11:43:59,437 - app.main - INFO - 关闭应用
2025-04-10 11:43:59,973 - app.main - INFO - 启动应用
2025-04-10 11:43:59,974 - app.main - INFO - 上传目录已存在: E:\Work\ai-assistance\backend\uploads
2025-04-10 11:43:59,974 - app.main - INFO - 文档目录已存在: E:\Work\ai-assistance\backend\uploads\documents
2025-04-10 11:43:59,974 - app.main - INFO - 嵌入目录已存在: E:\Work\ai-assistance\backend\uploads\embeddings
2025-04-10 11:43:59,980 - task_manager - INFO - Document processor worker started
2025-04-10 11:43:59,980 - task_manager - INFO - Embedding worker started
2025-04-10 11:43:59,980 - task_manager - INFO - Task Manager started
2025-04-10 11:43:59,981 - app.main - INFO - 应用启动完成，默认管理员账号已处理，任务管理器已启动
2025-04-10 11:44:03,640 - app.main - INFO - 关闭应用
2025-04-10 11:44:04,159 - app.main - INFO - 启动应用
2025-04-10 11:44:04,159 - app.main - INFO - 上传目录已存在: E:\Work\ai-assistance\backend\uploads
2025-04-10 11:44:04,160 - app.main - INFO - 文档目录已存在: E:\Work\ai-assistance\backend\uploads\documents
2025-04-10 11:44:04,160 - app.main - INFO - 嵌入目录已存在: E:\Work\ai-assistance\backend\uploads\embeddings
2025-04-10 11:44:04,167 - task_manager - INFO - Document processor worker started
2025-04-10 11:44:04,168 - task_manager - INFO - Embedding worker started
2025-04-10 11:44:04,168 - task_manager - INFO - Task Manager started
2025-04-10 11:44:04,168 - app.main - INFO - 应用启动完成，默认管理员账号已处理，任务管理器已启动
2025-04-10 11:45:29,109 - app.main - INFO - 关闭应用
2025-04-10 11:45:32,885 - app.main - INFO - 启动应用
2025-04-10 11:45:32,886 - app.main - INFO - 上传目录已存在: E:\Work\ai-assistance\backend\uploads
2025-04-10 11:45:32,886 - app.main - INFO - 文档目录已存在: E:\Work\ai-assistance\backend\uploads\documents
2025-04-10 11:45:32,886 - app.main - INFO - 嵌入目录已存在: E:\Work\ai-assistance\backend\uploads\embeddings
2025-04-10 11:45:32,893 - task_manager - INFO - Document processor worker started
2025-04-10 11:45:32,893 - task_manager - INFO - Embedding worker started
2025-04-10 11:45:32,893 - task_manager - INFO - Task Manager started
2025-04-10 11:45:32,894 - app.main - INFO - 应用启动完成，默认管理员账号已处理，任务管理器已启动
2025-04-10 11:45:44,455 - api.ai_dialog - INFO - 获取用户对话: user_id=anonymous-user, model_type=deepseek, 对话数量=1
2025-04-10 11:45:44,459 - api.ai_dialog - INFO - 获取用户对话: user_id=anonymous-user, model_type=deepseek, 对话数量=1
2025-04-10 11:45:44,463 - api.ai_dialog - INFO - 获取用户对话: user_id=anonymous-user, model_type=ai_xiaorong, 对话数量=2
2025-04-10 11:45:44,465 - api.ai_dialog - INFO - 获取用户对话: user_id=anonymous-user, model_type=ai_xiaorong, 对话数量=2
2025-04-10 11:45:44,467 - api.ai_dialog - INFO - 获取用户对话: user_id=anonymous-user, model_type=ai_xiaomi, 对话数量=0
2025-04-10 11:45:44,469 - api.ai_dialog - INFO - 获取用户对话: user_id=anonymous-user, model_type=ai_xiaomi, 对话数量=0
2025-04-10 11:46:22,335 - app.main - INFO - 关闭应用
2025-04-10 11:46:22,840 - app.main - INFO - 启动应用
2025-04-10 11:46:22,840 - app.main - INFO - 上传目录已存在: E:\Work\ai-assistance\backend\uploads
2025-04-10 11:46:22,840 - app.main - INFO - 文档目录已存在: E:\Work\ai-assistance\backend\uploads\documents
2025-04-10 11:46:22,840 - app.main - INFO - 嵌入目录已存在: E:\Work\ai-assistance\backend\uploads\embeddings
2025-04-10 11:46:22,849 - task_manager - INFO - Document processor worker started
2025-04-10 11:46:22,849 - task_manager - INFO - Embedding worker started
2025-04-10 11:46:22,849 - task_manager - INFO - Task Manager started
2025-04-10 11:46:22,849 - app.main - INFO - 应用启动完成，默认管理员账号已处理，任务管理器已启动
2025-04-10 11:46:23,394 - app.main - INFO - 关闭应用
2025-04-10 11:46:23,913 - app.main - INFO - 启动应用
2025-04-10 11:46:23,913 - app.main - INFO - 上传目录已存在: E:\Work\ai-assistance\backend\uploads
2025-04-10 11:46:23,913 - app.main - INFO - 文档目录已存在: E:\Work\ai-assistance\backend\uploads\documents
2025-04-10 11:46:23,913 - app.main - INFO - 嵌入目录已存在: E:\Work\ai-assistance\backend\uploads\embeddings
2025-04-10 11:46:23,920 - task_manager - INFO - Document processor worker started
2025-04-10 11:46:23,921 - task_manager - INFO - Embedding worker started
2025-04-10 11:46:23,921 - task_manager - INFO - Task Manager started
2025-04-10 11:46:23,921 - app.main - INFO - 应用启动完成，默认管理员账号已处理，任务管理器已启动
2025-04-10 11:46:24,471 - app.main - INFO - 关闭应用
2025-04-10 11:46:24,985 - app.main - INFO - 启动应用
2025-04-10 11:46:24,986 - app.main - INFO - 上传目录已存在: E:\Work\ai-assistance\backend\uploads
2025-04-10 11:46:24,986 - app.main - INFO - 文档目录已存在: E:\Work\ai-assistance\backend\uploads\documents
2025-04-10 11:46:24,986 - app.main - INFO - 嵌入目录已存在: E:\Work\ai-assistance\backend\uploads\embeddings
2025-04-10 11:46:24,992 - task_manager - INFO - Document processor worker started
2025-04-10 11:46:24,992 - task_manager - INFO - Embedding worker started
2025-04-10 11:46:24,992 - task_manager - INFO - Task Manager started
2025-04-10 11:46:24,993 - app.main - INFO - 应用启动完成，默认管理员账号已处理，任务管理器已启动
2025-04-10 11:46:25,754 - app.main - INFO - 关闭应用
2025-04-10 11:46:26,264 - app.main - INFO - 启动应用
2025-04-10 11:46:26,264 - app.main - INFO - 上传目录已存在: E:\Work\ai-assistance\backend\uploads
2025-04-10 11:46:26,264 - app.main - INFO - 文档目录已存在: E:\Work\ai-assistance\backend\uploads\documents
2025-04-10 11:46:26,264 - app.main - INFO - 嵌入目录已存在: E:\Work\ai-assistance\backend\uploads\embeddings
2025-04-10 11:46:26,270 - task_manager - INFO - Document processor worker started
2025-04-10 11:46:26,270 - task_manager - INFO - Embedding worker started
2025-04-10 11:46:26,270 - task_manager - INFO - Task Manager started
2025-04-10 11:46:26,270 - app.main - INFO - 应用启动完成，默认管理员账号已处理，任务管理器已启动
2025-04-10 11:46:26,491 - app.main - INFO - 关闭应用
2025-04-10 11:46:26,996 - app.main - INFO - 启动应用
2025-04-10 11:46:26,996 - app.main - INFO - 上传目录已存在: E:\Work\ai-assistance\backend\uploads
2025-04-10 11:46:26,997 - app.main - INFO - 文档目录已存在: E:\Work\ai-assistance\backend\uploads\documents
2025-04-10 11:46:26,997 - app.main - INFO - 嵌入目录已存在: E:\Work\ai-assistance\backend\uploads\embeddings
2025-04-10 11:46:27,005 - task_manager - INFO - Document processor worker started
2025-04-10 11:46:27,005 - task_manager - INFO - Embedding worker started
2025-04-10 11:46:27,006 - task_manager - INFO - Task Manager started
2025-04-10 11:46:27,006 - app.main - INFO - 应用启动完成，默认管理员账号已处理，任务管理器已启动
2025-04-10 11:46:27,551 - app.main - INFO - 关闭应用
2025-04-10 11:46:28,043 - app.main - INFO - 启动应用
2025-04-10 11:46:28,044 - app.main - INFO - 上传目录已存在: E:\Work\ai-assistance\backend\uploads
2025-04-10 11:46:28,044 - app.main - INFO - 文档目录已存在: E:\Work\ai-assistance\backend\uploads\documents
2025-04-10 11:46:28,044 - app.main - INFO - 嵌入目录已存在: E:\Work\ai-assistance\backend\uploads\embeddings
2025-04-10 11:46:28,051 - task_manager - INFO - Document processor worker started
2025-04-10 11:46:28,052 - task_manager - INFO - Embedding worker started
2025-04-10 11:46:28,052 - task_manager - INFO - Task Manager started
2025-04-10 11:46:28,052 - app.main - INFO - 应用启动完成，默认管理员账号已处理，任务管理器已启动
2025-04-10 11:47:24,936 - app.main - INFO - 关闭应用
2025-04-10 11:47:25,438 - app.main - INFO - 启动应用
2025-04-10 11:47:25,438 - app.main - INFO - 上传目录已存在: E:\Work\ai-assistance\backend\uploads
2025-04-10 11:47:25,439 - app.main - INFO - 文档目录已存在: E:\Work\ai-assistance\backend\uploads\documents
2025-04-10 11:47:25,439 - app.main - INFO - 嵌入目录已存在: E:\Work\ai-assistance\backend\uploads\embeddings
2025-04-10 11:47:25,444 - task_manager - INFO - Document processor worker started
2025-04-10 11:47:25,445 - task_manager - INFO - Embedding worker started
2025-04-10 11:47:25,445 - task_manager - INFO - Task Manager started
2025-04-10 11:47:25,445 - app.main - INFO - 应用启动完成，默认管理员账号已处理，任务管理器已启动
2025-04-10 11:47:28,756 - app.main - INFO - 关闭应用
2025-04-10 11:47:29,266 - app.main - INFO - 启动应用
2025-04-10 11:47:29,267 - app.main - INFO - 上传目录已存在: E:\Work\ai-assistance\backend\uploads
2025-04-10 11:47:29,267 - app.main - INFO - 文档目录已存在: E:\Work\ai-assistance\backend\uploads\documents
2025-04-10 11:47:29,267 - app.main - INFO - 嵌入目录已存在: E:\Work\ai-assistance\backend\uploads\embeddings
2025-04-10 11:47:29,273 - task_manager - INFO - Document processor worker started
2025-04-10 11:47:29,274 - task_manager - INFO - Embedding worker started
2025-04-10 11:47:29,274 - task_manager - INFO - Task Manager started
2025-04-10 11:47:29,274 - app.main - INFO - 应用启动完成，默认管理员账号已处理，任务管理器已启动
2025-04-10 11:47:29,819 - app.main - INFO - 关闭应用
2025-04-10 11:47:30,323 - app.main - INFO - 启动应用
2025-04-10 11:47:30,323 - app.main - INFO - 上传目录已存在: E:\Work\ai-assistance\backend\uploads
2025-04-10 11:47:30,323 - app.main - INFO - 文档目录已存在: E:\Work\ai-assistance\backend\uploads\documents
2025-04-10 11:47:30,323 - app.main - INFO - 嵌入目录已存在: E:\Work\ai-assistance\backend\uploads\embeddings
2025-04-10 11:47:30,329 - task_manager - INFO - Document processor worker started
2025-04-10 11:47:30,329 - task_manager - INFO - Embedding worker started
2025-04-10 11:47:30,330 - task_manager - INFO - Task Manager started
2025-04-10 11:47:30,330 - app.main - INFO - 应用启动完成，默认管理员账号已处理，任务管理器已启动
2025-04-10 11:48:28,175 - app.main - INFO - 关闭应用
2025-04-10 11:48:28,689 - app.main - INFO - 启动应用
2025-04-10 11:48:28,689 - app.main - INFO - 上传目录已存在: E:\Work\ai-assistance\backend\uploads
2025-04-10 11:48:28,689 - app.main - INFO - 文档目录已存在: E:\Work\ai-assistance\backend\uploads\documents
2025-04-10 11:48:28,689 - app.main - INFO - 嵌入目录已存在: E:\Work\ai-assistance\backend\uploads\embeddings
2025-04-10 11:48:28,695 - task_manager - INFO - Document processor worker started
2025-04-10 11:48:28,696 - task_manager - INFO - Embedding worker started
2025-04-10 11:48:28,696 - task_manager - INFO - Task Manager started
2025-04-10 11:48:28,696 - app.main - INFO - 应用启动完成，默认管理员账号已处理，任务管理器已启动
2025-04-10 11:48:32,141 - app.main - INFO - 关闭应用
2025-04-10 15:10:45,953 - app.main - INFO - 启动应用
2025-04-10 15:10:45,953 - app.main - INFO - 上传目录已存在: E:\Work\ai-assistance\backend\uploads
2025-04-10 15:10:45,954 - app.main - INFO - 文档目录已存在: E:\Work\ai-assistance\backend\uploads\documents
2025-04-10 15:10:45,954 - app.main - INFO - 嵌入目录已存在: E:\Work\ai-assistance\backend\uploads\embeddings
2025-04-10 15:10:45,961 - task_manager - INFO - Document processor worker started
2025-04-10 15:10:45,962 - task_manager - INFO - Embedding worker started
2025-04-10 15:10:45,962 - task_manager - INFO - Task Manager started
2025-04-10 15:10:45,962 - app.main - INFO - 应用启动完成，默认管理员账号已处理，任务管理器已启动
2025-04-10 15:10:53,202 - api.ai_dialog - INFO - 获取用户对话: user_id=anonymous-user, model_type=deepseek, 对话数量=1
2025-04-10 15:10:53,205 - api.ai_dialog - INFO - 获取用户对话: user_id=anonymous-user, model_type=deepseek, 对话数量=1
2025-04-10 15:10:53,207 - api.ai_dialog - INFO - 获取用户对话: user_id=anonymous-user, model_type=ai_xiaorong, 对话数量=2
2025-04-10 15:10:53,209 - api.ai_dialog - INFO - 获取用户对话: user_id=anonymous-user, model_type=ai_xiaorong, 对话数量=2
2025-04-10 15:10:53,212 - api.ai_dialog - INFO - 获取用户对话: user_id=anonymous-user, model_type=ai_xiaomi, 对话数量=0
2025-04-10 15:10:53,214 - api.ai_dialog - INFO - 获取用户对话: user_id=anonymous-user, model_type=ai_xiaomi, 对话数量=0
2025-04-10 15:11:22,615 - app.main - INFO - 关闭应用
2025-04-11 08:19:26,977 - app.main - INFO - 启动应用
2025-04-11 08:19:26,977 - app.main - INFO - 上传目录已存在: E:\Work\ai-assistance\backend\uploads
2025-04-11 08:19:26,977 - app.main - INFO - 文档目录已存在: E:\Work\ai-assistance\backend\uploads\documents
2025-04-11 08:19:26,977 - app.main - INFO - 嵌入目录已存在: E:\Work\ai-assistance\backend\uploads\embeddings
2025-04-11 08:19:26,986 - task_manager - INFO - Document processor worker started
2025-04-11 08:19:26,986 - task_manager - INFO - Embedding worker started
2025-04-11 08:19:26,986 - task_manager - INFO - Task Manager started
2025-04-11 08:19:26,986 - app.main - INFO - 应用启动完成，默认管理员账号已处理，任务管理器已启动
2025-04-11 08:19:43,220 - api.ai_dialog - INFO - 获取用户对话: user_id=anonymous-user, model_type=deepseek, 对话数量=1
2025-04-11 08:19:43,226 - api.ai_dialog - INFO - 获取用户对话: user_id=anonymous-user, model_type=deepseek, 对话数量=1
2025-04-11 08:19:43,228 - api.ai_dialog - INFO - 获取用户对话: user_id=anonymous-user, model_type=ai_xiaorong, 对话数量=2
2025-04-11 08:19:43,231 - api.ai_dialog - INFO - 获取用户对话: user_id=anonymous-user, model_type=ai_xiaorong, 对话数量=2
2025-04-11 08:19:43,234 - api.ai_dialog - INFO - 获取用户对话: user_id=anonymous-user, model_type=ai_xiaomi, 对话数量=0
2025-04-11 08:19:43,236 - api.ai_dialog - INFO - 获取用户对话: user_id=anonymous-user, model_type=ai_xiaomi, 对话数量=0
2025-04-11 08:22:42,812 - app.main - INFO - 关闭应用
2025-04-11 08:22:43,319 - app.main - INFO - 启动应用
2025-04-11 08:22:43,319 - app.main - INFO - 上传目录已存在: E:\Work\ai-assistance\backend\uploads
2025-04-11 08:22:43,319 - app.main - INFO - 文档目录已存在: E:\Work\ai-assistance\backend\uploads\documents
2025-04-11 08:22:43,319 - app.main - INFO - 嵌入目录已存在: E:\Work\ai-assistance\backend\uploads\embeddings
2025-04-11 08:22:43,328 - task_manager - INFO - Document processor worker started
2025-04-11 08:22:43,328 - task_manager - INFO - Embedding worker started
2025-04-11 08:22:43,328 - task_manager - INFO - Task Manager started
2025-04-11 08:22:43,328 - app.main - INFO - 应用启动完成，默认管理员账号已处理，任务管理器已启动
2025-04-11 08:22:44,878 - app.main - INFO - 关闭应用
2025-04-11 08:22:45,389 - app.main - INFO - 启动应用
2025-04-11 08:22:45,390 - app.main - INFO - 上传目录已存在: E:\Work\ai-assistance\backend\uploads
2025-04-11 08:22:45,390 - app.main - INFO - 文档目录已存在: E:\Work\ai-assistance\backend\uploads\documents
2025-04-11 08:22:45,390 - app.main - INFO - 嵌入目录已存在: E:\Work\ai-assistance\backend\uploads\embeddings
2025-04-11 08:22:45,398 - task_manager - INFO - Document processor worker started
2025-04-11 08:22:45,398 - task_manager - INFO - Embedding worker started
2025-04-11 08:22:45,398 - task_manager - INFO - Task Manager started
2025-04-11 08:22:45,399 - app.main - INFO - 应用启动完成，默认管理员账号已处理，任务管理器已启动
2025-04-11 08:30:00,778 - app.main - INFO - 关闭应用
2025-04-11 08:30:03,858 - app.main - INFO - 启动应用
2025-04-11 08:30:03,858 - app.main - INFO - 上传目录已存在: E:\Work\ai-assistance\backend\uploads
2025-04-11 08:30:03,859 - app.main - INFO - 文档目录已存在: E:\Work\ai-assistance\backend\uploads\documents
2025-04-11 08:30:03,859 - app.main - INFO - 嵌入目录已存在: E:\Work\ai-assistance\backend\uploads\embeddings
2025-04-11 08:30:03,866 - task_manager - INFO - Document processor worker started
2025-04-11 08:30:03,867 - task_manager - INFO - Embedding worker started
2025-04-11 08:30:03,867 - task_manager - INFO - Task Manager started
2025-04-11 08:30:03,867 - app.main - INFO - 应用启动完成，默认管理员账号已处理，任务管理器已启动
2025-04-11 08:30:16,154 - api.ai_dialog - INFO - 获取用户对话: user_id=anonymous-user, model_type=deepseek, 对话数量=1
2025-04-11 08:30:16,158 - api.ai_dialog - INFO - 获取用户对话: user_id=anonymous-user, model_type=deepseek, 对话数量=1
2025-04-11 08:30:16,161 - api.ai_dialog - INFO - 获取用户对话: user_id=anonymous-user, model_type=ai_xiaorong, 对话数量=2
2025-04-11 08:30:16,164 - api.ai_dialog - INFO - 获取用户对话: user_id=anonymous-user, model_type=ai_xiaorong, 对话数量=2
2025-04-11 08:30:16,166 - api.ai_dialog - INFO - 获取用户对话: user_id=anonymous-user, model_type=ai_xiaomi, 对话数量=0
2025-04-11 08:30:16,168 - api.ai_dialog - INFO - 获取用户对话: user_id=anonymous-user, model_type=ai_xiaomi, 对话数量=0
2025-04-11 08:36:23,457 - api.ai_dialog - INFO - 获取用户对话: user_id=anonymous-user, model_type=deepseek, 对话数量=1
2025-04-11 08:36:23,460 - api.ai_dialog - INFO - 获取用户对话: user_id=anonymous-user, model_type=deepseek, 对话数量=1
2025-04-11 08:36:23,462 - api.ai_dialog - INFO - 获取用户对话: user_id=anonymous-user, model_type=ai_xiaorong, 对话数量=2
2025-04-11 08:36:23,466 - api.ai_dialog - INFO - 获取用户对话: user_id=anonymous-user, model_type=ai_xiaorong, 对话数量=2
2025-04-11 08:36:23,470 - api.ai_dialog - INFO - 获取用户对话: user_id=anonymous-user, model_type=ai_xiaomi, 对话数量=0
2025-04-11 08:36:23,472 - api.ai_dialog - INFO - 获取用户对话: user_id=anonymous-user, model_type=ai_xiaomi, 对话数量=0
2025-04-11 08:46:32,555 - app.main - INFO - 关闭应用
2025-04-11 08:46:33,111 - app.main - INFO - 启动应用
2025-04-11 08:46:33,111 - app.main - INFO - 上传目录已存在: E:\Work\ai-assistance\backend\uploads
2025-04-11 08:46:33,111 - app.main - INFO - 文档目录已存在: E:\Work\ai-assistance\backend\uploads\documents
2025-04-11 08:46:33,111 - app.main - INFO - 嵌入目录已存在: E:\Work\ai-assistance\backend\uploads\embeddings
2025-04-11 08:46:33,119 - task_manager - INFO - Document processor worker started
2025-04-11 08:46:33,119 - task_manager - INFO - Embedding worker started
2025-04-11 08:46:33,119 - task_manager - INFO - Task Manager started
2025-04-11 08:46:33,119 - app.main - INFO - 应用启动完成，默认管理员账号已处理，任务管理器已启动
2025-04-11 08:46:33,344 - app.main - INFO - 关闭应用
2025-04-11 08:46:33,869 - app.main - INFO - 启动应用
2025-04-11 08:46:33,869 - app.main - INFO - 上传目录已存在: E:\Work\ai-assistance\backend\uploads
2025-04-11 08:46:33,869 - app.main - INFO - 文档目录已存在: E:\Work\ai-assistance\backend\uploads\documents
2025-04-11 08:46:33,869 - app.main - INFO - 嵌入目录已存在: E:\Work\ai-assistance\backend\uploads\embeddings
2025-04-11 08:46:33,877 - task_manager - INFO - Document processor worker started
2025-04-11 08:46:33,878 - task_manager - INFO - Embedding worker started
2025-04-11 08:46:33,878 - task_manager - INFO - Task Manager started
2025-04-11 08:46:33,878 - app.main - INFO - 应用启动完成，默认管理员账号已处理，任务管理器已启动
2025-04-11 08:46:34,433 - app.main - INFO - 关闭应用
2025-04-11 08:46:34,951 - app.main - INFO - 启动应用
2025-04-11 08:46:34,951 - app.main - INFO - 上传目录已存在: E:\Work\ai-assistance\backend\uploads
2025-04-11 08:46:34,951 - app.main - INFO - 文档目录已存在: E:\Work\ai-assistance\backend\uploads\documents
2025-04-11 08:46:34,951 - app.main - INFO - 嵌入目录已存在: E:\Work\ai-assistance\backend\uploads\embeddings
2025-04-11 08:46:34,957 - task_manager - INFO - Document processor worker started
2025-04-11 08:46:34,958 - task_manager - INFO - Embedding worker started
2025-04-11 08:46:34,958 - task_manager - INFO - Task Manager started
2025-04-11 08:46:34,958 - app.main - INFO - 应用启动完成，默认管理员账号已处理，任务管理器已启动
2025-04-11 08:46:35,511 - app.main - INFO - 关闭应用
2025-04-11 08:46:36,018 - app.main - INFO - 启动应用
2025-04-11 08:46:36,019 - app.main - INFO - 上传目录已存在: E:\Work\ai-assistance\backend\uploads
2025-04-11 08:46:36,019 - app.main - INFO - 文档目录已存在: E:\Work\ai-assistance\backend\uploads\documents
2025-04-11 08:46:36,019 - app.main - INFO - 嵌入目录已存在: E:\Work\ai-assistance\backend\uploads\embeddings
2025-04-11 08:46:36,025 - task_manager - INFO - Document processor worker started
2025-04-11 08:46:36,025 - task_manager - INFO - Embedding worker started
2025-04-11 08:46:36,025 - task_manager - INFO - Task Manager started
2025-04-11 08:46:36,026 - app.main - INFO - 应用启动完成，默认管理员账号已处理，任务管理器已启动
2025-04-11 08:46:36,571 - app.main - INFO - 关闭应用
2025-04-11 08:46:37,100 - app.main - INFO - 启动应用
2025-04-11 08:46:37,100 - app.main - INFO - 上传目录已存在: E:\Work\ai-assistance\backend\uploads
2025-04-11 08:46:37,100 - app.main - INFO - 文档目录已存在: E:\Work\ai-assistance\backend\uploads\documents
2025-04-11 08:46:37,100 - app.main - INFO - 嵌入目录已存在: E:\Work\ai-assistance\backend\uploads\embeddings
2025-04-11 08:46:37,108 - task_manager - INFO - Document processor worker started
2025-04-11 08:46:37,108 - task_manager - INFO - Embedding worker started
2025-04-11 08:46:37,108 - task_manager - INFO - Task Manager started
2025-04-11 08:46:37,108 - app.main - INFO - 应用启动完成，默认管理员账号已处理，任务管理器已启动
2025-04-11 08:48:55,009 - app.main - INFO - 关闭应用
2025-04-11 08:48:55,562 - app.main - INFO - 启动应用
2025-04-11 08:48:55,562 - app.main - INFO - 上传目录已存在: E:\Work\ai-assistance\backend\uploads
2025-04-11 08:48:55,563 - app.main - INFO - 文档目录已存在: E:\Work\ai-assistance\backend\uploads\documents
2025-04-11 08:48:55,563 - app.main - INFO - 嵌入目录已存在: E:\Work\ai-assistance\backend\uploads\embeddings
2025-04-11 08:48:55,571 - task_manager - INFO - Document processor worker started
2025-04-11 08:48:55,571 - task_manager - INFO - Embedding worker started
2025-04-11 08:48:55,571 - task_manager - INFO - Task Manager started
2025-04-11 08:48:55,572 - app.main - INFO - 应用启动完成，默认管理员账号已处理，任务管理器已启动
2025-04-11 08:48:55,784 - app.main - INFO - 关闭应用
2025-04-11 08:48:56,297 - app.main - INFO - 启动应用
2025-04-11 08:48:56,297 - app.main - INFO - 上传目录已存在: E:\Work\ai-assistance\backend\uploads
2025-04-11 08:48:56,297 - app.main - INFO - 文档目录已存在: E:\Work\ai-assistance\backend\uploads\documents
2025-04-11 08:48:56,298 - app.main - INFO - 嵌入目录已存在: E:\Work\ai-assistance\backend\uploads\embeddings
2025-04-11 08:48:56,305 - task_manager - INFO - Document processor worker started
2025-04-11 08:48:56,305 - task_manager - INFO - Embedding worker started
2025-04-11 08:48:56,305 - task_manager - INFO - Task Manager started
2025-04-11 08:48:56,305 - app.main - INFO - 应用启动完成，默认管理员账号已处理，任务管理器已启动
2025-04-11 08:48:56,858 - app.main - INFO - 关闭应用
2025-04-11 08:48:57,377 - app.main - INFO - 启动应用
2025-04-11 08:48:57,377 - app.main - INFO - 上传目录已存在: E:\Work\ai-assistance\backend\uploads
2025-04-11 08:48:57,378 - app.main - INFO - 文档目录已存在: E:\Work\ai-assistance\backend\uploads\documents
2025-04-11 08:48:57,378 - app.main - INFO - 嵌入目录已存在: E:\Work\ai-assistance\backend\uploads\embeddings
2025-04-11 08:48:57,384 - task_manager - INFO - Document processor worker started
2025-04-11 08:48:57,384 - task_manager - INFO - Embedding worker started
2025-04-11 08:48:57,384 - task_manager - INFO - Task Manager started
2025-04-11 08:48:57,384 - app.main - INFO - 应用启动完成，默认管理员账号已处理，任务管理器已启动
2025-04-11 08:48:57,936 - app.main - INFO - 关闭应用
2025-04-11 08:48:58,456 - app.main - INFO - 启动应用
2025-04-11 08:48:58,456 - app.main - INFO - 上传目录已存在: E:\Work\ai-assistance\backend\uploads
2025-04-11 08:48:58,456 - app.main - INFO - 文档目录已存在: E:\Work\ai-assistance\backend\uploads\documents
2025-04-11 08:48:58,456 - app.main - INFO - 嵌入目录已存在: E:\Work\ai-assistance\backend\uploads\embeddings
2025-04-11 08:48:58,462 - task_manager - INFO - Document processor worker started
2025-04-11 08:48:58,462 - task_manager - INFO - Embedding worker started
2025-04-11 08:48:58,462 - task_manager - INFO - Task Manager started
2025-04-11 08:48:58,463 - app.main - INFO - 应用启动完成，默认管理员账号已处理，任务管理器已启动
2025-04-11 08:48:59,017 - app.main - INFO - 关闭应用
2025-04-11 08:48:59,573 - app.main - INFO - 启动应用
2025-04-11 08:48:59,573 - app.main - INFO - 上传目录已存在: E:\Work\ai-assistance\backend\uploads
2025-04-11 08:48:59,573 - app.main - INFO - 文档目录已存在: E:\Work\ai-assistance\backend\uploads\documents
2025-04-11 08:48:59,573 - app.main - INFO - 嵌入目录已存在: E:\Work\ai-assistance\backend\uploads\embeddings
2025-04-11 08:48:59,581 - task_manager - INFO - Document processor worker started
2025-04-11 08:48:59,581 - task_manager - INFO - Embedding worker started
2025-04-11 08:48:59,581 - task_manager - INFO - Task Manager started
2025-04-11 08:48:59,582 - app.main - INFO - 应用启动完成，默认管理员账号已处理，任务管理器已启动
2025-04-11 08:50:13,097 - app.main - INFO - 关闭应用
2025-04-11 08:50:13,618 - app.main - INFO - 启动应用
2025-04-11 08:50:13,618 - app.main - INFO - 上传目录已存在: E:\Work\ai-assistance\backend\uploads
2025-04-11 08:50:13,618 - app.main - INFO - 文档目录已存在: E:\Work\ai-assistance\backend\uploads\documents
2025-04-11 08:50:13,618 - app.main - INFO - 嵌入目录已存在: E:\Work\ai-assistance\backend\uploads\embeddings
2025-04-11 08:50:13,626 - task_manager - INFO - Document processor worker started
2025-04-11 08:50:13,626 - task_manager - INFO - Embedding worker started
2025-04-11 08:50:13,626 - task_manager - INFO - Task Manager started
2025-04-11 08:50:13,627 - app.main - INFO - 应用启动完成，默认管理员账号已处理，任务管理器已启动
2025-04-11 08:50:14,177 - app.main - INFO - 关闭应用
2025-04-11 08:50:14,692 - app.main - INFO - 启动应用
2025-04-11 08:50:14,692 - app.main - INFO - 上传目录已存在: E:\Work\ai-assistance\backend\uploads
2025-04-11 08:50:14,692 - app.main - INFO - 文档目录已存在: E:\Work\ai-assistance\backend\uploads\documents
2025-04-11 08:50:14,692 - app.main - INFO - 嵌入目录已存在: E:\Work\ai-assistance\backend\uploads\embeddings
2025-04-11 08:50:14,700 - task_manager - INFO - Document processor worker started
2025-04-11 08:50:14,701 - task_manager - INFO - Embedding worker started
2025-04-11 08:50:14,701 - task_manager - INFO - Task Manager started
2025-04-11 08:50:14,701 - app.main - INFO - 应用启动完成，默认管理员账号已处理，任务管理器已启动
2025-04-11 08:50:15,149 - app.main - INFO - 关闭应用
2025-04-11 08:50:15,662 - app.main - INFO - 启动应用
2025-04-11 08:50:15,663 - app.main - INFO - 上传目录已存在: E:\Work\ai-assistance\backend\uploads
2025-04-11 08:50:15,663 - app.main - INFO - 文档目录已存在: E:\Work\ai-assistance\backend\uploads\documents
2025-04-11 08:50:15,663 - app.main - INFO - 嵌入目录已存在: E:\Work\ai-assistance\backend\uploads\embeddings
2025-04-11 08:50:15,669 - task_manager - INFO - Document processor worker started
2025-04-11 08:50:15,669 - task_manager - INFO - Embedding worker started
2025-04-11 08:50:15,669 - task_manager - INFO - Task Manager started
2025-04-11 08:50:15,670 - app.main - INFO - 应用启动完成，默认管理员账号已处理，任务管理器已启动
2025-04-11 08:50:16,221 - app.main - INFO - 关闭应用
2025-04-11 09:03:08,073 - app.main - INFO - 启动应用
2025-04-11 09:03:08,073 - app.main - INFO - 上传目录已存在: E:\Work\ai-assistance\backend\uploads
2025-04-11 09:03:08,073 - app.main - INFO - 文档目录已存在: E:\Work\ai-assistance\backend\uploads\documents
2025-04-11 09:03:08,073 - app.main - INFO - 嵌入目录已存在: E:\Work\ai-assistance\backend\uploads\embeddings
2025-04-11 09:03:08,081 - task_manager - INFO - Document processor worker started
2025-04-11 09:03:08,081 - task_manager - INFO - Embedding worker started
2025-04-11 09:03:08,081 - task_manager - INFO - Task Manager started
2025-04-11 09:03:08,081 - app.main - INFO - 应用启动完成，默认管理员账号已处理，任务管理器已启动
2025-04-11 09:03:57,466 - api.ai_dialog - INFO - 获取用户对话: user_id=anonymous-user, model_type=deepseek, 对话数量=1
2025-04-11 09:03:57,472 - api.ai_dialog - INFO - 获取用户对话: user_id=anonymous-user, model_type=deepseek, 对话数量=1
2025-04-11 09:03:57,474 - api.ai_dialog - INFO - 获取用户对话: user_id=anonymous-user, model_type=ai_xiaorong, 对话数量=2
2025-04-11 09:03:57,477 - api.ai_dialog - INFO - 获取用户对话: user_id=anonymous-user, model_type=ai_xiaorong, 对话数量=2
2025-04-11 09:03:57,480 - api.ai_dialog - INFO - 获取用户对话: user_id=anonymous-user, model_type=ai_xiaomi, 对话数量=0
2025-04-11 09:03:57,482 - api.ai_dialog - INFO - 获取用户对话: user_id=anonymous-user, model_type=ai_xiaomi, 对话数量=0
2025-04-11 09:14:30,409 - app.main - INFO - 关闭应用
2025-04-11 10:14:51,026 - app.main - INFO - 启动应用
2025-04-11 10:14:51,026 - app.main - INFO - 上传目录已存在: E:\Work\ai-assistance\backend\uploads
2025-04-11 10:14:51,026 - app.main - INFO - 文档目录已存在: E:\Work\ai-assistance\backend\uploads\documents
2025-04-11 10:14:51,027 - app.main - INFO - 嵌入目录已存在: E:\Work\ai-assistance\backend\uploads\embeddings
2025-04-11 10:14:51,034 - task_manager - INFO - Document processor worker started
2025-04-11 10:14:51,034 - task_manager - INFO - Embedding worker started
2025-04-11 10:14:51,034 - task_manager - INFO - Task Manager started
2025-04-11 10:14:51,034 - app.main - INFO - 应用启动完成，默认管理员账号已处理，任务管理器已启动
2025-04-11 10:32:17,235 - app.main - INFO - 关闭应用
2025-04-11 10:36:12,465 - app.main - INFO - 启动应用
2025-04-11 10:36:12,465 - app.main - INFO - 上传目录已存在: E:\Work\ai-assistance\backend\uploads
2025-04-11 10:36:12,465 - app.main - INFO - 文档目录已存在: E:\Work\ai-assistance\backend\uploads\documents
2025-04-11 10:36:12,465 - app.main - INFO - 嵌入目录已存在: E:\Work\ai-assistance\backend\uploads\embeddings
2025-04-11 10:36:12,473 - task_manager - INFO - Document processor worker started
2025-04-11 10:36:12,473 - task_manager - INFO - Embedding worker started
2025-04-11 10:36:12,473 - task_manager - INFO - Task Manager started
2025-04-11 10:36:12,474 - app.main - INFO - 应用启动完成，默认管理员账号已处理，任务管理器已启动
2025-04-11 10:36:31,962 - app.main - INFO - 关闭应用
2025-04-11 10:36:32,491 - app.main - INFO - 启动应用
2025-04-11 10:36:32,491 - app.main - INFO - 上传目录已存在: E:\Work\ai-assistance\backend\uploads
2025-04-11 10:36:32,491 - app.main - INFO - 文档目录已存在: E:\Work\ai-assistance\backend\uploads\documents
2025-04-11 10:36:32,492 - app.main - INFO - 嵌入目录已存在: E:\Work\ai-assistance\backend\uploads\embeddings
2025-04-11 10:36:32,500 - task_manager - INFO - Document processor worker started
2025-04-11 10:36:32,500 - task_manager - INFO - Embedding worker started
2025-04-11 10:36:32,500 - task_manager - INFO - Task Manager started
2025-04-11 10:36:32,501 - app.main - INFO - 应用启动完成，默认管理员账号已处理，任务管理器已启动
2025-04-11 10:36:33,046 - app.main - INFO - 关闭应用
2025-04-11 10:36:33,722 - app.main - INFO - 启动应用
2025-04-11 10:36:33,722 - app.main - INFO - 上传目录已存在: E:\Work\ai-assistance\backend\uploads
2025-04-11 10:36:33,722 - app.main - INFO - 文档目录已存在: E:\Work\ai-assistance\backend\uploads\documents
2025-04-11 10:36:33,722 - app.main - INFO - 嵌入目录已存在: E:\Work\ai-assistance\backend\uploads\embeddings
2025-04-11 10:36:33,730 - task_manager - INFO - Document processor worker started
2025-04-11 10:36:33,730 - task_manager - INFO - Embedding worker started
2025-04-11 10:36:33,730 - task_manager - INFO - Task Manager started
2025-04-11 10:36:33,730 - app.main - INFO - 应用启动完成，默认管理员账号已处理，任务管理器已启动
2025-04-11 10:36:34,171 - app.main - INFO - 关闭应用
2025-04-11 10:36:34,683 - app.main - INFO - 启动应用
2025-04-11 10:36:34,683 - app.main - INFO - 上传目录已存在: E:\Work\ai-assistance\backend\uploads
2025-04-11 10:36:34,684 - app.main - INFO - 文档目录已存在: E:\Work\ai-assistance\backend\uploads\documents
2025-04-11 10:36:34,684 - app.main - INFO - 嵌入目录已存在: E:\Work\ai-assistance\backend\uploads\embeddings
2025-04-11 10:36:34,689 - task_manager - INFO - Document processor worker started
2025-04-11 10:36:34,690 - task_manager - INFO - Embedding worker started
2025-04-11 10:36:34,690 - task_manager - INFO - Task Manager started
2025-04-11 10:36:34,690 - app.main - INFO - 应用启动完成，默认管理员账号已处理，任务管理器已启动
2025-04-11 10:36:35,237 - app.main - INFO - 关闭应用
2025-04-11 10:36:35,726 - app.main - INFO - 启动应用
2025-04-11 10:36:35,727 - app.main - INFO - 上传目录已存在: E:\Work\ai-assistance\backend\uploads
2025-04-11 10:36:35,727 - app.main - INFO - 文档目录已存在: E:\Work\ai-assistance\backend\uploads\documents
2025-04-11 10:36:35,727 - app.main - INFO - 嵌入目录已存在: E:\Work\ai-assistance\backend\uploads\embeddings
2025-04-11 10:36:35,733 - task_manager - INFO - Document processor worker started
2025-04-11 10:36:35,733 - task_manager - INFO - Embedding worker started
2025-04-11 10:36:35,733 - task_manager - INFO - Task Manager started
2025-04-11 10:36:35,733 - app.main - INFO - 应用启动完成，默认管理员账号已处理，任务管理器已启动
2025-04-11 10:38:39,795 - app.main - INFO - 关闭应用
2025-04-11 10:38:40,297 - app.main - INFO - 启动应用
2025-04-11 10:38:40,297 - app.main - INFO - 上传目录已存在: E:\Work\ai-assistance\backend\uploads
2025-04-11 10:38:40,298 - app.main - INFO - 文档目录已存在: E:\Work\ai-assistance\backend\uploads\documents
2025-04-11 10:38:40,298 - app.main - INFO - 嵌入目录已存在: E:\Work\ai-assistance\backend\uploads\embeddings
2025-04-11 10:38:40,305 - task_manager - INFO - Document processor worker started
2025-04-11 10:38:40,306 - task_manager - INFO - Embedding worker started
2025-04-11 10:38:40,306 - task_manager - INFO - Task Manager started
2025-04-11 10:38:40,306 - app.main - INFO - 应用启动完成，默认管理员账号已处理，任务管理器已启动
2025-04-11 10:39:17,242 - app.main - INFO - 关闭应用
2025-04-11 10:39:21,694 - app.main - INFO - 启动应用
2025-04-11 10:39:21,694 - app.main - INFO - 上传目录已存在: E:\Work\ai-assistance\backend\uploads
2025-04-11 10:39:21,695 - app.main - INFO - 文档目录已存在: E:\Work\ai-assistance\backend\uploads\documents
2025-04-11 10:39:21,695 - app.main - INFO - 嵌入目录已存在: E:\Work\ai-assistance\backend\uploads\embeddings
2025-04-11 10:39:21,702 - task_manager - INFO - Document processor worker started
2025-04-11 10:39:21,702 - task_manager - INFO - Embedding worker started
2025-04-11 10:39:21,702 - task_manager - INFO - Task Manager started
2025-04-11 10:39:21,703 - app.main - INFO - 应用启动完成，默认管理员账号已处理，任务管理器已启动
2025-04-11 10:41:21,712 - app.main - INFO - 关闭应用
2025-04-11 10:41:25,441 - app.main - INFO - 启动应用
2025-04-11 10:41:25,442 - app.main - INFO - 上传目录已存在: E:\Work\ai-assistance\backend\uploads
2025-04-11 10:41:25,442 - app.main - INFO - 文档目录已存在: E:\Work\ai-assistance\backend\uploads\documents
2025-04-11 10:41:25,442 - app.main - INFO - 嵌入目录已存在: E:\Work\ai-assistance\backend\uploads\embeddings
2025-04-11 10:41:25,449 - task_manager - INFO - Document processor worker started
2025-04-11 10:41:25,450 - task_manager - INFO - Embedding worker started
2025-04-11 10:41:25,450 - task_manager - INFO - Task Manager started
2025-04-11 10:41:25,450 - app.main - INFO - 应用启动完成，默认管理员账号已处理，任务管理器已启动
2025-04-11 10:41:34,704 - ai_dialog_service - INFO - Initialized AI Dialog Service
2025-04-11 10:41:34,705 - deepseek_client - INFO - 初始化DeepSeek API客户端
2025-04-11 10:41:34,705 - deepseek_client - INFO - 使用API基础URL: https://api.deepseek.com
2025-04-11 10:41:34,706 - deepseek_service - INFO - DeepSeekService initialized with real API client
2025-04-11 10:41:34,746 - ai_dialog_service - INFO - 未收到消息历史，只使用当前消息
2025-04-11 10:41:34,746 - ai_dialog_service - INFO - 查询知识库: 用户=221dckf, 模型=deepseek, 查询=你好
2025-04-11 10:41:34,747 - ai_dialog_service - INFO - 没有找到可用的知识库
2025-04-11 10:41:34,747 - ai_dialog_service - INFO - 调用DeepSeek服务，对话ID: 11e3dd08-437c-42b8-8fae-f0948a9c2e70
2025-04-11 10:41:34,747 - ai_dialog_service - INFO - 发送消息历史: [{"role": "system", "content": "你是一个由DeepSeek开发的AI助手，擅长回答各种问题，请提供准确、有帮助的回答。"}, {"role": "user", "content": "你好"}]
2025-04-11 10:41:34,747 - deepseek_service - INFO - 调用DeepSeek聊天API，使用模型：deepseek-chat，消息数：2
2025-04-11 10:41:34,747 - deepseek_client - INFO - 准备调用DeepSeek API: https://api.deepseek.com/v1/chat/completions
2025-04-11 10:41:34,748 - deepseek_client - INFO - 使用模型: deepseek-chat
2025-04-11 10:41:34,748 - deepseek_client - INFO - 消息数量: 2
2025-04-11 10:41:34,748 - deepseek_client - INFO - API密钥: sk-08...44b1d
2025-04-11 10:41:34,748 - deepseek_client - INFO - 消息内容: [{"role": "system", "content": "你是一个由DeepSeek开发的AI助手，擅长回答各种问题，请提供准确、有帮助的回答。"}, {"role": "user", "content": "你好"}]
2025-04-11 10:41:34,748 - deepseek_client - INFO - 发送请求体: {"model": "deepseek-chat", "messages": [{"role": "system", "content": "你是一个由DeepSeek开发的AI助手，擅长回答各种问题，请提供准确、有帮助的回答。"}, {"role": "user", "content": "你好"}], "temperature": 0.7, "max_tokens": 2000, "stream": false}
2025-04-11 10:41:34,748 - deepseek_client - INFO - 请求URL: https://api.deepseek.com/v1/chat/completions
2025-04-11 10:41:34,749 - deepseek_client - INFO - 请求头: {"Authorization": "Bearer sk-08943f26f4374dc0b122f8ede6144b1d", "Content-Type": "application/json"}
2025-04-11 10:41:40,358 - deepseek_client - INFO - 收到响应状态码: 200
2025-04-11 10:41:40,358 - deepseek_client - INFO - 响应头: {'Date': 'Fri, 11 Apr 2025 02:41:34 GMT', 'Content-Type': 'application/json', 'Transfer-Encoding': 'chunked', 'Connection': 'keep-alive', 'Set-Cookie': 'HWWAFSESTIME=1744339291697; path=/, HWWAFSESID=71ff2721108f4ce585a; path=/', 'vary': 'origin, access-control-request-method, access-control-request-headers', 'access-control-allow-credentials': 'true', 'x-ds-trace-id': 'de13661e071eef0aa4b90c22f7d9c2a9', 'Strict-Transport-Security': 'max-age=31536000; includeSubDomains; preload', 'X-Content-Type-Options': 'nosniff', 'Content-Encoding': 'gzip', 'Server': 'elb'}
2025-04-11 10:41:40,359 - deepseek_client - INFO - 响应JSON完整内容: {"id": "f521850d-13b1-479f-999f-6dfb446401c1", "object": "chat.completion", "created": 1744339294, "model": "deepseek-chat", "choices": [{"index": 0, "message": {"role": "assistant", "content": "你好！😊 我是DeepSeek Chat，很高兴见到你！有什么我可以帮助你的吗？无论是学习、工作还是生活上的问题，都可以问我哦！✨"}, "logprobs": null, "finish_reason": "stop"}], "usage": {"prompt_tokens": 26, "completion_tokens": 35, "total_tokens": 61, "prompt_tokens_details": {"cached_tokens": 0}, "prompt_cache_hit_tokens": 0, "prompt_cache_miss_tokens": 26}, "system_fingerprint": "fp_3d5141a69a_prod0225"}
2025-04-11 10:41:40,360 - deepseek_client - INFO - 成功获取响应内容: 你好！😊 我是DeepSeek Chat，很高兴见到你！有什么我可以帮助你的吗？无论是学习、工作还是生活上的问题，都可以问我哦！✨
2025-04-11 10:41:40,360 - deepseek_service - INFO - DeepSeek API调用成功，返回内容长度：65
2025-04-11 10:41:40,360 - ai_dialog_service - INFO - DeepSeek API完整响应: {"id": "f521850d-13b1-479f-999f-6dfb446401c1", "object": "chat.completion", "created": 1744339294, "model": "deepseek-chat", "choices": [{"index": 0, "message": {"role": "assistant", "content": "你好！😊 我是DeepSeek Chat，很高兴见到你！有什么我可以帮助你的吗？无论是学习、工作还是生活上的问题，都可以问我哦！✨"}, "logprobs": null, "finish_reason": "stop"}], "usage": {"prompt_tokens": 26, "completion_tokens": 35, "total_tokens": 61, "prompt_tokens_details": {"cached_tokens": 0}, "prompt_cache_hit_tokens": 0, "prompt_cache_miss_tokens": 26}, "system_fingerprint": "fp_3d5141a69a_prod0225"}
2025-04-11 10:41:40,360 - ai_dialog_service - INFO - 从API提取到的AI回复: 你好！😊 我是DeepSeek Chat，很高兴见到你！有什么我可以帮助你的吗？无论是学习、工作还是生活上的问题，都可以问我哦！✨
2025-04-11 10:41:51,703 - ai_dialog_service - INFO - 未收到消息历史，只使用当前消息
2025-04-11 10:41:51,704 - ai_dialog_service - INFO - 查询知识库: 用户=221dckf, 模型=deepseek, 查询=南丹在哪里
2025-04-11 10:41:51,704 - ai_dialog_service - INFO - 没有找到可用的知识库
2025-04-11 10:41:51,705 - ai_dialog_service - INFO - 调用DeepSeek服务，对话ID: 91b433c5-1d9b-4f47-9ed2-a81a20a408ce
2025-04-11 10:41:51,705 - ai_dialog_service - INFO - 发送消息历史: [{"role": "system", "content": "你是一个由DeepSeek开发的AI助手，擅长回答各种问题，请提供准确、有帮助的回答。"}, {"role": "user", "content": "南丹在哪里"}]
2025-04-11 10:41:51,705 - deepseek_service - INFO - 调用DeepSeek聊天API，使用模型：deepseek-chat，消息数：2
2025-04-11 10:41:51,706 - deepseek_client - INFO - 准备调用DeepSeek API: https://api.deepseek.com/v1/chat/completions
2025-04-11 10:41:51,706 - deepseek_client - INFO - 使用模型: deepseek-chat
2025-04-11 10:41:51,706 - deepseek_client - INFO - 消息数量: 2
2025-04-11 10:41:51,706 - deepseek_client - INFO - API密钥: sk-08...44b1d
2025-04-11 10:41:51,706 - deepseek_client - INFO - 消息内容: [{"role": "system", "content": "你是一个由DeepSeek开发的AI助手，擅长回答各种问题，请提供准确、有帮助的回答。"}, {"role": "user", "content": "南丹在哪里"}]
2025-04-11 10:41:51,707 - deepseek_client - INFO - 发送请求体: {"model": "deepseek-chat", "messages": [{"role": "system", "content": "你是一个由DeepSeek开发的AI助手，擅长回答各种问题，请提供准确、有帮助的回答。"}, {"role": "user", "content": "南丹在哪里"}], "temperature": 0.7, "max_tokens": 2000, "stream": false}
2025-04-11 10:41:51,707 - deepseek_client - INFO - 请求URL: https://api.deepseek.com/v1/chat/completions
2025-04-11 10:41:51,707 - deepseek_client - INFO - 请求头: {"Authorization": "Bearer sk-08943f26f4374dc0b122f8ede6144b1d", "Content-Type": "application/json"}
2025-04-11 10:42:16,515 - deepseek_client - INFO - 收到响应状态码: 200
2025-04-11 10:42:16,517 - deepseek_client - INFO - 响应头: {'Date': 'Fri, 11 Apr 2025 02:41:51 GMT', 'Content-Type': 'application/json', 'Transfer-Encoding': 'chunked', 'Connection': 'keep-alive', 'Set-Cookie': 'HWWAFSESTIME=1744339306713; path=/, HWWAFSESID=0d8f4b41f41b173483e; path=/', 'vary': 'origin, access-control-request-method, access-control-request-headers', 'access-control-allow-credentials': 'true', 'x-ds-trace-id': 'c566f9fe463971a368327efe2d1140be', 'Strict-Transport-Security': 'max-age=31536000; includeSubDomains; preload', 'X-Content-Type-Options': 'nosniff', 'Content-Encoding': 'gzip', 'Server': 'elb'}
2025-04-11 10:42:16,518 - deepseek_client - INFO - 响应JSON完整内容: {"id": "87005c2c-c0a3-419d-bac7-e88e6bc7f039", "object": "chat.completion", "created": 1744339311, "model": "deepseek-chat", "choices": [{"index": 0, "message": {"role": "assistant", "content": "南丹县位于中国广西壮族自治区西北部，隶属河池市，地处云贵高原向桂西北丘陵过渡的地带。以下是关于南丹县的一些详细信息：\n\n### 地理位置\n- **行政区划**：隶属于广西河池市，是广西的北大门之一。\n- **周边接壤**：东与环江县、金城江区相邻，南接东兰县，西连贵州省荔波县，北靠贵州省独山县、平塘县。\n- **地形特点**：以山地为主，平均海拔约800米，喀斯特地貌显著。\n\n### 历史与文化\n- **历史沿革**：南丹之名始于宋代（公元974年），因盛产丹砂且地处南方而得名，历史上是壮族、瑶族等少数民族聚居地。\n- **民族特色**：以壮族、瑶族为主，保留有独特的铜鼓文化、白裤瑶民俗（瑶族分支，因男性穿白色裤子得名）。\n\n### 经济与资源\n- **矿产资源**：被誉为“有色金属之乡”，锡、锑、锌等储量丰富，其中锡矿开采历史悠久。\n- **农业特产**：南丹黄腊李、巴平米、六龙茶等较为知名。\n- **旅游业**：主要景点包括：\n  - **丹炉山**：明代炼丹遗址，有古建筑群和玻璃栈道。\n  - **歌娅思谷**：白裤瑶民俗风情旅游区。\n  - **地下大峡谷**：喀斯特溶洞景观。\n\n### 交通\n- **铁路**：黔桂铁路过境，设有南丹站。\n- **公路**：G75兰海高速、G210国道贯穿全境，至河池市区约1.5小时车程，至贵阳约3小时。\n\n### 注意事项\n- 气候湿润多雨，出行建议备雨具。\n- 部分山区道路崎岖，自驾需注意安全。\n\n如需更具体的旅游或投资信息，可咨询当地政府官网或旅游局。"}, "logprobs": null, "finish_reason": "stop"}], "usage": {"prompt_tokens": 28, "completion_tokens": 418, "total_tokens": 446, "prompt_tokens_details": {"cached_tokens": 0}, "prompt_cache_hit_tokens": 0, "prompt_cache_miss_tokens": 28}, "system_fingerprint": "fp_3d5141a69a_prod0225"}
2025-04-11 10:42:16,520 - deepseek_client - INFO - 成功获取响应内容: 南丹县位于中国广西壮族自治区西北部，隶属河池市，地处云贵高原向桂西北丘陵过渡的地带。以下是关于南丹县的一些详细信息：

### 地理位置
- **行政区划**：隶属于广西河池市，是广西的北大门之一。
- **周边接壤**：东与环江县、金城江区相邻，南接东兰县，西连贵州省荔波县，北靠贵州省独山县、平塘县。
- **地形特点**：以山地为主，平均海拔约800米，喀斯特地貌显著。

### 历史与文化
- **历史沿革**：南丹之名始于宋代（公元974年），因盛产丹砂且地处南方而得名，历史上是壮族、瑶族等少数民族聚居地。
- **民族特色**：以壮族、瑶族为主，保留有独特的铜鼓文化、白裤瑶民俗（瑶族分支，因男性穿白色裤子得名）。

### 经济与资源
- **矿产资源**：被誉为“有色金属之乡”，锡、锑、锌等储量丰富，其中锡矿开采历史悠久。
- **农业特产**：南丹黄腊李、巴平米、六龙茶等较为知名。
- **旅游业**：主要景点包括：
  - **丹炉山**：明代炼丹遗址，有古建筑群和玻璃栈道。
  - **歌娅思谷**：白裤瑶民俗风情旅游区。
  - **地下大峡谷**：喀斯特溶洞景观。

### 交通
- **铁路**：黔桂铁路过境，设有南丹站。
- **公路**：G75兰海高速、G210国道贯穿全境，至河池市区约1.5小时车程，至贵阳约3小时。

### 注意事项
- 气候湿润多雨，出行建议备雨具。
- 部分山区道路崎岖，自驾需注意安全。

如需更具体的旅游或投资信息，可咨询当地政府官网或旅游局。
2025-04-11 10:42:16,522 - deepseek_service - INFO - DeepSeek API调用成功，返回内容长度：660
2025-04-11 10:42:16,523 - ai_dialog_service - INFO - DeepSeek API完整响应: {"id": "87005c2c-c0a3-419d-bac7-e88e6bc7f039", "object": "chat.completion", "created": 1744339311, "model": "deepseek-chat", "choices": [{"index": 0, "message": {"role": "assistant", "content": "南丹县位于中国广西壮族自治区西北部，隶属河池市，地处云贵高原向桂西北丘陵过渡的地带。以下是关于南丹县的一些详细信息：\n\n### 地理位置\n- **行政区划**：隶属于广西河池市，是广西的北大门之一。\n- **周边接壤**：东与环江县、金城江区相邻，南接东兰县，西连贵州省荔波县，北靠贵州省独山县、平塘县。\n- **地形特点**：以山地为主，平均海拔约800米，喀斯特地貌显著。\n\n### 历史与文化\n- **历史沿革**：南丹之名始于宋代（公元974年），因盛产丹砂且地处南方而得名，历史上是壮族、瑶族等少数民族聚居地。\n- **民族特色**：以壮族、瑶族为主，保留有独特的铜鼓文化、白裤瑶民俗（瑶族分支，因男性穿白色裤子得名）。\n\n### 经济与资源\n- **矿产资源**：被誉为“有色金属之乡”，锡、锑、锌等储量丰富，其中锡矿开采历史悠久。\n- **农业特产**：南丹黄腊李、巴平米、六龙茶等较为知名。\n- **旅游业**：主要景点包括：\n  - **丹炉山**：明代炼丹遗址，有古建筑群和玻璃栈道。\n  - **歌娅思谷**：白裤瑶民俗风情旅游区。\n  - **地下大峡谷**：喀斯特溶洞景观。\n\n### 交通\n- **铁路**：黔桂铁路过境，设有南丹站。\n- **公路**：G75兰海高速、G210国道贯穿全境，至河池市区约1.5小时车程，至贵阳约3小时。\n\n### 注意事项\n- 气候湿润多雨，出行建议备雨具。\n- 部分山区道路崎岖，自驾需注意安全。\n\n如需更具体的旅游或投资信息，可咨询当地政府官网或旅游局。"}, "logprobs": null, "finish_reason": "stop"}], "usage": {"prompt_tokens": 28, "completion_tokens": 418, "total_tokens": 446, "prompt_tokens_details": {"cached_tokens": 0}, "prompt_cache_hit_tokens": 0, "prompt_cache_miss_tokens": 28}, "system_fingerprint": "fp_3d5141a69a_prod0225"}
2025-04-11 10:42:16,524 - ai_dialog_service - INFO - 从API提取到的AI回复: 南丹县位于中国广西壮族自治区西北部，隶属河池市，地处云贵高原向桂西北丘陵过渡的地带。以下是关于南丹县的一些详细信息：

### 地理位置
- **行政区划**：隶属于广西河池市，是广西的北大门之一。
- **周边接壤**：东与环江县、金城江区相邻，南接东兰县，西连贵州省荔波县，北靠贵州省独山县、平塘县。
- **地形特点**：以山地为主，平均海拔约800米，喀斯特地貌显著。

### 历史与文化
- **历史沿革**：南丹之名始于宋代（公元974年），因盛产丹砂且地处南方而得名，历史上是壮族、瑶族等少数民族聚居地。
- **民族特色**：以壮族、瑶族为主，保留有独特的铜鼓文化、白裤瑶民俗（瑶族分支，因男性穿白色裤子得名）。

### 经济与资源
- **矿产资源**：被誉为“有色金属之乡”，锡、锑、锌等储量丰富，其中锡矿开采历史悠久。
- **农业特产**：南丹黄腊李、巴平米、六龙茶等较为知名。
- **旅游业**：主要景点包括：
  - **丹炉山**：明代炼丹遗址，有古建筑群和玻璃栈道。
  - **歌娅思谷**：白裤瑶民俗风情旅游区。
  - **地下大峡谷**：喀斯特溶洞景观。

### 交通
- **铁路**：黔桂铁路过境，设有南丹站。
- **公路**：G75兰海高速、G210国道贯穿全境，至河池市区约1.5小时车程，至贵阳约3小时。

### 注意事项
- 气候湿润多雨，出行建议备雨具。
- 部分山区道路崎岖，自驾需注意安全。

如需更具体的旅游或投资信息，可咨询当地政府官网或旅游局。
2025-04-11 10:42:19,707 - ai_dialog_service - INFO - 未收到消息历史，只使用当前消息
2025-04-11 10:42:19,707 - ai_dialog_service - INFO - 查询知识库: 用户=221dckf, 模型=deepseek, 查询=河池在哪里
2025-04-11 10:42:19,707 - ai_dialog_service - INFO - 没有找到可用的知识库
2025-04-11 10:42:19,707 - ai_dialog_service - INFO - 调用DeepSeek服务，对话ID: 80c0454d-357a-41cf-8654-89e469d1f29d
2025-04-11 10:42:19,708 - ai_dialog_service - INFO - 发送消息历史: [{"role": "system", "content": "你是一个由DeepSeek开发的AI助手，擅长回答各种问题，请提供准确、有帮助的回答。"}, {"role": "user", "content": "河池在哪里"}]
2025-04-11 10:42:19,708 - deepseek_service - INFO - 调用DeepSeek聊天API，使用模型：deepseek-chat，消息数：2
2025-04-11 10:42:19,708 - deepseek_client - INFO - 准备调用DeepSeek API: https://api.deepseek.com/v1/chat/completions
2025-04-11 10:42:19,709 - deepseek_client - INFO - 使用模型: deepseek-chat
2025-04-11 10:42:19,709 - deepseek_client - INFO - 消息数量: 2
2025-04-11 10:42:19,709 - deepseek_client - INFO - API密钥: sk-08...44b1d
2025-04-11 10:42:19,709 - deepseek_client - INFO - 消息内容: [{"role": "system", "content": "你是一个由DeepSeek开发的AI助手，擅长回答各种问题，请提供准确、有帮助的回答。"}, {"role": "user", "content": "河池在哪里"}]
2025-04-11 10:42:19,709 - deepseek_client - INFO - 发送请求体: {"model": "deepseek-chat", "messages": [{"role": "system", "content": "你是一个由DeepSeek开发的AI助手，擅长回答各种问题，请提供准确、有帮助的回答。"}, {"role": "user", "content": "河池在哪里"}], "temperature": 0.7, "max_tokens": 2000, "stream": false}
2025-04-11 10:42:19,710 - deepseek_client - INFO - 请求URL: https://api.deepseek.com/v1/chat/completions
2025-04-11 10:42:19,710 - deepseek_client - INFO - 请求头: {"Authorization": "Bearer sk-08943f26f4374dc0b122f8ede6144b1d", "Content-Type": "application/json"}
2025-04-11 10:42:44,282 - deepseek_client - INFO - 收到响应状态码: 200
2025-04-11 10:42:44,283 - deepseek_client - INFO - 响应头: {'Date': 'Fri, 11 Apr 2025 02:42:19 GMT', 'Content-Type': 'application/json', 'Transfer-Encoding': 'chunked', 'Connection': 'keep-alive', 'Set-Cookie': 'HWWAFSESID=9d3bfea7ba4f8f13b31; path=/, HWWAFSESTIME=1744339334644; path=/', 'vary': 'origin, access-control-request-method, access-control-request-headers', 'access-control-allow-credentials': 'true', 'x-ds-trace-id': '2a1724fd46ac6897364d1f90a8426d43', 'Strict-Transport-Security': 'max-age=31536000; includeSubDomains; preload', 'X-Content-Type-Options': 'nosniff', 'Content-Encoding': 'gzip', 'Server': 'elb'}
2025-04-11 10:42:44,283 - deepseek_client - INFO - 响应JSON完整内容: {"id": "48fccb7f-fbf9-4b81-ae61-1162793a296c", "object": "chat.completion", "created": 1744339339, "model": "deepseek-chat", "choices": [{"index": 0, "message": {"role": "assistant", "content": "河池是广西壮族自治区下辖的一个地级市，位于广西西北部，地处云贵高原南缘，与贵州省接壤。以下是关于河池的一些详细信息：\n\n### 地理位置\n- **行政区划**：河池市下辖2区（金城江区、宜州区）、9县（南丹县、天峨县、凤山县、东兰县、巴马瑶族自治县、都安瑶族自治县、大化瑶族自治县、罗城仫佬族自治县、环江毛南族自治县）。\n- **周边地区**：东邻柳州市、来宾市，南接南宁市，西连百色市，北靠贵州省黔南布依族苗族自治州。\n\n### 特色与文化\n1. **长寿之乡**：下辖的巴马瑶族自治县是世界著名的“长寿之乡”，以百岁老人比例高而闻名。\n2. **少数民族风情**：境内聚居壮族、瑶族、仫佬族、毛南族等少数民族，民族文化丰富，如铜鼓文化、蚂拐节等。\n3. **自然景观**：\n   - **喀斯特地貌**：红水河、盘阳河流域的山水风光独特。\n   - **旅游景点**：巴马长寿村、凤山三门海、大化七百弄国家地质公园、南丹丹泉洞等。\n\n### 交通\n- **铁路**：黔桂铁路贯穿金城江区、宜州区。\n- **公路**：兰海高速（G75）、汕昆高速（G78）经过境内。\n- **机场**：河池金城江机场（位于河池市西北部）。\n\n### 经济与资源\n- 以农业、旅游业和特色产业（如巴马矿泉水、桑蚕业）为主。\n- 矿产资源丰富，被誉为“有色金属之乡”，盛产锡、锑、锌等。\n\n如需更具体的旅行或生活信息，可进一步说明需求哦！"}, "logprobs": null, "finish_reason": "stop"}], "usage": {"prompt_tokens": 28, "completion_tokens": 400, "total_tokens": 428, "prompt_tokens_details": {"cached_tokens": 0}, "prompt_cache_hit_tokens": 0, "prompt_cache_miss_tokens": 28}, "system_fingerprint": "fp_3d5141a69a_prod0225"}
2025-04-11 10:42:44,285 - deepseek_client - INFO - 成功获取响应内容: 河池是广西壮族自治区下辖的一个地级市，位于广西西北部，地处云贵高原南缘，与贵州省接壤。以下是关于河池的一些详细信息：

### 地理位置
- **行政区划**：河池市下辖2区（金城江区、宜州区）、9县（南丹县、天峨县、凤山县、东兰县、巴马瑶族自治县、都安瑶族自治县、大化瑶族自治县、罗城仫佬族自治县、环江毛南族自治县）。
- **周边地区**：东邻柳州市、来宾市，南接南宁市，西连百色市，北靠贵州省黔南布依族苗族自治州。

### 特色与文化
1. **长寿之乡**：下辖的巴马瑶族自治县是世界著名的“长寿之乡”，以百岁老人比例高而闻名。
2. **少数民族风情**：境内聚居壮族、瑶族、仫佬族、毛南族等少数民族，民族文化丰富，如铜鼓文化、蚂拐节等。
3. **自然景观**：
   - **喀斯特地貌**：红水河、盘阳河流域的山水风光独特。
   - **旅游景点**：巴马长寿村、凤山三门海、大化七百弄国家地质公园、南丹丹泉洞等。

### 交通
- **铁路**：黔桂铁路贯穿金城江区、宜州区。
- **公路**：兰海高速（G75）、汕昆高速（G78）经过境内。
- **机场**：河池金城江机场（位于河池市西北部）。

### 经济与资源
- 以农业、旅游业和特色产业（如巴马矿泉水、桑蚕业）为主。
- 矿产资源丰富，被誉为“有色金属之乡”，盛产锡、锑、锌等。

如需更具体的旅行或生活信息，可进一步说明需求哦！
2025-04-11 10:42:44,287 - deepseek_service - INFO - DeepSeek API调用成功，返回内容长度：610
2025-04-11 10:42:44,287 - ai_dialog_service - INFO - DeepSeek API完整响应: {"id": "48fccb7f-fbf9-4b81-ae61-1162793a296c", "object": "chat.completion", "created": 1744339339, "model": "deepseek-chat", "choices": [{"index": 0, "message": {"role": "assistant", "content": "河池是广西壮族自治区下辖的一个地级市，位于广西西北部，地处云贵高原南缘，与贵州省接壤。以下是关于河池的一些详细信息：\n\n### 地理位置\n- **行政区划**：河池市下辖2区（金城江区、宜州区）、9县（南丹县、天峨县、凤山县、东兰县、巴马瑶族自治县、都安瑶族自治县、大化瑶族自治县、罗城仫佬族自治县、环江毛南族自治县）。\n- **周边地区**：东邻柳州市、来宾市，南接南宁市，西连百色市，北靠贵州省黔南布依族苗族自治州。\n\n### 特色与文化\n1. **长寿之乡**：下辖的巴马瑶族自治县是世界著名的“长寿之乡”，以百岁老人比例高而闻名。\n2. **少数民族风情**：境内聚居壮族、瑶族、仫佬族、毛南族等少数民族，民族文化丰富，如铜鼓文化、蚂拐节等。\n3. **自然景观**：\n   - **喀斯特地貌**：红水河、盘阳河流域的山水风光独特。\n   - **旅游景点**：巴马长寿村、凤山三门海、大化七百弄国家地质公园、南丹丹泉洞等。\n\n### 交通\n- **铁路**：黔桂铁路贯穿金城江区、宜州区。\n- **公路**：兰海高速（G75）、汕昆高速（G78）经过境内。\n- **机场**：河池金城江机场（位于河池市西北部）。\n\n### 经济与资源\n- 以农业、旅游业和特色产业（如巴马矿泉水、桑蚕业）为主。\n- 矿产资源丰富，被誉为“有色金属之乡”，盛产锡、锑、锌等。\n\n如需更具体的旅行或生活信息，可进一步说明需求哦！"}, "logprobs": null, "finish_reason": "stop"}], "usage": {"prompt_tokens": 28, "completion_tokens": 400, "total_tokens": 428, "prompt_tokens_details": {"cached_tokens": 0}, "prompt_cache_hit_tokens": 0, "prompt_cache_miss_tokens": 28}, "system_fingerprint": "fp_3d5141a69a_prod0225"}
2025-04-11 10:42:44,289 - ai_dialog_service - INFO - 从API提取到的AI回复: 河池是广西壮族自治区下辖的一个地级市，位于广西西北部，地处云贵高原南缘，与贵州省接壤。以下是关于河池的一些详细信息：

### 地理位置
- **行政区划**：河池市下辖2区（金城江区、宜州区）、9县（南丹县、天峨县、凤山县、东兰县、巴马瑶族自治县、都安瑶族自治县、大化瑶族自治县、罗城仫佬族自治县、环江毛南族自治县）。
- **周边地区**：东邻柳州市、来宾市，南接南宁市，西连百色市，北靠贵州省黔南布依族苗族自治州。

### 特色与文化
1. **长寿之乡**：下辖的巴马瑶族自治县是世界著名的“长寿之乡”，以百岁老人比例高而闻名。
2. **少数民族风情**：境内聚居壮族、瑶族、仫佬族、毛南族等少数民族，民族文化丰富，如铜鼓文化、蚂拐节等。
3. **自然景观**：
   - **喀斯特地貌**：红水河、盘阳河流域的山水风光独特。
   - **旅游景点**：巴马长寿村、凤山三门海、大化七百弄国家地质公园、南丹丹泉洞等。

### 交通
- **铁路**：黔桂铁路贯穿金城江区、宜州区。
- **公路**：兰海高速（G75）、汕昆高速（G78）经过境内。
- **机场**：河池金城江机场（位于河池市西北部）。

### 经济与资源
- 以农业、旅游业和特色产业（如巴马矿泉水、桑蚕业）为主。
- 矿产资源丰富，被誉为“有色金属之乡”，盛产锡、锑、锌等。

如需更具体的旅行或生活信息，可进一步说明需求哦！
2025-04-11 10:43:00,570 - ai_dialog_service - INFO - 未收到消息历史，只使用当前消息
2025-04-11 10:43:00,571 - ai_dialog_service - INFO - 查询知识库: 用户=221dckf, 模型=deepseek, 查询=刚刚我都向你问了什么
2025-04-11 10:43:00,571 - ai_dialog_service - INFO - 没有找到可用的知识库
2025-04-11 10:43:00,571 - ai_dialog_service - INFO - 调用DeepSeek服务，对话ID: a6050a7a-a988-4089-8d2f-93275907dc10
2025-04-11 10:43:00,571 - ai_dialog_service - INFO - 发送消息历史: [{"role": "system", "content": "你是一个由DeepSeek开发的AI助手，擅长回答各种问题，请提供准确、有帮助的回答。"}, {"role": "user", "content": "刚刚我都向你问了什么"}]
2025-04-11 10:43:00,572 - deepseek_service - INFO - 调用DeepSeek聊天API，使用模型：deepseek-chat，消息数：2
2025-04-11 10:43:00,572 - deepseek_client - INFO - 准备调用DeepSeek API: https://api.deepseek.com/v1/chat/completions
2025-04-11 10:43:00,572 - deepseek_client - INFO - 使用模型: deepseek-chat
2025-04-11 10:43:00,572 - deepseek_client - INFO - 消息数量: 2
2025-04-11 10:43:00,573 - deepseek_client - INFO - API密钥: sk-08...44b1d
2025-04-11 10:43:00,573 - deepseek_client - INFO - 消息内容: [{"role": "system", "content": "你是一个由DeepSeek开发的AI助手，擅长回答各种问题，请提供准确、有帮助的回答。"}, {"role": "user", "content": "刚刚我都向你问了什么"}]
2025-04-11 10:43:00,573 - deepseek_client - INFO - 发送请求体: {"model": "deepseek-chat", "messages": [{"role": "system", "content": "你是一个由DeepSeek开发的AI助手，擅长回答各种问题，请提供准确、有帮助的回答。"}, {"role": "user", "content": "刚刚我都向你问了什么"}], "temperature": 0.7, "max_tokens": 2000, "stream": false}
2025-04-11 10:43:00,573 - deepseek_client - INFO - 请求URL: https://api.deepseek.com/v1/chat/completions
2025-04-11 10:43:00,573 - deepseek_client - INFO - 请求头: {"Authorization": "Bearer sk-08943f26f4374dc0b122f8ede6144b1d", "Content-Type": "application/json"}
2025-04-11 10:43:10,713 - deepseek_client - INFO - 收到响应状态码: 200
2025-04-11 10:43:10,714 - deepseek_client - INFO - 响应头: {'Date': 'Fri, 11 Apr 2025 02:42:59 GMT', 'Content-Type': 'application/json', 'Transfer-Encoding': 'chunked', 'Connection': 'keep-alive', 'Set-Cookie': 'HWWAFSESID=f1fca14e6894fd1d7d5; path=/, HWWAFSESTIME=1744339379709; path=/', 'vary': 'origin, access-control-request-method, access-control-request-headers', 'access-control-allow-credentials': 'true', 'x-ds-trace-id': '5a638133e16b8f8319b34ce15649cd4f', 'Strict-Transport-Security': 'max-age=31536000; includeSubDomains; preload', 'X-Content-Type-Options': 'nosniff', 'Content-Encoding': 'gzip', 'Server': 'elb'}
2025-04-11 10:43:10,716 - deepseek_client - INFO - 响应JSON完整内容: {"id": "7fa3454a-dedd-495e-90e3-c91fc50dfeeb", "object": "chat.completion", "created": 1744339379, "model": "deepseek-chat", "choices": [{"index": 0, "message": {"role": "assistant", "content": "目前，我无法直接回顾之前的对话记录。但如果你是在同一个对话中连续提问，我可以根据上下文回答你。你可以告诉我你之前的问题，我会尽力帮你梳理和解答！  \n\n如果你需要总结之前的讨论内容，可以简单描述一下你之前问过的问题，我会帮你整理和补充。 😊"}, "logprobs": null, "finish_reason": "stop"}], "usage": {"prompt_tokens": 30, "completion_tokens": 64, "total_tokens": 94, "prompt_tokens_details": {"cached_tokens": 0}, "prompt_cache_hit_tokens": 0, "prompt_cache_miss_tokens": 30}, "system_fingerprint": "fp_3d5141a69a_prod0225"}
2025-04-11 10:43:10,717 - deepseek_client - INFO - 成功获取响应内容: 目前，我无法直接回顾之前的对话记录。但如果你是在同一个对话中连续提问，我可以根据上下文回答你。你可以告诉我你之前的问题，我会尽力帮你梳理和解答！  

如果你需要总结之前的讨论内容，可以简单描述一下你之前问过的问题，我会帮你整理和补充。 😊
2025-04-11 10:43:10,718 - deepseek_service - INFO - DeepSeek API调用成功，返回内容长度：120
2025-04-11 10:43:10,719 - ai_dialog_service - INFO - DeepSeek API完整响应: {"id": "7fa3454a-dedd-495e-90e3-c91fc50dfeeb", "object": "chat.completion", "created": 1744339379, "model": "deepseek-chat", "choices": [{"index": 0, "message": {"role": "assistant", "content": "目前，我无法直接回顾之前的对话记录。但如果你是在同一个对话中连续提问，我可以根据上下文回答你。你可以告诉我你之前的问题，我会尽力帮你梳理和解答！  \n\n如果你需要总结之前的讨论内容，可以简单描述一下你之前问过的问题，我会帮你整理和补充。 😊"}, "logprobs": null, "finish_reason": "stop"}], "usage": {"prompt_tokens": 30, "completion_tokens": 64, "total_tokens": 94, "prompt_tokens_details": {"cached_tokens": 0}, "prompt_cache_hit_tokens": 0, "prompt_cache_miss_tokens": 30}, "system_fingerprint": "fp_3d5141a69a_prod0225"}
2025-04-11 10:43:10,720 - ai_dialog_service - INFO - 从API提取到的AI回复: 目前，我无法直接回顾之前的对话记录。但如果你是在同一个对话中连续提问，我可以根据上下文回答你。你可以告诉我你之前的问题，我会尽力帮你梳理和解答！  

如果你需要总结之前的讨论内容，可以简单描述一下你之前问过的问题，我会帮你整理和补充。 😊
2025-04-11 10:46:44,335 - app.main - INFO - 关闭应用
2025-04-11 10:46:47,331 - app.main - INFO - 启动应用
2025-04-11 10:46:47,331 - app.main - INFO - 上传目录已存在: E:\Work\ai-assistance\backend\uploads
2025-04-11 10:46:47,331 - app.main - INFO - 文档目录已存在: E:\Work\ai-assistance\backend\uploads\documents
2025-04-11 10:46:47,332 - app.main - INFO - 嵌入目录已存在: E:\Work\ai-assistance\backend\uploads\embeddings
2025-04-11 10:46:47,339 - task_manager - INFO - Document processor worker started
2025-04-11 10:46:47,339 - task_manager - INFO - Embedding worker started
2025-04-11 10:46:47,339 - task_manager - INFO - Task Manager started
2025-04-11 10:46:47,340 - app.main - INFO - 应用启动完成，默认管理员账号已处理，任务管理器已启动
2025-04-11 10:47:05,061 - app.main - INFO - 关闭应用
2025-04-11 10:47:12,170 - app.main - INFO - 启动应用
2025-04-11 10:47:12,170 - app.main - INFO - 上传目录已存在: E:\Work\ai-assistance\backend\uploads
2025-04-11 10:47:12,170 - app.main - INFO - 文档目录已存在: E:\Work\ai-assistance\backend\uploads\documents
2025-04-11 10:47:12,170 - app.main - INFO - 嵌入目录已存在: E:\Work\ai-assistance\backend\uploads\embeddings
2025-04-11 10:47:12,178 - task_manager - INFO - Document processor worker started
2025-04-11 10:47:12,178 - task_manager - INFO - Embedding worker started
2025-04-11 10:47:12,178 - task_manager - INFO - Task Manager started
2025-04-11 10:47:12,179 - app.main - INFO - 应用启动完成，默认管理员账号已处理，任务管理器已启动
2025-04-11 10:47:37,822 - ai_dialog_service - INFO - Initialized AI Dialog Service
2025-04-11 10:47:37,823 - deepseek_client - INFO - 初始化DeepSeek API客户端
2025-04-11 10:47:37,823 - deepseek_client - INFO - 使用API基础URL: https://api.deepseek.com
2025-04-11 10:47:37,824 - deepseek_service - INFO - DeepSeekService initialized with real API client
2025-04-11 10:47:37,874 - ai_dialog_service - INFO - 未收到消息历史，只使用当前消息
2025-04-11 10:47:37,874 - ai_dialog_service - INFO - 查询知识库: 用户=221dckf, 模型=deepseek, 查询=你好
2025-04-11 10:47:37,875 - ai_dialog_service - INFO - 没有找到可用的知识库
2025-04-11 10:47:37,875 - ai_dialog_service - INFO - 调用DeepSeek服务，对话ID: 822f9c5f-2f9e-44c4-8800-84d88f623612
2025-04-11 10:47:37,875 - ai_dialog_service - INFO - 发送消息历史: [{"role": "system", "content": "你是一个由DeepSeek开发的AI助手，擅长回答各种问题，请提供准确、有帮助的回答。"}, {"role": "user", "content": "你好"}]
2025-04-11 10:47:37,875 - deepseek_service - INFO - 调用DeepSeek聊天API，使用模型：deepseek-chat，消息数：2
2025-04-11 10:47:37,875 - deepseek_client - INFO - 准备调用DeepSeek API: https://api.deepseek.com/v1/chat/completions
2025-04-11 10:47:37,875 - deepseek_client - INFO - 使用模型: deepseek-chat
2025-04-11 10:47:37,875 - deepseek_client - INFO - 消息数量: 2
2025-04-11 10:47:37,876 - deepseek_client - INFO - API密钥: sk-08...44b1d
2025-04-11 10:47:37,876 - deepseek_client - INFO - 消息内容: [{"role": "system", "content": "你是一个由DeepSeek开发的AI助手，擅长回答各种问题，请提供准确、有帮助的回答。"}, {"role": "user", "content": "你好"}]
2025-04-11 10:47:37,876 - deepseek_client - INFO - 发送请求体: {"model": "deepseek-chat", "messages": [{"role": "system", "content": "你是一个由DeepSeek开发的AI助手，擅长回答各种问题，请提供准确、有帮助的回答。"}, {"role": "user", "content": "你好"}], "temperature": 0.7, "max_tokens": 2000, "stream": false}
2025-04-11 10:47:37,876 - deepseek_client - INFO - 请求URL: https://api.deepseek.com/v1/chat/completions
2025-04-11 10:47:37,876 - deepseek_client - INFO - 请求头: {"Authorization": "Bearer sk-08943f26f4374dc0b122f8ede6144b1d", "Content-Type": "application/json"}
2025-04-11 10:47:44,687 - deepseek_client - INFO - 收到响应状态码: 200
2025-04-11 10:47:44,688 - deepseek_client - INFO - 响应头: {'Date': 'Fri, 11 Apr 2025 02:47:40 GMT', 'Content-Type': 'application/json', 'Transfer-Encoding': 'chunked', 'Connection': 'keep-alive', 'Set-Cookie': 'HWWAFSESID=99fa93dc18d35ef13e8; path=/, HWWAFSESTIME=1744339655080; path=/', 'vary': 'origin, access-control-request-method, access-control-request-headers', 'access-control-allow-credentials': 'true', 'x-ds-trace-id': '13fb38ef6f8796d1e5583cc08c73dee8', 'Strict-Transport-Security': 'max-age=31536000; includeSubDomains; preload', 'X-Content-Type-Options': 'nosniff', 'Content-Encoding': 'gzip', 'Server': 'elb'}
2025-04-11 10:47:44,689 - deepseek_client - INFO - 响应JSON完整内容: {"id": "5b1e5bb5-0f7a-41b2-b47d-f399ffbdc052", "object": "chat.completion", "created": 1744339660, "model": "deepseek-chat", "choices": [{"index": 0, "message": {"role": "assistant", "content": "你好！😊 我是DeepSeek Chat，很高兴见到你！有什么我可以帮你的吗？"}, "logprobs": null, "finish_reason": "stop"}], "usage": {"prompt_tokens": 26, "completion_tokens": 21, "total_tokens": 47, "prompt_tokens_details": {"cached_tokens": 0}, "prompt_cache_hit_tokens": 0, "prompt_cache_miss_tokens": 26}, "system_fingerprint": "fp_3d5141a69a_prod0225"}
2025-04-11 10:47:44,690 - deepseek_client - INFO - 成功获取响应内容: 你好！😊 我是DeepSeek Chat，很高兴见到你！有什么我可以帮你的吗？
2025-04-11 10:47:44,690 - deepseek_service - INFO - DeepSeek API调用成功，返回内容长度：39
2025-04-11 10:47:44,690 - ai_dialog_service - INFO - DeepSeek API完整响应: {"id": "5b1e5bb5-0f7a-41b2-b47d-f399ffbdc052", "object": "chat.completion", "created": 1744339660, "model": "deepseek-chat", "choices": [{"index": 0, "message": {"role": "assistant", "content": "你好！😊 我是DeepSeek Chat，很高兴见到你！有什么我可以帮你的吗？"}, "logprobs": null, "finish_reason": "stop"}], "usage": {"prompt_tokens": 26, "completion_tokens": 21, "total_tokens": 47, "prompt_tokens_details": {"cached_tokens": 0}, "prompt_cache_hit_tokens": 0, "prompt_cache_miss_tokens": 26}, "system_fingerprint": "fp_3d5141a69a_prod0225"}
2025-04-11 10:47:44,691 - ai_dialog_service - INFO - 从API提取到的AI回复: 你好！😊 我是DeepSeek Chat，很高兴见到你！有什么我可以帮你的吗？
2025-04-11 10:47:51,953 - ai_dialog_service - INFO - 未收到消息历史，只使用当前消息
2025-04-11 10:47:51,953 - ai_dialog_service - INFO - 查询知识库: 用户=221dckf, 模型=deepseek, 查询=南丹在哪里
2025-04-11 10:47:51,953 - ai_dialog_service - INFO - 没有找到可用的知识库
2025-04-11 10:47:51,954 - ai_dialog_service - INFO - 调用DeepSeek服务，对话ID: c53651cd-5063-4976-8a5f-1c4f942263b0
2025-04-11 10:47:51,954 - ai_dialog_service - INFO - 发送消息历史: [{"role": "system", "content": "你是一个由DeepSeek开发的AI助手，擅长回答各种问题，请提供准确、有帮助的回答。"}, {"role": "user", "content": "南丹在哪里"}]
2025-04-11 10:47:51,954 - deepseek_service - INFO - 调用DeepSeek聊天API，使用模型：deepseek-chat，消息数：2
2025-04-11 10:47:51,954 - deepseek_client - INFO - 准备调用DeepSeek API: https://api.deepseek.com/v1/chat/completions
2025-04-11 10:47:51,954 - deepseek_client - INFO - 使用模型: deepseek-chat
2025-04-11 10:47:51,954 - deepseek_client - INFO - 消息数量: 2
2025-04-11 10:47:51,954 - deepseek_client - INFO - API密钥: sk-08...44b1d
2025-04-11 10:47:51,954 - deepseek_client - INFO - 消息内容: [{"role": "system", "content": "你是一个由DeepSeek开发的AI助手，擅长回答各种问题，请提供准确、有帮助的回答。"}, {"role": "user", "content": "南丹在哪里"}]
2025-04-11 10:47:51,955 - deepseek_client - INFO - 发送请求体: {"model": "deepseek-chat", "messages": [{"role": "system", "content": "你是一个由DeepSeek开发的AI助手，擅长回答各种问题，请提供准确、有帮助的回答。"}, {"role": "user", "content": "南丹在哪里"}], "temperature": 0.7, "max_tokens": 2000, "stream": false}
2025-04-11 10:47:51,955 - deepseek_client - INFO - 请求URL: https://api.deepseek.com/v1/chat/completions
2025-04-11 10:47:51,955 - deepseek_client - INFO - 请求头: {"Authorization": "Bearer sk-08943f26f4374dc0b122f8ede6144b1d", "Content-Type": "application/json"}
2025-04-11 10:48:14,694 - deepseek_client - INFO - 收到响应状态码: 200
2025-04-11 10:48:14,695 - deepseek_client - INFO - 响应头: {'Date': 'Fri, 11 Apr 2025 02:47:52 GMT', 'Content-Type': 'application/json', 'Transfer-Encoding': 'chunked', 'Connection': 'keep-alive', 'Set-Cookie': 'HWWAFSESID=274b45f8e30a9d98c26; path=/, HWWAFSESTIME=1744339670090; path=/', 'vary': 'origin, access-control-request-method, access-control-request-headers', 'access-control-allow-credentials': 'true', 'x-ds-trace-id': '248c499fedb74d4d96f8f2b3bc51d314', 'Strict-Transport-Security': 'max-age=31536000; includeSubDomains; preload', 'X-Content-Type-Options': 'nosniff', 'Content-Encoding': 'gzip', 'Server': 'elb'}
2025-04-11 10:48:14,698 - deepseek_client - INFO - 响应JSON完整内容: {"id": "53ec10f5-1379-478e-9784-8c8c7b168ede", "object": "chat.completion", "created": 1744339672, "model": "deepseek-chat", "choices": [{"index": 0, "message": {"role": "assistant", "content": "南丹县是中国广西壮族自治区河池市下辖的一个县，位于广西西北部，地处云贵高原南缘，与贵州省接壤。以下是关于南丹县的一些详细信息：\n\n### 地理位置\n- **所属地区**：广西壮族自治区河池市\n- **相邻地区**：东接环江县，南连金城江区，西邻贵州省荔波县、独山县，北靠天峨县。\n- **地形特点**：以山地为主，属典型的喀斯特地貌，自然资源丰富。\n\n### 历史与文化\n- **历史沿革**：南丹历史悠久，自唐代设州，宋代始称“南丹州”，1950年设立南丹县。\n- **民族特色**：是多民族聚居地，以壮族、瑶族为主，民族文化多样，如白裤瑶（瑶族支系）的传统习俗和服饰独具特色。\n\n### 经济与资源\n- **矿产资源**：被誉为“有色金属之乡”，锡、铅、锌等储量丰富。\n- **农业与旅游**：盛产优质稻米、茶叶；景点有丹泉酒文化景区、歌娅思谷（白裤瑶民俗风情园）等。\n\n### 交通\n- **公路**：G75兰海高速、G210国道经过。\n- **铁路**：黔桂铁路过境，设有南丹站。\n- **距离**：距河池市区约80公里，南宁市约300公里。\n\n### 旅游亮点\n- **丹泉酒洞**：利用天然溶洞打造的酿酒基地和旅游景点。\n- **白裤瑶生态博物馆**：展示瑶族传统文化。\n\n如需更具体的资讯（如最新交通、旅游攻略），建议查询当地政府官网或旅游平台。"}, "logprobs": null, "finish_reason": "stop"}], "usage": {"prompt_tokens": 28, "completion_tokens": 360, "total_tokens": 388, "prompt_tokens_details": {"cached_tokens": 0}, "prompt_cache_hit_tokens": 0, "prompt_cache_miss_tokens": 28}, "system_fingerprint": "fp_3d5141a69a_prod0225"}
2025-04-11 10:48:14,702 - deepseek_client - INFO - 成功获取响应内容: 南丹县是中国广西壮族自治区河池市下辖的一个县，位于广西西北部，地处云贵高原南缘，与贵州省接壤。以下是关于南丹县的一些详细信息：

### 地理位置
- **所属地区**：广西壮族自治区河池市
- **相邻地区**：东接环江县，南连金城江区，西邻贵州省荔波县、独山县，北靠天峨县。
- **地形特点**：以山地为主，属典型的喀斯特地貌，自然资源丰富。

### 历史与文化
- **历史沿革**：南丹历史悠久，自唐代设州，宋代始称“南丹州”，1950年设立南丹县。
- **民族特色**：是多民族聚居地，以壮族、瑶族为主，民族文化多样，如白裤瑶（瑶族支系）的传统习俗和服饰独具特色。

### 经济与资源
- **矿产资源**：被誉为“有色金属之乡”，锡、铅、锌等储量丰富。
- **农业与旅游**：盛产优质稻米、茶叶；景点有丹泉酒文化景区、歌娅思谷（白裤瑶民俗风情园）等。

### 交通
- **公路**：G75兰海高速、G210国道经过。
- **铁路**：黔桂铁路过境，设有南丹站。
- **距离**：距河池市区约80公里，南宁市约300公里。

### 旅游亮点
- **丹泉酒洞**：利用天然溶洞打造的酿酒基地和旅游景点。
- **白裤瑶生态博物馆**：展示瑶族传统文化。

如需更具体的资讯（如最新交通、旅游攻略），建议查询当地政府官网或旅游平台。
2025-04-11 10:48:14,704 - deepseek_service - INFO - DeepSeek API调用成功，返回内容长度：580
2025-04-11 10:48:14,704 - ai_dialog_service - INFO - DeepSeek API完整响应: {"id": "53ec10f5-1379-478e-9784-8c8c7b168ede", "object": "chat.completion", "created": 1744339672, "model": "deepseek-chat", "choices": [{"index": 0, "message": {"role": "assistant", "content": "南丹县是中国广西壮族自治区河池市下辖的一个县，位于广西西北部，地处云贵高原南缘，与贵州省接壤。以下是关于南丹县的一些详细信息：\n\n### 地理位置\n- **所属地区**：广西壮族自治区河池市\n- **相邻地区**：东接环江县，南连金城江区，西邻贵州省荔波县、独山县，北靠天峨县。\n- **地形特点**：以山地为主，属典型的喀斯特地貌，自然资源丰富。\n\n### 历史与文化\n- **历史沿革**：南丹历史悠久，自唐代设州，宋代始称“南丹州”，1950年设立南丹县。\n- **民族特色**：是多民族聚居地，以壮族、瑶族为主，民族文化多样，如白裤瑶（瑶族支系）的传统习俗和服饰独具特色。\n\n### 经济与资源\n- **矿产资源**：被誉为“有色金属之乡”，锡、铅、锌等储量丰富。\n- **农业与旅游**：盛产优质稻米、茶叶；景点有丹泉酒文化景区、歌娅思谷（白裤瑶民俗风情园）等。\n\n### 交通\n- **公路**：G75兰海高速、G210国道经过。\n- **铁路**：黔桂铁路过境，设有南丹站。\n- **距离**：距河池市区约80公里，南宁市约300公里。\n\n### 旅游亮点\n- **丹泉酒洞**：利用天然溶洞打造的酿酒基地和旅游景点。\n- **白裤瑶生态博物馆**：展示瑶族传统文化。\n\n如需更具体的资讯（如最新交通、旅游攻略），建议查询当地政府官网或旅游平台。"}, "logprobs": null, "finish_reason": "stop"}], "usage": {"prompt_tokens": 28, "completion_tokens": 360, "total_tokens": 388, "prompt_tokens_details": {"cached_tokens": 0}, "prompt_cache_hit_tokens": 0, "prompt_cache_miss_tokens": 28}, "system_fingerprint": "fp_3d5141a69a_prod0225"}
2025-04-11 10:48:14,705 - ai_dialog_service - INFO - 从API提取到的AI回复: 南丹县是中国广西壮族自治区河池市下辖的一个县，位于广西西北部，地处云贵高原南缘，与贵州省接壤。以下是关于南丹县的一些详细信息：

### 地理位置
- **所属地区**：广西壮族自治区河池市
- **相邻地区**：东接环江县，南连金城江区，西邻贵州省荔波县、独山县，北靠天峨县。
- **地形特点**：以山地为主，属典型的喀斯特地貌，自然资源丰富。

### 历史与文化
- **历史沿革**：南丹历史悠久，自唐代设州，宋代始称“南丹州”，1950年设立南丹县。
- **民族特色**：是多民族聚居地，以壮族、瑶族为主，民族文化多样，如白裤瑶（瑶族支系）的传统习俗和服饰独具特色。

### 经济与资源
- **矿产资源**：被誉为“有色金属之乡”，锡、铅、锌等储量丰富。
- **农业与旅游**：盛产优质稻米、茶叶；景点有丹泉酒文化景区、歌娅思谷（白裤瑶民俗风情园）等。

### 交通
- **公路**：G75兰海高速、G210国道经过。
- **铁路**：黔桂铁路过境，设有南丹站。
- **距离**：距河池市区约80公里，南宁市约300公里。

### 旅游亮点
- **丹泉酒洞**：利用天然溶洞打造的酿酒基地和旅游景点。
- **白裤瑶生态博物馆**：展示瑶族传统文化。

如需更具体的资讯（如最新交通、旅游攻略），建议查询当地政府官网或旅游平台。
2025-04-11 10:48:43,677 - app.main - INFO - 关闭应用
2025-04-11 10:48:44,279 - app.main - INFO - 启动应用
2025-04-11 10:48:44,279 - app.main - INFO - 上传目录已存在: E:\Work\ai-assistance\backend\uploads
2025-04-11 10:48:44,279 - app.main - INFO - 文档目录已存在: E:\Work\ai-assistance\backend\uploads\documents
2025-04-11 10:48:44,280 - app.main - INFO - 嵌入目录已存在: E:\Work\ai-assistance\backend\uploads\embeddings
2025-04-11 10:48:44,288 - task_manager - INFO - Document processor worker started
2025-04-11 10:48:44,288 - task_manager - INFO - Embedding worker started
2025-04-11 10:48:44,288 - task_manager - INFO - Task Manager started
2025-04-11 10:48:44,289 - app.main - INFO - 应用启动完成，默认管理员账号已处理，任务管理器已启动
2025-04-11 10:48:44,729 - app.main - INFO - 关闭应用
2025-04-11 10:48:45,313 - app.main - INFO - 启动应用
2025-04-11 10:48:45,313 - app.main - INFO - 上传目录已存在: E:\Work\ai-assistance\backend\uploads
2025-04-11 10:48:45,314 - app.main - INFO - 文档目录已存在: E:\Work\ai-assistance\backend\uploads\documents
2025-04-11 10:48:45,314 - app.main - INFO - 嵌入目录已存在: E:\Work\ai-assistance\backend\uploads\embeddings
2025-04-11 10:48:45,322 - task_manager - INFO - Document processor worker started
2025-04-11 10:48:45,323 - task_manager - INFO - Embedding worker started
2025-04-11 10:48:45,323 - task_manager - INFO - Task Manager started
2025-04-11 10:48:45,323 - app.main - INFO - 应用启动完成，默认管理员账号已处理，任务管理器已启动
2025-04-11 10:48:45,539 - app.main - INFO - 关闭应用
2025-04-11 10:48:46,067 - app.main - INFO - 启动应用
2025-04-11 10:48:46,067 - app.main - INFO - 上传目录已存在: E:\Work\ai-assistance\backend\uploads
2025-04-11 10:48:46,067 - app.main - INFO - 文档目录已存在: E:\Work\ai-assistance\backend\uploads\documents
2025-04-11 10:48:46,068 - app.main - INFO - 嵌入目录已存在: E:\Work\ai-assistance\backend\uploads\embeddings
2025-04-11 10:48:46,076 - task_manager - INFO - Document processor worker started
2025-04-11 10:48:46,076 - task_manager - INFO - Embedding worker started
2025-04-11 10:48:46,076 - task_manager - INFO - Task Manager started
2025-04-11 10:48:46,077 - app.main - INFO - 应用启动完成，默认管理员账号已处理，任务管理器已启动
2025-04-11 10:48:46,624 - app.main - INFO - 关闭应用
2025-04-11 10:48:47,151 - app.main - INFO - 启动应用
2025-04-11 10:48:47,151 - app.main - INFO - 上传目录已存在: E:\Work\ai-assistance\backend\uploads
2025-04-11 10:48:47,151 - app.main - INFO - 文档目录已存在: E:\Work\ai-assistance\backend\uploads\documents
2025-04-11 10:48:47,152 - app.main - INFO - 嵌入目录已存在: E:\Work\ai-assistance\backend\uploads\embeddings
2025-04-11 10:48:47,159 - task_manager - INFO - Document processor worker started
2025-04-11 10:48:47,160 - task_manager - INFO - Embedding worker started
2025-04-11 10:48:47,160 - task_manager - INFO - Task Manager started
2025-04-11 10:48:47,160 - app.main - INFO - 应用启动完成，默认管理员账号已处理，任务管理器已启动
2025-04-11 10:48:59,098 - app.main - INFO - 关闭应用
2025-04-11 10:49:10,031 - app.main - INFO - 启动应用
2025-04-11 10:49:10,031 - app.main - INFO - 上传目录已存在: E:\Work\ai-assistance\backend\uploads
2025-04-11 10:49:10,031 - app.main - INFO - 文档目录已存在: E:\Work\ai-assistance\backend\uploads\documents
2025-04-11 10:49:10,031 - app.main - INFO - 嵌入目录已存在: E:\Work\ai-assistance\backend\uploads\embeddings
2025-04-11 10:49:10,039 - task_manager - INFO - Document processor worker started
2025-04-11 10:49:10,039 - task_manager - INFO - Embedding worker started
2025-04-11 10:49:10,039 - task_manager - INFO - Task Manager started
2025-04-11 10:49:10,039 - app.main - INFO - 应用启动完成，默认管理员账号已处理，任务管理器已启动
2025-04-11 10:49:21,072 - ai_dialog_service - INFO - Initialized AI Dialog Service
2025-04-11 10:49:21,072 - deepseek_client - INFO - 初始化DeepSeek API客户端
2025-04-11 10:49:21,072 - deepseek_client - INFO - 使用API基础URL: https://api.deepseek.com
2025-04-11 10:49:21,072 - deepseek_service - INFO - DeepSeekService initialized with real API client
2025-04-11 10:49:21,103 - ai_dialog_service - INFO - 未收到消息历史，只使用当前消息
2025-04-11 10:49:21,103 - ai_dialog_service - INFO - 查询知识库: 用户=221dckf, 模型=deepseek, 查询=你好
2025-04-11 10:49:21,104 - ai_dialog_service - INFO - 没有找到可用的知识库
2025-04-11 10:49:21,104 - ai_dialog_service - INFO - 调用DeepSeek服务，对话ID: c9463e13-59ed-4167-9250-e5afaa7bb367
2025-04-11 10:49:21,104 - ai_dialog_service - INFO - 发送消息历史: [{"role": "system", "content": "你是一个由DeepSeek开发的AI助手，擅长回答各种问题，请提供准确、有帮助的回答。"}, {"role": "user", "content": "你好"}]
2025-04-11 10:49:21,104 - deepseek_service - INFO - 调用DeepSeek聊天API，使用模型：deepseek-chat，消息数：2
2025-04-11 10:49:21,104 - deepseek_client - INFO - 准备调用DeepSeek API: https://api.deepseek.com/v1/chat/completions
2025-04-11 10:49:21,104 - deepseek_client - INFO - 使用模型: deepseek-chat
2025-04-11 10:49:21,105 - deepseek_client - INFO - 消息数量: 2
2025-04-11 10:49:21,105 - deepseek_client - INFO - API密钥: sk-08...44b1d
2025-04-11 10:49:21,105 - deepseek_client - INFO - 消息内容: [{"role": "system", "content": "你是一个由DeepSeek开发的AI助手，擅长回答各种问题，请提供准确、有帮助的回答。"}, {"role": "user", "content": "你好"}]
2025-04-11 10:49:21,105 - deepseek_client - INFO - 发送请求体: {"model": "deepseek-chat", "messages": [{"role": "system", "content": "你是一个由DeepSeek开发的AI助手，擅长回答各种问题，请提供准确、有帮助的回答。"}, {"role": "user", "content": "你好"}], "temperature": 0.7, "max_tokens": 2000, "stream": false}
2025-04-11 10:49:21,105 - deepseek_client - INFO - 请求URL: https://api.deepseek.com/v1/chat/completions
2025-04-11 10:49:21,105 - deepseek_client - INFO - 请求头: {"Authorization": "Bearer sk-08943f26f4374dc0b122f8ede6144b1d", "Content-Type": "application/json"}
2025-04-11 10:49:26,058 - deepseek_client - INFO - 收到响应状态码: 200
2025-04-11 10:49:26,058 - deepseek_client - INFO - 响应头: {'Date': 'Fri, 11 Apr 2025 02:49:20 GMT', 'Content-Type': 'application/json', 'Transfer-Encoding': 'chunked', 'Connection': 'keep-alive', 'Set-Cookie': 'HWWAFSESID=906a91036a8487dcac1; path=/, HWWAFSESTIME=1744339760192; path=/', 'vary': 'origin, access-control-request-method, access-control-request-headers', 'access-control-allow-credentials': 'true', 'x-ds-trace-id': 'c5adf33bc3a9ff2103fc1617c2b6a3e5', 'Strict-Transport-Security': 'max-age=31536000; includeSubDomains; preload', 'X-Content-Type-Options': 'nosniff', 'Content-Encoding': 'gzip', 'Server': 'elb'}
2025-04-11 10:49:26,059 - deepseek_client - INFO - 响应JSON完整内容: {"id": "583ebc95-eb8a-4f9e-81af-fb0b94e13142", "object": "chat.completion", "created": 1744339760, "model": "deepseek-chat", "choices": [{"index": 0, "message": {"role": "assistant", "content": "你好！😊 我是DeepSeek Chat，很高兴见到你！有什么我可以帮助你的吗？"}, "logprobs": null, "finish_reason": "stop"}], "usage": {"prompt_tokens": 26, "completion_tokens": 21, "total_tokens": 47, "prompt_tokens_details": {"cached_tokens": 0}, "prompt_cache_hit_tokens": 0, "prompt_cache_miss_tokens": 26}, "system_fingerprint": "fp_3d5141a69a_prod0225"}
2025-04-11 10:49:26,060 - deepseek_client - INFO - 成功获取响应内容: 你好！😊 我是DeepSeek Chat，很高兴见到你！有什么我可以帮助你的吗？
2025-04-11 10:49:26,060 - deepseek_service - INFO - DeepSeek API调用成功，返回内容长度：40
2025-04-11 10:49:26,060 - ai_dialog_service - INFO - DeepSeek API完整响应: {"id": "583ebc95-eb8a-4f9e-81af-fb0b94e13142", "object": "chat.completion", "created": 1744339760, "model": "deepseek-chat", "choices": [{"index": 0, "message": {"role": "assistant", "content": "你好！😊 我是DeepSeek Chat，很高兴见到你！有什么我可以帮助你的吗？"}, "logprobs": null, "finish_reason": "stop"}], "usage": {"prompt_tokens": 26, "completion_tokens": 21, "total_tokens": 47, "prompt_tokens_details": {"cached_tokens": 0}, "prompt_cache_hit_tokens": 0, "prompt_cache_miss_tokens": 26}, "system_fingerprint": "fp_3d5141a69a_prod0225"}
2025-04-11 10:49:26,061 - ai_dialog_service - INFO - 从API提取到的AI回复: 你好！😊 我是DeepSeek Chat，很高兴见到你！有什么我可以帮助你的吗？
2025-04-11 10:52:30,281 - ai_dialog_service - INFO - 未收到消息历史，只使用当前消息
2025-04-11 10:52:30,281 - ai_dialog_service - INFO - 查询知识库: 用户=221dckf, 模型=deepseek, 查询=南丹在哪里
2025-04-11 10:52:30,282 - ai_dialog_service - INFO - 没有找到可用的知识库
2025-04-11 10:52:30,282 - ai_dialog_service - INFO - 调用DeepSeek服务，对话ID: 348d20d1-4375-445f-a4c1-a1910c7febbb
2025-04-11 10:52:30,282 - ai_dialog_service - INFO - 发送消息历史: [{"role": "system", "content": "你是一个由DeepSeek开发的AI助手，擅长回答各种问题，请提供准确、有帮助的回答。"}, {"role": "user", "content": "南丹在哪里"}]
2025-04-11 10:52:30,282 - deepseek_service - INFO - 调用DeepSeek聊天API，使用模型：deepseek-chat，消息数：2
2025-04-11 10:52:30,282 - deepseek_client - INFO - 准备调用DeepSeek API: https://api.deepseek.com/v1/chat/completions
2025-04-11 10:52:30,282 - deepseek_client - INFO - 使用模型: deepseek-chat
2025-04-11 10:52:30,283 - deepseek_client - INFO - 消息数量: 2
2025-04-11 10:52:30,283 - deepseek_client - INFO - API密钥: sk-08...44b1d
2025-04-11 10:52:30,283 - deepseek_client - INFO - 消息内容: [{"role": "system", "content": "你是一个由DeepSeek开发的AI助手，擅长回答各种问题，请提供准确、有帮助的回答。"}, {"role": "user", "content": "南丹在哪里"}]
2025-04-11 10:52:30,283 - deepseek_client - INFO - 发送请求体: {"model": "deepseek-chat", "messages": [{"role": "system", "content": "你是一个由DeepSeek开发的AI助手，擅长回答各种问题，请提供准确、有帮助的回答。"}, {"role": "user", "content": "南丹在哪里"}], "temperature": 0.7, "max_tokens": 2000, "stream": false}
2025-04-11 10:52:30,283 - deepseek_client - INFO - 请求URL: https://api.deepseek.com/v1/chat/completions
2025-04-11 10:52:30,283 - deepseek_client - INFO - 请求头: {"Authorization": "Bearer sk-08943f26f4374dc0b122f8ede6144b1d", "Content-Type": "application/json"}
2025-04-11 10:52:51,512 - deepseek_client - INFO - 收到响应状态码: 200
2025-04-11 10:52:51,513 - deepseek_client - INFO - 响应头: {'Date': 'Fri, 11 Apr 2025 02:52:29 GMT', 'Content-Type': 'application/json', 'Transfer-Encoding': 'chunked', 'Connection': 'keep-alive', 'Set-Cookie': 'HWWAFSESTIME=1744339947598; path=/, HWWAFSESID=30f7b382e72b9681fb0; path=/', 'vary': 'origin, access-control-request-method, access-control-request-headers', 'access-control-allow-credentials': 'true', 'x-ds-trace-id': '0d082f38aa5d6d0f4f286755c8e5dd28', 'Strict-Transport-Security': 'max-age=31536000; includeSubDomains; preload', 'X-Content-Type-Options': 'nosniff', 'Content-Encoding': 'gzip', 'Server': 'elb'}
2025-04-11 10:52:51,516 - deepseek_client - INFO - 响应JSON完整内容: {"id": "71271c22-30df-49a8-8a5d-254900c24e0e", "object": "chat.completion", "created": 1744339949, "model": "deepseek-chat", "choices": [{"index": 0, "message": {"role": "assistant", "content": "南丹县位于中国广西壮族自治区西北部，隶属于河池市，地处云贵高原向广西丘陵过渡的地带。以下是关于南丹县的一些详细信息：\n\n### 地理位置\n- **行政区划**：隶属广西河池市，是广西的北大门之一，与贵州省接壤。\n- **周边地区**：东邻环江县，西连贵州独山县、平塘县，北接贵州荔波县，南毗天峨县、东兰县。\n\n### 特点\n1. **矿产资源丰富**：以“有色金属之乡”著称，盛产锡、铅、锌等，其中锡矿储量居全国前列。\n2. **自然与人文景观**：\n   - **丹泉酒业**：以“丹泉酒”闻名，是广西知名白酒品牌。\n   - **白裤瑶民俗**：境内有白裤瑶等少数民族，民族文化独特，瑶族风情浓郁。\n   - **旅游景点**：如歌娅思谷（喀斯特地貌景区）、地下大峡谷等。\n\n3. **交通**：\n   - 公路：G75兰海高速、G210国道经过。\n   - 铁路：黔桂铁路过境，设有南丹站。\n\n### 历史与文化\n- 南丹之名始于宋代（公元974年建制），历史上是土司统治地区。\n- 白裤瑶被联合国教科文组织称为“人类文明的活化石”，其服饰、婚俗等保存完整。\n\n### 旅行提示\n- 若计划前往，可体验少数民族文化、探秘溶洞景观，或考察矿业历史。\n\n如需更具体的交通、景点或民俗信息，可进一步补充提问！"}, "logprobs": null, "finish_reason": "stop"}], "usage": {"prompt_tokens": 28, "completion_tokens": 347, "total_tokens": 375, "prompt_tokens_details": {"cached_tokens": 0}, "prompt_cache_hit_tokens": 0, "prompt_cache_miss_tokens": 28}, "system_fingerprint": "fp_3d5141a69a_prod0225"}
2025-04-11 10:52:51,519 - deepseek_client - INFO - 成功获取响应内容: 南丹县位于中国广西壮族自治区西北部，隶属于河池市，地处云贵高原向广西丘陵过渡的地带。以下是关于南丹县的一些详细信息：

### 地理位置
- **行政区划**：隶属广西河池市，是广西的北大门之一，与贵州省接壤。
- **周边地区**：东邻环江县，西连贵州独山县、平塘县，北接贵州荔波县，南毗天峨县、东兰县。

### 特点
1. **矿产资源丰富**：以“有色金属之乡”著称，盛产锡、铅、锌等，其中锡矿储量居全国前列。
2. **自然与人文景观**：
   - **丹泉酒业**：以“丹泉酒”闻名，是广西知名白酒品牌。
   - **白裤瑶民俗**：境内有白裤瑶等少数民族，民族文化独特，瑶族风情浓郁。
   - **旅游景点**：如歌娅思谷（喀斯特地貌景区）、地下大峡谷等。

3. **交通**：
   - 公路：G75兰海高速、G210国道经过。
   - 铁路：黔桂铁路过境，设有南丹站。

### 历史与文化
- 南丹之名始于宋代（公元974年建制），历史上是土司统治地区。
- 白裤瑶被联合国教科文组织称为“人类文明的活化石”，其服饰、婚俗等保存完整。

### 旅行提示
- 若计划前往，可体验少数民族文化、探秘溶洞景观，或考察矿业历史。

如需更具体的交通、景点或民俗信息，可进一步补充提问！
2025-04-11 10:52:51,520 - deepseek_service - INFO - DeepSeek API调用成功，返回内容长度：554
2025-04-11 10:52:51,521 - ai_dialog_service - INFO - DeepSeek API完整响应: {"id": "71271c22-30df-49a8-8a5d-254900c24e0e", "object": "chat.completion", "created": 1744339949, "model": "deepseek-chat", "choices": [{"index": 0, "message": {"role": "assistant", "content": "南丹县位于中国广西壮族自治区西北部，隶属于河池市，地处云贵高原向广西丘陵过渡的地带。以下是关于南丹县的一些详细信息：\n\n### 地理位置\n- **行政区划**：隶属广西河池市，是广西的北大门之一，与贵州省接壤。\n- **周边地区**：东邻环江县，西连贵州独山县、平塘县，北接贵州荔波县，南毗天峨县、东兰县。\n\n### 特点\n1. **矿产资源丰富**：以“有色金属之乡”著称，盛产锡、铅、锌等，其中锡矿储量居全国前列。\n2. **自然与人文景观**：\n   - **丹泉酒业**：以“丹泉酒”闻名，是广西知名白酒品牌。\n   - **白裤瑶民俗**：境内有白裤瑶等少数民族，民族文化独特，瑶族风情浓郁。\n   - **旅游景点**：如歌娅思谷（喀斯特地貌景区）、地下大峡谷等。\n\n3. **交通**：\n   - 公路：G75兰海高速、G210国道经过。\n   - 铁路：黔桂铁路过境，设有南丹站。\n\n### 历史与文化\n- 南丹之名始于宋代（公元974年建制），历史上是土司统治地区。\n- 白裤瑶被联合国教科文组织称为“人类文明的活化石”，其服饰、婚俗等保存完整。\n\n### 旅行提示\n- 若计划前往，可体验少数民族文化、探秘溶洞景观，或考察矿业历史。\n\n如需更具体的交通、景点或民俗信息，可进一步补充提问！"}, "logprobs": null, "finish_reason": "stop"}], "usage": {"prompt_tokens": 28, "completion_tokens": 347, "total_tokens": 375, "prompt_tokens_details": {"cached_tokens": 0}, "prompt_cache_hit_tokens": 0, "prompt_cache_miss_tokens": 28}, "system_fingerprint": "fp_3d5141a69a_prod0225"}
2025-04-11 10:52:51,521 - ai_dialog_service - INFO - 从API提取到的AI回复: 南丹县位于中国广西壮族自治区西北部，隶属于河池市，地处云贵高原向广西丘陵过渡的地带。以下是关于南丹县的一些详细信息：

### 地理位置
- **行政区划**：隶属广西河池市，是广西的北大门之一，与贵州省接壤。
- **周边地区**：东邻环江县，西连贵州独山县、平塘县，北接贵州荔波县，南毗天峨县、东兰县。

### 特点
1. **矿产资源丰富**：以“有色金属之乡”著称，盛产锡、铅、锌等，其中锡矿储量居全国前列。
2. **自然与人文景观**：
   - **丹泉酒业**：以“丹泉酒”闻名，是广西知名白酒品牌。
   - **白裤瑶民俗**：境内有白裤瑶等少数民族，民族文化独特，瑶族风情浓郁。
   - **旅游景点**：如歌娅思谷（喀斯特地貌景区）、地下大峡谷等。

3. **交通**：
   - 公路：G75兰海高速、G210国道经过。
   - 铁路：黔桂铁路过境，设有南丹站。

### 历史与文化
- 南丹之名始于宋代（公元974年建制），历史上是土司统治地区。
- 白裤瑶被联合国教科文组织称为“人类文明的活化石”，其服饰、婚俗等保存完整。

### 旅行提示
- 若计划前往，可体验少数民族文化、探秘溶洞景观，或考察矿业历史。

如需更具体的交通、景点或民俗信息，可进一步补充提问！
2025-04-11 15:21:29,675 - app.main - INFO - 关闭应用
2025-04-11 15:21:57,609 - app.main - INFO - 启动应用
2025-04-11 15:21:57,610 - app.main - INFO - 上传目录已存在: E:\Work\ai-assistance\backend\uploads
2025-04-11 15:21:57,610 - app.main - INFO - 文档目录已存在: E:\Work\ai-assistance\backend\uploads\documents
2025-04-11 15:21:57,610 - app.main - INFO - 嵌入目录已存在: E:\Work\ai-assistance\backend\uploads\embeddings
2025-04-11 15:21:57,618 - task_manager - INFO - Document processor worker started
2025-04-11 15:21:57,618 - task_manager - INFO - Embedding worker started
2025-04-11 15:21:57,618 - task_manager - INFO - Task Manager started
2025-04-11 15:21:57,619 - app.main - INFO - 应用启动完成，默认管理员账号已处理，任务管理器已启动
2025-04-11 15:22:35,872 - ai_dialog_service - INFO - Initialized AI Dialog Service
2025-04-11 15:22:35,873 - deepseek_client - INFO - 初始化DeepSeek API客户端
2025-04-11 15:22:35,873 - deepseek_client - INFO - 使用API基础URL: https://api.deepseek.com
2025-04-11 15:22:35,873 - deepseek_service - INFO - DeepSeekService initialized with real API client
2025-04-11 15:22:35,921 - ai_dialog_service - INFO - 未收到消息历史，只使用当前消息
2025-04-11 15:22:35,922 - ai_dialog_service - INFO - 查询知识库: 用户=221dckf, 模型=deepseek, 查询=您好
2025-04-11 15:22:35,922 - ai_dialog_service - INFO - 没有找到可用的知识库
2025-04-11 15:22:35,922 - ai_dialog_service - INFO - 调用DeepSeek服务，对话ID: cc364ec7-5159-4223-ac95-4fea742a1ea9
2025-04-11 15:22:35,922 - ai_dialog_service - INFO - 发送消息历史: [{"role": "system", "content": "你是一个由DeepSeek开发的AI助手，擅长回答各种问题，请提供准确、有帮助的回答。"}, {"role": "user", "content": "您好"}]
2025-04-11 15:22:35,922 - deepseek_service - INFO - 调用DeepSeek聊天API，使用模型：deepseek-chat，消息数：2
2025-04-11 15:22:35,922 - deepseek_client - INFO - 准备调用DeepSeek API: https://api.deepseek.com/v1/chat/completions
2025-04-11 15:22:35,923 - deepseek_client - INFO - 使用模型: deepseek-chat
2025-04-11 15:22:35,923 - deepseek_client - INFO - 消息数量: 2
2025-04-11 15:22:35,923 - deepseek_client - INFO - API密钥: sk-08...44b1d
2025-04-11 15:22:35,923 - deepseek_client - INFO - 消息内容: [{"role": "system", "content": "你是一个由DeepSeek开发的AI助手，擅长回答各种问题，请提供准确、有帮助的回答。"}, {"role": "user", "content": "您好"}]
2025-04-11 15:22:35,923 - deepseek_client - INFO - 发送请求体: {"model": "deepseek-chat", "messages": [{"role": "system", "content": "你是一个由DeepSeek开发的AI助手，擅长回答各种问题，请提供准确、有帮助的回答。"}, {"role": "user", "content": "您好"}], "temperature": 0.7, "max_tokens": 2000, "stream": false}
2025-04-11 15:22:35,923 - deepseek_client - INFO - 请求URL: https://api.deepseek.com/v1/chat/completions
2025-04-11 15:22:35,923 - deepseek_client - INFO - 请求头: {"Authorization": "Bearer sk-08943f26f4374dc0b122f8ede6144b1d", "Content-Type": "application/json"}
2025-04-11 15:22:42,161 - deepseek_client - INFO - 收到响应状态码: 200
2025-04-11 15:22:42,161 - deepseek_client - INFO - 响应头: {'Date': 'Fri, 11 Apr 2025 07:22:35 GMT', 'Content-Type': 'application/json', 'Transfer-Encoding': 'chunked', 'Connection': 'keep-alive', 'Set-Cookie': 'HWWAFSESTIME=1744356151301; path=/, HWWAFSESID=c173465201c68aa2ccd; path=/', 'vary': 'origin, access-control-request-method, access-control-request-headers', 'access-control-allow-credentials': 'true', 'x-ds-trace-id': '198cbd02d988de19d519103624958b52', 'Strict-Transport-Security': 'max-age=31536000; includeSubDomains; preload', 'X-Content-Type-Options': 'nosniff', 'Content-Encoding': 'gzip', 'Server': 'elb'}
2025-04-11 15:22:42,162 - deepseek_client - INFO - 响应JSON完整内容: {"id": "d10c0de8-e471-4e45-b0b3-093deeb9eba9", "object": "chat.completion", "created": 1744356155, "model": "deepseek-chat", "choices": [{"index": 0, "message": {"role": "assistant", "content": "您好！😊 我是DeepSeek Chat，很高兴为您服务！有什么可以帮您的吗？无论是学习、工作还是生活上的问题，我都会尽力解答~"}, "logprobs": null, "finish_reason": "stop"}], "usage": {"prompt_tokens": 26, "completion_tokens": 34, "total_tokens": 60, "prompt_tokens_details": {"cached_tokens": 0}, "prompt_cache_hit_tokens": 0, "prompt_cache_miss_tokens": 26}, "system_fingerprint": "fp_3d5141a69a_prod0225"}
2025-04-11 15:22:42,163 - deepseek_client - INFO - 成功获取响应内容: 您好！😊 我是DeepSeek Chat，很高兴为您服务！有什么可以帮您的吗？无论是学习、工作还是生活上的问题，我都会尽力解答~
2025-04-11 15:22:42,163 - deepseek_service - INFO - DeepSeek API调用成功，返回内容长度：64
2025-04-11 15:22:42,163 - ai_dialog_service - INFO - DeepSeek API完整响应: {"id": "d10c0de8-e471-4e45-b0b3-093deeb9eba9", "object": "chat.completion", "created": 1744356155, "model": "deepseek-chat", "choices": [{"index": 0, "message": {"role": "assistant", "content": "您好！😊 我是DeepSeek Chat，很高兴为您服务！有什么可以帮您的吗？无论是学习、工作还是生活上的问题，我都会尽力解答~"}, "logprobs": null, "finish_reason": "stop"}], "usage": {"prompt_tokens": 26, "completion_tokens": 34, "total_tokens": 60, "prompt_tokens_details": {"cached_tokens": 0}, "prompt_cache_hit_tokens": 0, "prompt_cache_miss_tokens": 26}, "system_fingerprint": "fp_3d5141a69a_prod0225"}
2025-04-11 15:22:42,164 - ai_dialog_service - INFO - 从API提取到的AI回复: 您好！😊 我是DeepSeek Chat，很高兴为您服务！有什么可以帮您的吗？无论是学习、工作还是生活上的问题，我都会尽力解答~
2025-04-11 15:23:04,782 - ai_dialog_service - INFO - 未收到消息历史，只使用当前消息
2025-04-11 15:23:04,782 - ai_dialog_service - INFO - 查询知识库: 用户=221dckf, 模型=deepseek, 查询=南丹在哪里
2025-04-11 15:23:04,783 - ai_dialog_service - INFO - 没有找到可用的知识库
2025-04-11 15:23:04,783 - ai_dialog_service - INFO - 调用DeepSeek服务，对话ID: c72dc6f7-a0e4-42ee-9d10-0fe6609adb5e
2025-04-11 15:23:04,783 - ai_dialog_service - INFO - 发送消息历史: [{"role": "system", "content": "你是一个由DeepSeek开发的AI助手，擅长回答各种问题，请提供准确、有帮助的回答。"}, {"role": "user", "content": "南丹在哪里"}]
2025-04-11 15:23:04,783 - deepseek_service - INFO - 调用DeepSeek聊天API，使用模型：deepseek-chat，消息数：2
2025-04-11 15:23:04,783 - deepseek_client - INFO - 准备调用DeepSeek API: https://api.deepseek.com/v1/chat/completions
2025-04-11 15:23:04,784 - deepseek_client - INFO - 使用模型: deepseek-chat
2025-04-11 15:23:04,784 - deepseek_client - INFO - 消息数量: 2
2025-04-11 15:23:04,784 - deepseek_client - INFO - API密钥: sk-08...44b1d
2025-04-11 15:23:04,784 - deepseek_client - INFO - 消息内容: [{"role": "system", "content": "你是一个由DeepSeek开发的AI助手，擅长回答各种问题，请提供准确、有帮助的回答。"}, {"role": "user", "content": "南丹在哪里"}]
2025-04-11 15:23:04,784 - deepseek_client - INFO - 发送请求体: {"model": "deepseek-chat", "messages": [{"role": "system", "content": "你是一个由DeepSeek开发的AI助手，擅长回答各种问题，请提供准确、有帮助的回答。"}, {"role": "user", "content": "南丹在哪里"}], "temperature": 0.7, "max_tokens": 2000, "stream": false}
2025-04-11 15:23:04,785 - deepseek_client - INFO - 请求URL: https://api.deepseek.com/v1/chat/completions
2025-04-11 15:23:04,785 - deepseek_client - INFO - 请求头: {"Authorization": "Bearer sk-08943f26f4374dc0b122f8ede6144b1d", "Content-Type": "application/json"}
2025-04-11 15:23:34,247 - deepseek_client - INFO - 收到响应状态码: 200
2025-04-11 15:23:34,248 - deepseek_client - INFO - 响应头: {'Date': 'Fri, 11 Apr 2025 07:23:04 GMT', 'Content-Type': 'application/json', 'Transfer-Encoding': 'chunked', 'Connection': 'keep-alive', 'Set-Cookie': 'HWWAFSESID=4933ea0e7e87b82dc7; path=/, HWWAFSESTIME=1744356183925; path=/', 'vary': 'origin, access-control-request-method, access-control-request-headers', 'access-control-allow-credentials': 'true', 'x-ds-trace-id': 'c0db5e11a27102a74c0ae66e0d17e856', 'Strict-Transport-Security': 'max-age=31536000; includeSubDomains; preload', 'X-Content-Type-Options': 'nosniff', 'Content-Encoding': 'gzip', 'Server': 'elb'}
2025-04-11 15:23:34,250 - deepseek_client - INFO - 响应JSON完整内容: {"id": "668824f5-4a6e-434e-868e-f48f11002ea3", "object": "chat.completion", "created": 1744356184, "model": "deepseek-chat", "choices": [{"index": 0, "message": {"role": "assistant", "content": "南丹县是中国广西壮族自治区河池市下辖的一个县，位于广西西北部，地处云贵高原南缘。以下是关于南丹的一些详细信息：\n\n### 地理位置\n- **行政区划**：隶属河池市，东接环江县，南邻金城江区，西连贵州省荔波县，北靠贵州省独山县。\n- **地形特点**：以山地为主，属典型的喀斯特地貌，平均海拔约800米。\n\n### 历史与文化\n- **建置历史**：南丹县始建于宋朝（公元974年），历史悠久，是广西历史上的军事重镇。\n- **民族特色**：以壮族、瑶族为主，少数民族文化浓郁，有独特的服饰、节庆（如瑶族盘王节）和铜鼓文化。\n\n### 经济与资源\n- **矿产资源**：富含锡、铅、锌、锑等，被誉为“有色金属之乡”，其中锡矿储量居全国前列。\n- **农业**：盛产优质稻米、烟草、板栗等，南丹黄腊李、巴平米为地理标志产品。\n- **工业**：以有色金属冶炼为支柱，近年发展生态旅游和特色农业。\n\n### 旅游景点\n1. **丹泉酒洞天**：利用天然溶洞建设的酒窖，融合工业旅游与喀斯特景观。\n2. **歌娅思谷白裤瑶民俗风情园**：展示白裤瑶族文化的生态旅游区。\n3. **温泉公园**：以地热温泉为特色，含多个养生泡池。\n4. **地下大峡谷**：未完全开发的喀斯特溶洞，探险爱好者的目的地。\n\n### 交通\n- **公路**：G75兰海高速、210国道贯穿全境，至河池市区约1.5小时车程。\n- **铁路**：黔桂铁路过境，设有南丹站，可通达柳州、贵阳等地。\n- **周边机场**：最近的民用机场为河池金城江机场（约100公里），或可飞抵贵阳龙洞堡机场（约200公里）。\n\n### 小贴士\n- **气候**：亚热带季风气候，夏季凉爽（平均23℃），冬季湿冷，适合避暑。\n- **最佳旅游季**：春秋季（3-5月、9-11月），避开雨季（6-8月易有山洪）。\n\n若有具体需求（如路线、景点详情），可进一步补充提问。"}, "logprobs": null, "finish_reason": "stop"}], "usage": {"prompt_tokens": 28, "completion_tokens": 513, "total_tokens": 541, "prompt_tokens_details": {"cached_tokens": 0}, "prompt_cache_hit_tokens": 0, "prompt_cache_miss_tokens": 28}, "system_fingerprint": "fp_3d5141a69a_prod0225"}
2025-04-11 15:23:34,252 - deepseek_client - INFO - 成功获取响应内容: 南丹县是中国广西壮族自治区河池市下辖的一个县，位于广西西北部，地处云贵高原南缘。以下是关于南丹的一些详细信息：

### 地理位置
- **行政区划**：隶属河池市，东接环江县，南邻金城江区，西连贵州省荔波县，北靠贵州省独山县。
- **地形特点**：以山地为主，属典型的喀斯特地貌，平均海拔约800米。

### 历史与文化
- **建置历史**：南丹县始建于宋朝（公元974年），历史悠久，是广西历史上的军事重镇。
- **民族特色**：以壮族、瑶族为主，少数民族文化浓郁，有独特的服饰、节庆（如瑶族盘王节）和铜鼓文化。

### 经济与资源
- **矿产资源**：富含锡、铅、锌、锑等，被誉为“有色金属之乡”，其中锡矿储量居全国前列。
- **农业**：盛产优质稻米、烟草、板栗等，南丹黄腊李、巴平米为地理标志产品。
- **工业**：以有色金属冶炼为支柱，近年发展生态旅游和特色农业。

### 旅游景点
1. **丹泉酒洞天**：利用天然溶洞建设的酒窖，融合工业旅游与喀斯特景观。
2. **歌娅思谷白裤瑶民俗风情园**：展示白裤瑶族文化的生态旅游区。
3. **温泉公园**：以地热温泉为特色，含多个养生泡池。
4. **地下大峡谷**：未完全开发的喀斯特溶洞，探险爱好者的目的地。

### 交通
- **公路**：G75兰海高速、210国道贯穿全境，至河池市区约1.5小时车程。
- **铁路**：黔桂铁路过境，设有南丹站，可通达柳州、贵阳等地。
- **周边机场**：最近的民用机场为河池金城江机场（约100公里），或可飞抵贵阳龙洞堡机场（约200公里）。

### 小贴士
- **气候**：亚热带季风气候，夏季凉爽（平均23℃），冬季湿冷，适合避暑。
- **最佳旅游季**：春秋季（3-5月、9-11月），避开雨季（6-8月易有山洪）。

若有具体需求（如路线、景点详情），可进一步补充提问。
2025-04-11 15:23:34,256 - deepseek_service - INFO - DeepSeek API调用成功，返回内容长度：808
2025-04-11 15:23:34,257 - ai_dialog_service - INFO - DeepSeek API完整响应: {"id": "668824f5-4a6e-434e-868e-f48f11002ea3", "object": "chat.completion", "created": 1744356184, "model": "deepseek-chat", "choices": [{"index": 0, "message": {"role": "assistant", "content": "南丹县是中国广西壮族自治区河池市下辖的一个县，位于广西西北部，地处云贵高原南缘。以下是关于南丹的一些详细信息：\n\n### 地理位置\n- **行政区划**：隶属河池市，东接环江县，南邻金城江区，西连贵州省荔波县，北靠贵州省独山县。\n- **地形特点**：以山地为主，属典型的喀斯特地貌，平均海拔约800米。\n\n### 历史与文化\n- **建置历史**：南丹县始建于宋朝（公元974年），历史悠久，是广西历史上的军事重镇。\n- **民族特色**：以壮族、瑶族为主，少数民族文化浓郁，有独特的服饰、节庆（如瑶族盘王节）和铜鼓文化。\n\n### 经济与资源\n- **矿产资源**：富含锡、铅、锌、锑等，被誉为“有色金属之乡”，其中锡矿储量居全国前列。\n- **农业**：盛产优质稻米、烟草、板栗等，南丹黄腊李、巴平米为地理标志产品。\n- **工业**：以有色金属冶炼为支柱，近年发展生态旅游和特色农业。\n\n### 旅游景点\n1. **丹泉酒洞天**：利用天然溶洞建设的酒窖，融合工业旅游与喀斯特景观。\n2. **歌娅思谷白裤瑶民俗风情园**：展示白裤瑶族文化的生态旅游区。\n3. **温泉公园**：以地热温泉为特色，含多个养生泡池。\n4. **地下大峡谷**：未完全开发的喀斯特溶洞，探险爱好者的目的地。\n\n### 交通\n- **公路**：G75兰海高速、210国道贯穿全境，至河池市区约1.5小时车程。\n- **铁路**：黔桂铁路过境，设有南丹站，可通达柳州、贵阳等地。\n- **周边机场**：最近的民用机场为河池金城江机场（约100公里），或可飞抵贵阳龙洞堡机场（约200公里）。\n\n### 小贴士\n- **气候**：亚热带季风气候，夏季凉爽（平均23℃），冬季湿冷，适合避暑。\n- **最佳旅游季**：春秋季（3-5月、9-11月），避开雨季（6-8月易有山洪）。\n\n若有具体需求（如路线、景点详情），可进一步补充提问。"}, "logprobs": null, "finish_reason": "stop"}], "usage": {"prompt_tokens": 28, "completion_tokens": 513, "total_tokens": 541, "prompt_tokens_details": {"cached_tokens": 0}, "prompt_cache_hit_tokens": 0, "prompt_cache_miss_tokens": 28}, "system_fingerprint": "fp_3d5141a69a_prod0225"}
2025-04-11 15:23:34,259 - ai_dialog_service - INFO - 从API提取到的AI回复: 南丹县是中国广西壮族自治区河池市下辖的一个县，位于广西西北部，地处云贵高原南缘。以下是关于南丹的一些详细信息：

### 地理位置
- **行政区划**：隶属河池市，东接环江县，南邻金城江区，西连贵州省荔波县，北靠贵州省独山县。
- **地形特点**：以山地为主，属典型的喀斯特地貌，平均海拔约800米。

### 历史与文化
- **建置历史**：南丹县始建于宋朝（公元974年），历史悠久，是广西历史上的军事重镇。
- **民族特色**：以壮族、瑶族为主，少数民族文化浓郁，有独特的服饰、节庆（如瑶族盘王节）和铜鼓文化。

### 经济与资源
- **矿产资源**：富含锡、铅、锌、锑等，被誉为“有色金属之乡”，其中锡矿储量居全国前列。
- **农业**：盛产优质稻米、烟草、板栗等，南丹黄腊李、巴平米为地理标志产品。
- **工业**：以有色金属冶炼为支柱，近年发展生态旅游和特色农业。

### 旅游景点
1. **丹泉酒洞天**：利用天然溶洞建设的酒窖，融合工业旅游与喀斯特景观。
2. **歌娅思谷白裤瑶民俗风情园**：展示白裤瑶族文化的生态旅游区。
3. **温泉公园**：以地热温泉为特色，含多个养生泡池。
4. **地下大峡谷**：未完全开发的喀斯特溶洞，探险爱好者的目的地。

### 交通
- **公路**：G75兰海高速、210国道贯穿全境，至河池市区约1.5小时车程。
- **铁路**：黔桂铁路过境，设有南丹站，可通达柳州、贵阳等地。
- **周边机场**：最近的民用机场为河池金城江机场（约100公里），或可飞抵贵阳龙洞堡机场（约200公里）。

### 小贴士
- **气候**：亚热带季风气候，夏季凉爽（平均23℃），冬季湿冷，适合避暑。
- **最佳旅游季**：春秋季（3-5月、9-11月），避开雨季（6-8月易有山洪）。

若有具体需求（如路线、景点详情），可进一步补充提问。
2025-04-11 15:24:09,415 - ai_dialog_service - INFO - 未收到消息历史，只使用当前消息
2025-04-11 15:24:09,416 - ai_dialog_service - INFO - 查询知识库: 用户=221dckf, 模型=deepseek, 查询=河池在哪里
2025-04-11 15:24:09,416 - ai_dialog_service - INFO - 没有找到可用的知识库
2025-04-11 15:24:09,416 - ai_dialog_service - INFO - 调用DeepSeek服务，对话ID: c11ede2c-0872-41e8-bbf8-e39f02fbc9de
2025-04-11 15:24:09,416 - ai_dialog_service - INFO - 发送消息历史: [{"role": "system", "content": "你是一个由DeepSeek开发的AI助手，擅长回答各种问题，请提供准确、有帮助的回答。"}, {"role": "user", "content": "河池在哪里"}]
2025-04-11 15:24:09,417 - deepseek_service - INFO - 调用DeepSeek聊天API，使用模型：deepseek-chat，消息数：2
2025-04-11 15:24:09,417 - deepseek_client - INFO - 准备调用DeepSeek API: https://api.deepseek.com/v1/chat/completions
2025-04-11 15:24:09,417 - deepseek_client - INFO - 使用模型: deepseek-chat
2025-04-11 15:24:09,418 - deepseek_client - INFO - 消息数量: 2
2025-04-11 15:24:09,418 - deepseek_client - INFO - API密钥: sk-08...44b1d
2025-04-11 15:24:09,418 - deepseek_client - INFO - 消息内容: [{"role": "system", "content": "你是一个由DeepSeek开发的AI助手，擅长回答各种问题，请提供准确、有帮助的回答。"}, {"role": "user", "content": "河池在哪里"}]
2025-04-11 15:24:09,418 - deepseek_client - INFO - 发送请求体: {"model": "deepseek-chat", "messages": [{"role": "system", "content": "你是一个由DeepSeek开发的AI助手，擅长回答各种问题，请提供准确、有帮助的回答。"}, {"role": "user", "content": "河池在哪里"}], "temperature": 0.7, "max_tokens": 2000, "stream": false}
2025-04-11 15:24:09,419 - deepseek_client - INFO - 请求URL: https://api.deepseek.com/v1/chat/completions
2025-04-11 15:24:09,419 - deepseek_client - INFO - 请求头: {"Authorization": "Bearer sk-08943f26f4374dc0b122f8ede6144b1d", "Content-Type": "application/json"}
2025-04-11 15:24:37,365 - deepseek_client - INFO - 收到响应状态码: 200
2025-04-11 15:24:37,366 - deepseek_client - INFO - 响应头: {'Date': 'Fri, 11 Apr 2025 07:24:08 GMT', 'Content-Type': 'application/json', 'Transfer-Encoding': 'chunked', 'Connection': 'keep-alive', 'Set-Cookie': 'HWWAFSESTIME=1744356246461; path=/, HWWAFSESID=acbe43f44cfe072c38e; path=/', 'vary': 'origin, access-control-request-method, access-control-request-headers', 'access-control-allow-credentials': 'true', 'x-ds-trace-id': '4a23e5ffa2c110d48f85be39fe063d44', 'Strict-Transport-Security': 'max-age=31536000; includeSubDomains; preload', 'X-Content-Type-Options': 'nosniff', 'Content-Encoding': 'gzip', 'Server': 'elb'}
2025-04-11 15:24:37,367 - deepseek_client - INFO - 响应JSON完整内容: {"id": "8c221106-3f4f-40da-89f6-f6780216c732", "object": "chat.completion", "created": 1744356248, "model": "deepseek-chat", "choices": [{"index": 0, "message": {"role": "assistant", "content": "河池是中国广西壮族自治区下辖的一个地级市，位于广西西北部。以下是关于河池的详细信息：\n\n### 地理位置\n- **区域位置**：地处云贵高原南缘，与贵州省接壤，是广西的“北大门”。\n- **周边相邻**：东连柳州，南接来宾，西邻百色，北界贵州黔南州和黔东南州。\n\n### 行政区划\n- **辖区**：辖2区（金城江区、宜州区）、9县（包括罗城仫佬族自治县、环江毛南族自治县等），其中部分为少数民族自治县。\n- **政府驻地**：金城江区。\n\n### 特色与文化\n1. **民族风情**：  \n   - 以壮族为主，还有瑶族、仫佬族、毛南族等少数民族，民族文化丰富，有“刘三姐故乡”之称（宜州区）。\n   - 重要节日包括“三月三”歌节、仫佬族的“依饭节”等。\n\n2. **自然景观**：  \n   - **喀斯特地貌**：峰林、溶洞遍布，如巴马水晶宫、凤山三门海。  \n   - **长寿之乡**：巴马县是著名的“世界长寿之乡”，百岁老人比例极高。  \n   - **红水河**：流经境内，形成大化七百弄等峡谷景观。\n\n3. **旅游资源**：  \n   - 巴马长寿养生国际旅游区、东兰红色旅游区（韦拔群故居）、南丹白裤瑶民俗村等。\n\n### 交通\n- **铁路**：黔桂铁路过境，金城江、宜州为主要站点。  \n- **公路**：兰海高速（G75）、汕昆高速（G78）贯穿全境。  \n- **机场**：河池金城江机场（山区高填方机场，海拔较高）。\n\n### 经济与物产\n- **矿产**：锡、锑、锌等有色金属储量丰富，南丹县有“有色金属之乡”之称。  \n- **农业**：桑蚕、甘蔗、油茶、香猪（环江香猪为地理标志产品）。  \n\n若有具体需求（如旅游、交通等），可进一步补充信息！"}, "logprobs": null, "finish_reason": "stop"}], "usage": {"prompt_tokens": 28, "completion_tokens": 476, "total_tokens": 504, "prompt_tokens_details": {"cached_tokens": 0}, "prompt_cache_hit_tokens": 0, "prompt_cache_miss_tokens": 28}, "system_fingerprint": "fp_3d5141a69a_prod0225"}
2025-04-11 15:24:37,370 - deepseek_client - INFO - 成功获取响应内容: 河池是中国广西壮族自治区下辖的一个地级市，位于广西西北部。以下是关于河池的详细信息：

### 地理位置
- **区域位置**：地处云贵高原南缘，与贵州省接壤，是广西的“北大门”。
- **周边相邻**：东连柳州，南接来宾，西邻百色，北界贵州黔南州和黔东南州。

### 行政区划
- **辖区**：辖2区（金城江区、宜州区）、9县（包括罗城仫佬族自治县、环江毛南族自治县等），其中部分为少数民族自治县。
- **政府驻地**：金城江区。

### 特色与文化
1. **民族风情**：  
   - 以壮族为主，还有瑶族、仫佬族、毛南族等少数民族，民族文化丰富，有“刘三姐故乡”之称（宜州区）。
   - 重要节日包括“三月三”歌节、仫佬族的“依饭节”等。

2. **自然景观**：  
   - **喀斯特地貌**：峰林、溶洞遍布，如巴马水晶宫、凤山三门海。  
   - **长寿之乡**：巴马县是著名的“世界长寿之乡”，百岁老人比例极高。  
   - **红水河**：流经境内，形成大化七百弄等峡谷景观。

3. **旅游资源**：  
   - 巴马长寿养生国际旅游区、东兰红色旅游区（韦拔群故居）、南丹白裤瑶民俗村等。

### 交通
- **铁路**：黔桂铁路过境，金城江、宜州为主要站点。  
- **公路**：兰海高速（G75）、汕昆高速（G78）贯穿全境。  
- **机场**：河池金城江机场（山区高填方机场，海拔较高）。

### 经济与物产
- **矿产**：锡、锑、锌等有色金属储量丰富，南丹县有“有色金属之乡”之称。  
- **农业**：桑蚕、甘蔗、油茶、香猪（环江香猪为地理标志产品）。  

若有具体需求（如旅游、交通等），可进一步补充信息！
2025-04-11 15:24:37,373 - deepseek_service - INFO - DeepSeek API调用成功，返回内容长度：741
2025-04-11 15:24:37,373 - ai_dialog_service - INFO - DeepSeek API完整响应: {"id": "8c221106-3f4f-40da-89f6-f6780216c732", "object": "chat.completion", "created": 1744356248, "model": "deepseek-chat", "choices": [{"index": 0, "message": {"role": "assistant", "content": "河池是中国广西壮族自治区下辖的一个地级市，位于广西西北部。以下是关于河池的详细信息：\n\n### 地理位置\n- **区域位置**：地处云贵高原南缘，与贵州省接壤，是广西的“北大门”。\n- **周边相邻**：东连柳州，南接来宾，西邻百色，北界贵州黔南州和黔东南州。\n\n### 行政区划\n- **辖区**：辖2区（金城江区、宜州区）、9县（包括罗城仫佬族自治县、环江毛南族自治县等），其中部分为少数民族自治县。\n- **政府驻地**：金城江区。\n\n### 特色与文化\n1. **民族风情**：  \n   - 以壮族为主，还有瑶族、仫佬族、毛南族等少数民族，民族文化丰富，有“刘三姐故乡”之称（宜州区）。\n   - 重要节日包括“三月三”歌节、仫佬族的“依饭节”等。\n\n2. **自然景观**：  \n   - **喀斯特地貌**：峰林、溶洞遍布，如巴马水晶宫、凤山三门海。  \n   - **长寿之乡**：巴马县是著名的“世界长寿之乡”，百岁老人比例极高。  \n   - **红水河**：流经境内，形成大化七百弄等峡谷景观。\n\n3. **旅游资源**：  \n   - 巴马长寿养生国际旅游区、东兰红色旅游区（韦拔群故居）、南丹白裤瑶民俗村等。\n\n### 交通\n- **铁路**：黔桂铁路过境，金城江、宜州为主要站点。  \n- **公路**：兰海高速（G75）、汕昆高速（G78）贯穿全境。  \n- **机场**：河池金城江机场（山区高填方机场，海拔较高）。\n\n### 经济与物产\n- **矿产**：锡、锑、锌等有色金属储量丰富，南丹县有“有色金属之乡”之称。  \n- **农业**：桑蚕、甘蔗、油茶、香猪（环江香猪为地理标志产品）。  \n\n若有具体需求（如旅游、交通等），可进一步补充信息！"}, "logprobs": null, "finish_reason": "stop"}], "usage": {"prompt_tokens": 28, "completion_tokens": 476, "total_tokens": 504, "prompt_tokens_details": {"cached_tokens": 0}, "prompt_cache_hit_tokens": 0, "prompt_cache_miss_tokens": 28}, "system_fingerprint": "fp_3d5141a69a_prod0225"}
2025-04-11 15:24:37,374 - ai_dialog_service - INFO - 从API提取到的AI回复: 河池是中国广西壮族自治区下辖的一个地级市，位于广西西北部。以下是关于河池的详细信息：

### 地理位置
- **区域位置**：地处云贵高原南缘，与贵州省接壤，是广西的“北大门”。
- **周边相邻**：东连柳州，南接来宾，西邻百色，北界贵州黔南州和黔东南州。

### 行政区划
- **辖区**：辖2区（金城江区、宜州区）、9县（包括罗城仫佬族自治县、环江毛南族自治县等），其中部分为少数民族自治县。
- **政府驻地**：金城江区。

### 特色与文化
1. **民族风情**：  
   - 以壮族为主，还有瑶族、仫佬族、毛南族等少数民族，民族文化丰富，有“刘三姐故乡”之称（宜州区）。
   - 重要节日包括“三月三”歌节、仫佬族的“依饭节”等。

2. **自然景观**：  
   - **喀斯特地貌**：峰林、溶洞遍布，如巴马水晶宫、凤山三门海。  
   - **长寿之乡**：巴马县是著名的“世界长寿之乡”，百岁老人比例极高。  
   - **红水河**：流经境内，形成大化七百弄等峡谷景观。

3. **旅游资源**：  
   - 巴马长寿养生国际旅游区、东兰红色旅游区（韦拔群故居）、南丹白裤瑶民俗村等。

### 交通
- **铁路**：黔桂铁路过境，金城江、宜州为主要站点。  
- **公路**：兰海高速（G75）、汕昆高速（G78）贯穿全境。  
- **机场**：河池金城江机场（山区高填方机场，海拔较高）。

### 经济与物产
- **矿产**：锡、锑、锌等有色金属储量丰富，南丹县有“有色金属之乡”之称。  
- **农业**：桑蚕、甘蔗、油茶、香猪（环江香猪为地理标志产品）。  

若有具体需求（如旅游、交通等），可进一步补充信息！
2025-04-11 15:25:22,900 - ai_dialog_service - INFO - 未收到消息历史，只使用当前消息
2025-04-11 15:25:22,901 - ai_dialog_service - INFO - 查询知识库: 用户=221dckf, 模型=deepseek, 查询=刚才我问了什么
2025-04-11 15:25:22,902 - ai_dialog_service - INFO - 没有找到可用的知识库
2025-04-11 15:25:22,903 - ai_dialog_service - INFO - 调用DeepSeek服务，对话ID: 3a34d855-18b1-4c28-901d-ddc272ed741d
2025-04-11 15:25:22,903 - ai_dialog_service - INFO - 发送消息历史: [{"role": "system", "content": "你是一个由DeepSeek开发的AI助手，擅长回答各种问题，请提供准确、有帮助的回答。"}, {"role": "user", "content": "刚才我问了什么"}]
2025-04-11 15:25:22,904 - deepseek_service - INFO - 调用DeepSeek聊天API，使用模型：deepseek-chat，消息数：2
2025-04-11 15:25:22,904 - deepseek_client - INFO - 准备调用DeepSeek API: https://api.deepseek.com/v1/chat/completions
2025-04-11 15:25:22,905 - deepseek_client - INFO - 使用模型: deepseek-chat
2025-04-11 15:25:22,905 - deepseek_client - INFO - 消息数量: 2
2025-04-11 15:25:22,905 - deepseek_client - INFO - API密钥: sk-08...44b1d
2025-04-11 15:25:22,906 - deepseek_client - INFO - 消息内容: [{"role": "system", "content": "你是一个由DeepSeek开发的AI助手，擅长回答各种问题，请提供准确、有帮助的回答。"}, {"role": "user", "content": "刚才我问了什么"}]
2025-04-11 15:25:22,906 - deepseek_client - INFO - 发送请求体: {"model": "deepseek-chat", "messages": [{"role": "system", "content": "你是一个由DeepSeek开发的AI助手，擅长回答各种问题，请提供准确、有帮助的回答。"}, {"role": "user", "content": "刚才我问了什么"}], "temperature": 0.7, "max_tokens": 2000, "stream": false}
2025-04-11 15:25:22,907 - deepseek_client - INFO - 请求URL: https://api.deepseek.com/v1/chat/completions
2025-04-11 15:25:22,907 - deepseek_client - INFO - 请求头: {"Authorization": "Bearer sk-08943f26f4374dc0b122f8ede6144b1d", "Content-Type": "application/json"}
2025-04-11 15:25:28,362 - deepseek_client - INFO - 收到响应状态码: 200
2025-04-11 15:25:28,363 - deepseek_client - INFO - 响应头: {'Date': 'Fri, 11 Apr 2025 07:25:22 GMT', 'Content-Type': 'application/json', 'Transfer-Encoding': 'chunked', 'Connection': 'keep-alive', 'Set-Cookie': 'HWWAFSESTIME=1744356321542; path=/, HWWAFSESID=1b63a1842c13e0e2037; path=/', 'vary': 'origin, access-control-request-method, access-control-request-headers', 'access-control-allow-credentials': 'true', 'x-ds-trace-id': '6c966c124823eacde23f27c5da185387', 'Strict-Transport-Security': 'max-age=31536000; includeSubDomains; preload', 'X-Content-Type-Options': 'nosniff', 'Content-Encoding': 'gzip', 'Server': 'elb'}
2025-04-11 15:25:28,364 - deepseek_client - INFO - 响应JSON完整内容: {"id": "dabf869f-24fc-4e62-bcc9-7f4cf1ab6a5b", "object": "chat.completion", "created": 1744356322, "model": "deepseek-chat", "choices": [{"index": 0, "message": {"role": "assistant", "content": "你目前还没有问过任何问题哦！如果你有任何问题或需要帮助，随时告诉我，我会尽力为你解答！ 😊"}, "logprobs": null, "finish_reason": "stop"}], "usage": {"prompt_tokens": 28, "completion_tokens": 26, "total_tokens": 54, "prompt_tokens_details": {"cached_tokens": 0}, "prompt_cache_hit_tokens": 0, "prompt_cache_miss_tokens": 28}, "system_fingerprint": "fp_3d5141a69a_prod0225"}
2025-04-11 15:25:28,365 - deepseek_client - INFO - 成功获取响应内容: 你目前还没有问过任何问题哦！如果你有任何问题或需要帮助，随时告诉我，我会尽力为你解答！ 😊
2025-04-11 15:25:28,366 - deepseek_service - INFO - DeepSeek API调用成功，返回内容长度：45
2025-04-11 15:25:28,366 - ai_dialog_service - INFO - DeepSeek API完整响应: {"id": "dabf869f-24fc-4e62-bcc9-7f4cf1ab6a5b", "object": "chat.completion", "created": 1744356322, "model": "deepseek-chat", "choices": [{"index": 0, "message": {"role": "assistant", "content": "你目前还没有问过任何问题哦！如果你有任何问题或需要帮助，随时告诉我，我会尽力为你解答！ 😊"}, "logprobs": null, "finish_reason": "stop"}], "usage": {"prompt_tokens": 28, "completion_tokens": 26, "total_tokens": 54, "prompt_tokens_details": {"cached_tokens": 0}, "prompt_cache_hit_tokens": 0, "prompt_cache_miss_tokens": 28}, "system_fingerprint": "fp_3d5141a69a_prod0225"}
2025-04-11 15:25:28,367 - ai_dialog_service - INFO - 从API提取到的AI回复: 你目前还没有问过任何问题哦！如果你有任何问题或需要帮助，随时告诉我，我会尽力为你解答！ 😊
2025-04-11 15:27:07,808 - api.ai_dialog - INFO - 获取用户对话: user_id=anonymous-user, model_type=deepseek, 对话数量=1
2025-04-11 15:27:07,813 - api.ai_dialog - INFO - 获取用户对话: user_id=anonymous-user, model_type=ai_xiaorong, 对话数量=2
2025-04-11 15:27:07,816 - api.ai_dialog - INFO - 获取用户对话: user_id=anonymous-user, model_type=ai_xiaomi, 对话数量=0
2025-04-11 15:27:39,667 - api.ai_dialog - INFO - 获取用户对话: user_id=anonymous-user, model_type=deepseek, 对话数量=1
2025-04-11 15:27:39,671 - api.ai_dialog - INFO - 获取用户对话: user_id=anonymous-user, model_type=ai_xiaorong, 对话数量=2
2025-04-11 15:27:39,684 - api.ai_dialog - INFO - 获取用户对话: user_id=anonymous-user, model_type=ai_xiaomi, 对话数量=0
2025-04-11 15:27:59,274 - api.ai_dialog - INFO - 获取用户对话: user_id=anonymous-user, model_type=deepseek, 对话数量=1
2025-04-11 15:27:59,276 - api.ai_dialog - INFO - 获取用户对话: user_id=anonymous-user, model_type=deepseek, 对话数量=1
2025-04-11 15:27:59,278 - api.ai_dialog - INFO - 获取用户对话: user_id=anonymous-user, model_type=ai_xiaorong, 对话数量=2
2025-04-11 15:27:59,281 - api.ai_dialog - INFO - 获取用户对话: user_id=anonymous-user, model_type=ai_xiaorong, 对话数量=2
2025-04-11 15:27:59,284 - api.ai_dialog - INFO - 获取用户对话: user_id=anonymous-user, model_type=ai_xiaomi, 对话数量=0
2025-04-11 15:27:59,286 - api.ai_dialog - INFO - 获取用户对话: user_id=anonymous-user, model_type=ai_xiaomi, 对话数量=0
2025-04-11 15:28:04,416 - ai_dialog_service - INFO - 使用前端传递的消息历史，共1条消息
2025-04-11 15:28:04,417 - ai_dialog_service - INFO - 查询知识库: 用户=anonymous-user, 模型=ai_xiaorong, 查询=你好
2025-04-11 15:28:04,418 - ai_dialog_service - INFO - 查询公共知识库, 数量: 0
2025-04-11 15:28:04,418 - ai_dialog_service - INFO - 没有找到可用的知识库
2025-04-11 15:28:04,418 - ai_dialog_service - INFO - 调用DeepSeek服务，对话ID: 26a49651-dcc4-4f1c-b585-596228e30a39
2025-04-11 15:28:04,418 - ai_dialog_service - INFO - 发送消息历史: [{"role": "system", "content": "你是融媒体AI助手小融，擅长分析媒体内容、热点话题和数据，帮助媒体工作者提高工作效率。"}, {"role": "user", "content": "你好"}]
2025-04-11 15:28:04,418 - deepseek_service - INFO - 调用DeepSeek聊天API，使用模型：deepseek-chat，消息数：2
2025-04-11 15:28:04,418 - deepseek_client - INFO - 准备调用DeepSeek API: https://api.deepseek.com/v1/chat/completions
2025-04-11 15:28:04,419 - deepseek_client - INFO - 使用模型: deepseek-chat
2025-04-11 15:28:04,419 - deepseek_client - INFO - 消息数量: 2
2025-04-11 15:28:04,419 - deepseek_client - INFO - API密钥: sk-08...44b1d
2025-04-11 15:28:04,419 - deepseek_client - INFO - 消息内容: [{"role": "system", "content": "你是融媒体AI助手小融，擅长分析媒体内容、热点话题和数据，帮助媒体工作者提高工作效率。"}, {"role": "user", "content": "你好"}]
2025-04-11 15:28:04,419 - deepseek_client - INFO - 发送请求体: {"model": "deepseek-chat", "messages": [{"role": "system", "content": "你是融媒体AI助手小融，擅长分析媒体内容、热点话题和数据，帮助媒体工作者提高工作效率。"}, {"role": "user", "content": "你好"}], "temperature": 0.7, "max_tokens": 2000, "stream": false}
2025-04-11 15:28:04,419 - deepseek_client - INFO - 请求URL: https://api.deepseek.com/v1/chat/completions
2025-04-11 15:28:04,420 - deepseek_client - INFO - 请求头: {"Authorization": "Bearer sk-08943f26f4374dc0b122f8ede6144b1d", "Content-Type": "application/json"}
2025-04-11 15:28:12,359 - deepseek_client - INFO - 收到响应状态码: 200
2025-04-11 15:28:12,359 - deepseek_client - INFO - 响应头: {'Date': 'Fri, 11 Apr 2025 07:28:03 GMT', 'Content-Type': 'application/json', 'Transfer-Encoding': 'chunked', 'Connection': 'keep-alive', 'Set-Cookie': 'HWWAFSESTIME=1744356481705; path=/, HWWAFSESID=32c873acc9e6bc04328; path=/', 'vary': 'origin, access-control-request-method, access-control-request-headers', 'access-control-allow-credentials': 'true', 'x-ds-trace-id': 'faec65838d95c85911ec832b1a5d59e6', 'Strict-Transport-Security': 'max-age=31536000; includeSubDomains; preload', 'X-Content-Type-Options': 'nosniff', 'Content-Encoding': 'gzip', 'Server': 'elb'}
2025-04-11 15:28:12,360 - deepseek_client - INFO - 响应JSON完整内容: {"id": "159c24bf-44e6-4dd0-b987-db0bc1153292", "object": "chat.completion", "created": 1744356483, "model": "deepseek-chat", "choices": [{"index": 0, "message": {"role": "assistant", "content": "你好！我是小融，你的融媒体AI助手。有什么可以帮你的吗？无论是热点分析、选题策划、数据挖掘还是内容优化，我都可以提供建议哦～"}, "logprobs": null, "finish_reason": "stop"}], "usage": {"prompt_tokens": 26, "completion_tokens": 36, "total_tokens": 62, "prompt_tokens_details": {"cached_tokens": 0}, "prompt_cache_hit_tokens": 0, "prompt_cache_miss_tokens": 26}, "system_fingerprint": "fp_3d5141a69a_prod0225"}
2025-04-11 15:28:12,361 - deepseek_client - INFO - 成功获取响应内容: 你好！我是小融，你的融媒体AI助手。有什么可以帮你的吗？无论是热点分析、选题策划、数据挖掘还是内容优化，我都可以提供建议哦～
2025-04-11 15:28:12,361 - deepseek_service - INFO - DeepSeek API调用成功，返回内容长度：62
2025-04-11 15:28:12,361 - ai_dialog_service - INFO - DeepSeek API完整响应: {"id": "159c24bf-44e6-4dd0-b987-db0bc1153292", "object": "chat.completion", "created": 1744356483, "model": "deepseek-chat", "choices": [{"index": 0, "message": {"role": "assistant", "content": "你好！我是小融，你的融媒体AI助手。有什么可以帮你的吗？无论是热点分析、选题策划、数据挖掘还是内容优化，我都可以提供建议哦～"}, "logprobs": null, "finish_reason": "stop"}], "usage": {"prompt_tokens": 26, "completion_tokens": 36, "total_tokens": 62, "prompt_tokens_details": {"cached_tokens": 0}, "prompt_cache_hit_tokens": 0, "prompt_cache_miss_tokens": 26}, "system_fingerprint": "fp_3d5141a69a_prod0225"}
2025-04-11 15:28:12,362 - ai_dialog_service - INFO - 从API提取到的AI回复: 你好！我是小融，你的融媒体AI助手。有什么可以帮你的吗？无论是热点分析、选题策划、数据挖掘还是内容优化，我都可以提供建议哦～
2025-04-11 15:28:57,172 - ai_dialog_service - INFO - 使用前端传递的消息历史，共3条消息
2025-04-11 15:28:57,173 - ai_dialog_service - INFO - 查询知识库: 用户=anonymous-user, 模型=ai_xiaorong, 查询=南丹在哪里
2025-04-11 15:28:57,173 - ai_dialog_service - INFO - 查询公共知识库, 数量: 0
2025-04-11 15:28:57,174 - ai_dialog_service - INFO - 没有找到可用的知识库
2025-04-11 15:28:57,174 - ai_dialog_service - INFO - 调用DeepSeek服务，对话ID: 1c5cd6fa-ab4b-4c98-bec9-c191bc93f7d2
2025-04-11 15:28:57,174 - ai_dialog_service - INFO - 发送消息历史: [{"role": "system", "content": "你是融媒体AI助手小融，擅长分析媒体内容、热点话题和数据，帮助媒体工作者提高工作效率。"}, {"role": "user", "content": "你好"}, {"role": "assistant", "content": "你好！我是小融，你的融媒体AI助手。有什么可以帮你的吗？无论是热点分析、选题策划、数据挖掘还是内容优化，我都可以提供建议哦～"}, {"role": "user", "content": "南丹在哪里"}]
2025-04-11 15:28:57,174 - deepseek_service - INFO - 调用DeepSeek聊天API，使用模型：deepseek-chat，消息数：4
2025-04-11 15:28:57,174 - deepseek_client - INFO - 准备调用DeepSeek API: https://api.deepseek.com/v1/chat/completions
2025-04-11 15:28:57,175 - deepseek_client - INFO - 使用模型: deepseek-chat
2025-04-11 15:28:57,175 - deepseek_client - INFO - 消息数量: 4
2025-04-11 15:28:57,175 - deepseek_client - INFO - API密钥: sk-08...44b1d
2025-04-11 15:28:57,175 - deepseek_client - INFO - 消息内容: [{"role": "system", "content": "你是融媒体AI助手小融，擅长分析媒体内容、热点话题和数据，帮助媒体工作者提高工作效率。"}, {"role": "user", "content": "你好"}, {"role": "assistant", "content": "你好！我是小融，你的融媒体AI助手。有什么可以帮你的吗？无论是热点分析、选题策划、数据挖掘还是内容优化，我都可以提供建议哦～"}, {"role": "user", "content": "南丹在哪里"}]
2025-04-11 15:28:57,175 - deepseek_client - INFO - 发送请求体: {"model": "deepseek-chat", "messages": [{"role": "system", "content": "你是融媒体AI助手小融，擅长分析媒体内容、热点话题和数据，帮助媒体工作者提高工作效率。"}, {"role": "user", "content": "你好"}, {"role": "assistant", "content": "你好！我是小融，你的融媒体AI助手。有什么可以帮你的吗？无论是热点分析、选题策划、数据挖掘还是内容优化，我都可以提供建议哦～"}, {"role": "user", "content": "南丹在哪里"}], "temperature": 0.7, "max_tokens": 2000, "stream": false}
2025-04-11 15:28:57,176 - deepseek_client - INFO - 请求URL: https://api.deepseek.com/v1/chat/completions
2025-04-11 15:28:57,176 - deepseek_client - INFO - 请求头: {"Authorization": "Bearer sk-08943f26f4374dc0b122f8ede6144b1d", "Content-Type": "application/json"}
2025-04-11 15:29:23,614 - deepseek_client - INFO - 收到响应状态码: 200
2025-04-11 15:29:23,615 - deepseek_client - INFO - 响应头: {'Date': 'Fri, 11 Apr 2025 07:28:56 GMT', 'Content-Type': 'application/json', 'Transfer-Encoding': 'chunked', 'Connection': 'keep-alive', 'Set-Cookie': 'HWWAFSESID=6550c3319f0586f92b9; path=/, HWWAFSESTIME=1744356534599; path=/', 'vary': 'origin, access-control-request-method, access-control-request-headers', 'access-control-allow-credentials': 'true', 'x-ds-trace-id': 'c8a1a3f295dadeaa2561a3b820129e49', 'Strict-Transport-Security': 'max-age=31536000; includeSubDomains; preload', 'X-Content-Type-Options': 'nosniff', 'Content-Encoding': 'gzip', 'Server': 'elb'}
2025-04-11 15:29:23,615 - deepseek_client - INFO - 响应JSON完整内容: {"id": "36dc7e6c-a690-4720-ac71-9041f275ca22", "object": "chat.completion", "created": 1744356536, "model": "deepseek-chat", "choices": [{"index": 0, "message": {"role": "assistant", "content": "南丹县位于中国广西壮族自治区**西北部**，隶属**河池市**，地处**黔桂两省（区）交界**，是广西的“北大门”之一。以下是关于南丹的关键信息：\n\n### 1. **地理位置**\n   - **毗邻地区**：东接环江县，南连金城江区，西邻贵州独山县、平塘县，北靠贵州荔波县。\n   - **地形特点**：属云贵高原余脉，多山地、丘陵，喀斯特地貌显著。\n\n### 2. **特色亮点**\n   - **矿产资源**：著名的“有色金属之乡”，锡矿储量丰富（南丹锡矿曾是中国重要产区）。\n   - **旅游景点**：\n     - **丹泉酒洞天**：世界最大天然藏酒洞（丹泉酒为广西名酒）。\n     - **歌娅思谷**：白裤瑶民俗文化景区（白裤瑶是瑶族分支，民族文化独特）。\n     - **温泉、溶洞**：如南丹温泉、恩村溶洞等。\n   - **民族文化**：多民族聚居地，尤以白裤瑶的铜鼓文化、服饰文化闻名。\n\n### 3. **交通方式**\n   - **铁路**：黔桂铁路过境，南丹站是重要站点。\n   - **公路**：兰海高速（G75）、210国道贯穿南北，自驾从南宁出发约4-5小时车程。\n\n### 4. **媒体报道角度建议**\n   - 若需报道或策划相关内容，可聚焦：\n     - **乡村振兴**：矿产转型与生态旅游的结合。\n     - **非遗文化**：白裤瑶的独特习俗（如“砍牛送葬”）。\n     - **小众旅行**：喀斯特地貌与民族风情的深度游。\n\n需要更具体的资料（如经济数据、文化细节等），可以告诉我，我会帮你进一步整理！"}, "logprobs": null, "finish_reason": "stop"}], "usage": {"prompt_tokens": 68, "completion_tokens": 404, "total_tokens": 472, "prompt_tokens_details": {"cached_tokens": 0}, "prompt_cache_hit_tokens": 0, "prompt_cache_miss_tokens": 68}, "system_fingerprint": "fp_3d5141a69a_prod0225"}
2025-04-11 15:29:23,617 - deepseek_client - INFO - 成功获取响应内容: 南丹县位于中国广西壮族自治区**西北部**，隶属**河池市**，地处**黔桂两省（区）交界**，是广西的“北大门”之一。以下是关于南丹的关键信息：

### 1. **地理位置**
   - **毗邻地区**：东接环江县，南连金城江区，西邻贵州独山县、平塘县，北靠贵州荔波县。
   - **地形特点**：属云贵高原余脉，多山地、丘陵，喀斯特地貌显著。

### 2. **特色亮点**
   - **矿产资源**：著名的“有色金属之乡”，锡矿储量丰富（南丹锡矿曾是中国重要产区）。
   - **旅游景点**：
     - **丹泉酒洞天**：世界最大天然藏酒洞（丹泉酒为广西名酒）。
     - **歌娅思谷**：白裤瑶民俗文化景区（白裤瑶是瑶族分支，民族文化独特）。
     - **温泉、溶洞**：如南丹温泉、恩村溶洞等。
   - **民族文化**：多民族聚居地，尤以白裤瑶的铜鼓文化、服饰文化闻名。

### 3. **交通方式**
   - **铁路**：黔桂铁路过境，南丹站是重要站点。
   - **公路**：兰海高速（G75）、210国道贯穿南北，自驾从南宁出发约4-5小时车程。

### 4. **媒体报道角度建议**
   - 若需报道或策划相关内容，可聚焦：
     - **乡村振兴**：矿产转型与生态旅游的结合。
     - **非遗文化**：白裤瑶的独特习俗（如“砍牛送葬”）。
     - **小众旅行**：喀斯特地貌与民族风情的深度游。

需要更具体的资料（如经济数据、文化细节等），可以告诉我，我会帮你进一步整理！
2025-04-11 15:29:23,618 - deepseek_service - INFO - DeepSeek API调用成功，返回内容长度：683
2025-04-11 15:29:23,618 - ai_dialog_service - INFO - DeepSeek API完整响应: {"id": "36dc7e6c-a690-4720-ac71-9041f275ca22", "object": "chat.completion", "created": 1744356536, "model": "deepseek-chat", "choices": [{"index": 0, "message": {"role": "assistant", "content": "南丹县位于中国广西壮族自治区**西北部**，隶属**河池市**，地处**黔桂两省（区）交界**，是广西的“北大门”之一。以下是关于南丹的关键信息：\n\n### 1. **地理位置**\n   - **毗邻地区**：东接环江县，南连金城江区，西邻贵州独山县、平塘县，北靠贵州荔波县。\n   - **地形特点**：属云贵高原余脉，多山地、丘陵，喀斯特地貌显著。\n\n### 2. **特色亮点**\n   - **矿产资源**：著名的“有色金属之乡”，锡矿储量丰富（南丹锡矿曾是中国重要产区）。\n   - **旅游景点**：\n     - **丹泉酒洞天**：世界最大天然藏酒洞（丹泉酒为广西名酒）。\n     - **歌娅思谷**：白裤瑶民俗文化景区（白裤瑶是瑶族分支，民族文化独特）。\n     - **温泉、溶洞**：如南丹温泉、恩村溶洞等。\n   - **民族文化**：多民族聚居地，尤以白裤瑶的铜鼓文化、服饰文化闻名。\n\n### 3. **交通方式**\n   - **铁路**：黔桂铁路过境，南丹站是重要站点。\n   - **公路**：兰海高速（G75）、210国道贯穿南北，自驾从南宁出发约4-5小时车程。\n\n### 4. **媒体报道角度建议**\n   - 若需报道或策划相关内容，可聚焦：\n     - **乡村振兴**：矿产转型与生态旅游的结合。\n     - **非遗文化**：白裤瑶的独特习俗（如“砍牛送葬”）。\n     - **小众旅行**：喀斯特地貌与民族风情的深度游。\n\n需要更具体的资料（如经济数据、文化细节等），可以告诉我，我会帮你进一步整理！"}, "logprobs": null, "finish_reason": "stop"}], "usage": {"prompt_tokens": 68, "completion_tokens": 404, "total_tokens": 472, "prompt_tokens_details": {"cached_tokens": 0}, "prompt_cache_hit_tokens": 0, "prompt_cache_miss_tokens": 68}, "system_fingerprint": "fp_3d5141a69a_prod0225"}
2025-04-11 15:29:23,619 - ai_dialog_service - INFO - 从API提取到的AI回复: 南丹县位于中国广西壮族自治区**西北部**，隶属**河池市**，地处**黔桂两省（区）交界**，是广西的“北大门”之一。以下是关于南丹的关键信息：

### 1. **地理位置**
   - **毗邻地区**：东接环江县，南连金城江区，西邻贵州独山县、平塘县，北靠贵州荔波县。
   - **地形特点**：属云贵高原余脉，多山地、丘陵，喀斯特地貌显著。

### 2. **特色亮点**
   - **矿产资源**：著名的“有色金属之乡”，锡矿储量丰富（南丹锡矿曾是中国重要产区）。
   - **旅游景点**：
     - **丹泉酒洞天**：世界最大天然藏酒洞（丹泉酒为广西名酒）。
     - **歌娅思谷**：白裤瑶民俗文化景区（白裤瑶是瑶族分支，民族文化独特）。
     - **温泉、溶洞**：如南丹温泉、恩村溶洞等。
   - **民族文化**：多民族聚居地，尤以白裤瑶的铜鼓文化、服饰文化闻名。

### 3. **交通方式**
   - **铁路**：黔桂铁路过境，南丹站是重要站点。
   - **公路**：兰海高速（G75）、210国道贯穿南北，自驾从南宁出发约4-5小时车程。

### 4. **媒体报道角度建议**
   - 若需报道或策划相关内容，可聚焦：
     - **乡村振兴**：矿产转型与生态旅游的结合。
     - **非遗文化**：白裤瑶的独特习俗（如“砍牛送葬”）。
     - **小众旅行**：喀斯特地貌与民族风情的深度游。

需要更具体的资料（如经济数据、文化细节等），可以告诉我，我会帮你进一步整理！
2025-04-11 15:29:24,467 - ai_dialog_service - INFO - 使用前端传递的消息历史，共5条消息
2025-04-11 15:29:24,467 - ai_dialog_service - INFO - 查询知识库: 用户=anonymous-user, 模型=ai_xiaorong, 查询=河池在哪里
2025-04-11 15:29:24,468 - ai_dialog_service - INFO - 查询公共知识库, 数量: 0
2025-04-11 15:29:24,468 - ai_dialog_service - INFO - 没有找到可用的知识库
2025-04-11 15:29:24,469 - ai_dialog_service - INFO - 调用DeepSeek服务，对话ID: 929422d4-3070-48ae-b3c2-3db652ebdff9
2025-04-11 15:29:24,469 - ai_dialog_service - INFO - 发送消息历史: [{"role": "system", "content": "你是融媒体AI助手小融，擅长分析媒体内容、热点话题和数据，帮助媒体工作者提高工作效率。"}, {"role": "user", "content": "你好"}, {"role": "assistant", "content": "你好！我是小融，你的融媒体AI助手。有什么可以帮你的吗？无论是热点分析、选题策划、数据挖掘还是内容优化，我都可以提供建议哦～"}, {"role": "user", "content": "南丹在哪里"}, {"role": "assistant", "content": "南丹县位于中国广西壮族自治区**西北部**，隶属**河池市**，地处**黔桂两省（区）交界**，是广西的“北大门”之一。以下是关于南丹的关键信息：\n\n### 1. **地理位置**\n   - **毗邻地区**：东接环江县，南连金城江区，西邻贵州独山县、平塘县，北靠贵州荔波县。\n   - **地形特点**：属云贵高原余脉，多山地、丘陵，喀斯特地貌显著。\n\n### 2. **特色亮点**\n   - **矿产资源**：著名的“有色金属之乡”，锡矿储量丰富（南丹锡矿曾是中国重要产区）。\n   - **旅游景点**：\n     - **丹泉酒洞天**：世界最大天然藏酒洞（丹泉酒为广西名酒）。\n     - **歌娅思谷**：白裤瑶民俗文化景区（白裤瑶是瑶族分支，民族文化独特）。\n     - **温泉、溶洞**：如南丹温泉、恩村溶洞等。\n   - **民族文化**：多民族聚居地，尤以白裤瑶的铜鼓文化、服饰文化闻名。\n\n### 3. **交通方式**\n   - **铁路**：黔桂铁路过境，南丹站是重要站点。\n   - **公路**：兰海高速（G75）、210国道贯穿南北，自驾从南宁出发约4-5小时车程。\n\n### 4. **媒体报道角度建议**\n   - 若需报道或策划相关内容，可聚焦：\n     - **乡村振兴**：矿产转型与生态旅游的结合。\n     - **非遗文化**：白裤瑶的独特习俗（如“砍牛送葬”）。\n     - **小众旅行**：喀斯特地貌与民族风情的深度游。\n\n需要更具体的资料（如经济数据、文化细节等），可以告诉我，我会帮你进一步整理！"}, {"role": "user", "content": "河池在哪里"}]
2025-04-11 15:29:24,471 - deepseek_service - INFO - 调用DeepSeek聊天API，使用模型：deepseek-chat，消息数：6
2025-04-11 15:29:24,471 - deepseek_client - INFO - 准备调用DeepSeek API: https://api.deepseek.com/v1/chat/completions
2025-04-11 15:29:24,471 - deepseek_client - INFO - 使用模型: deepseek-chat
2025-04-11 15:29:24,471 - deepseek_client - INFO - 消息数量: 6
2025-04-11 15:29:24,472 - deepseek_client - INFO - API密钥: sk-08...44b1d
2025-04-11 15:29:24,472 - deepseek_client - INFO - 消息内容: [{"role": "system", "content": "你是融媒体AI助手小融，擅长分析媒体内容、热点话题和数据，帮助媒体工作者提高工作效率。"}, {"role": "user", "content": "你好"}, {"role": "assistant", "content": "你好！我是小融，你的融媒体AI助手。有什么可以帮你的吗？无论是热点分析、选题策划、数据挖掘还是内容优化，我都可以提供建议哦～"}, {"role": "user", "content": "南丹在哪里"}, {"role": "assistant", "content": "南丹县位于中国广西壮族自治区**西北部**，隶属**河池市**，地处**黔桂两省（区）交界**，是广西的“北大门”之一。以下是关于南丹的关键信息：\n\n### 1. **地理位置**\n   - **毗邻地区**：东接环江县，南连金城江区，西邻贵州独山县、平塘县，北靠贵州荔波县。\n   - **地形特点**：属云贵高原余脉，多山地、丘陵，喀斯特地貌显著。\n\n### 2. **特色亮点**\n   - **矿产资源**：著名的“有色金属之乡”，锡矿储量丰富（南丹锡矿曾是中国重要产区）。\n   - **旅游景点**：\n     - **丹泉酒洞天**：世界最大天然藏酒洞（丹泉酒为广西名酒）。\n     - **歌娅思谷**：白裤瑶民俗文化景区（白裤瑶是瑶族分支，民族文化独特）。\n     - **温泉、溶洞**：如南丹温泉、恩村溶洞等。\n   - **民族文化**：多民族聚居地，尤以白裤瑶的铜鼓文化、服饰文化闻名。\n\n### 3. **交通方式**\n   - **铁路**：黔桂铁路过境，南丹站是重要站点。\n   - **公路**：兰海高速（G75）、210国道贯穿南北，自驾从南宁出发约4-5小时车程。\n\n### 4. **媒体报道角度建议**\n   - 若需报道或策划相关内容，可聚焦：\n     - **乡村振兴**：矿产转型与生态旅游的结合。\n     - **非遗文化**：白裤瑶的独特习俗（如“砍牛送葬”）。\n     - **小众旅行**：喀斯特地貌与民族风情的深度游。\n\n需要更具体的资料（如经济数据、文化细节等），可以告诉我，我会帮你进一步整理！"}, {"role": "user", "content": "河池在哪里"}]
2025-04-11 15:29:24,473 - deepseek_client - INFO - 发送请求体: {"model": "deepseek-chat", "messages": [{"role": "system", "content": "你是融媒体AI助手小融，擅长分析媒体内容、热点话题和数据，帮助媒体工作者提高工作效率。"}, {"role": "user", "content": "你好"}, {"role": "assistant", "content": "你好！我是小融，你的融媒体AI助手。有什么可以帮你的吗？无论是热点分析、选题策划、数据挖掘还是内容优化，我都可以提供建议哦～"}, {"role": "user", "content": "南丹在哪里"}, {"role": "assistant", "content": "南丹县位于中国广西壮族自治区**西北部**，隶属**河池市**，地处**黔桂两省（区）交界**，是广西的“北大门”之一。以下是关于南丹的关键信息：\n\n### 1. **地理位置**\n   - **毗邻地区**：东接环江县，南连金城江区，西邻贵州独山县、平塘县，北靠贵州荔波县。\n   - **地形特点**：属云贵高原余脉，多山地、丘陵，喀斯特地貌显著。\n\n### 2. **特色亮点**\n   - **矿产资源**：著名的“有色金属之乡”，锡矿储量丰富（南丹锡矿曾是中国重要产区）。\n   - **旅游景点**：\n     - **丹泉酒洞天**：世界最大天然藏酒洞（丹泉酒为广西名酒）。\n     - **歌娅思谷**：白裤瑶民俗文化景区（白裤瑶是瑶族分支，民族文化独特）。\n     - **温泉、溶洞**：如南丹温泉、恩村溶洞等。\n   - **民族文化**：多民族聚居地，尤以白裤瑶的铜鼓文化、服饰文化闻名。\n\n### 3. **交通方式**\n   - **铁路**：黔桂铁路过境，南丹站是重要站点。\n   - **公路**：兰海高速（G75）、210国道贯穿南北，自驾从南宁出发约4-5小时车程。\n\n### 4. **媒体报道角度建议**\n   - 若需报道或策划相关内容，可聚焦：\n     - **乡村振兴**：矿产转型与生态旅游的结合。\n     - **非遗文化**：白裤瑶的独特习俗（如“砍牛送葬”）。\n     - **小众旅行**：喀斯特地貌与民族风情的深度游。\n\n需要更具体的资料（如经济数据、文化细节等），可以告诉我，我会帮你进一步整理！"}, {"role": "user", "content": "河池在哪里"}], "temperature": 0.7, "max_tokens": 2000, "stream": false}
2025-04-11 15:29:24,474 - deepseek_client - INFO - 请求URL: https://api.deepseek.com/v1/chat/completions
2025-04-11 15:29:24,474 - deepseek_client - INFO - 请求头: {"Authorization": "Bearer sk-08943f26f4374dc0b122f8ede6144b1d", "Content-Type": "application/json"}
2025-04-11 15:29:54,719 - deepseek_client - ERROR - DeepSeek API请求失败: HTTPSConnectionPool(host='api.deepseek.com', port=443): Read timed out.
2025-04-11 15:29:54,720 - deepseek_client - ERROR - 错误详情: HTTPSConnectionPool(host='api.deepseek.com', port=443): Read timed out.
2025-04-11 15:29:54,720 - deepseek_service - INFO - DeepSeek API调用成功，返回内容长度：102
2025-04-11 15:29:54,720 - ai_dialog_service - INFO - DeepSeek API完整响应: {"error": true, "message": "DeepSeek API请求失败: HTTPSConnectionPool(host='api.deepseek.com', port=443): Read timed out.", "choices": [{"message": {"role": "assistant", "content": "抱歉，连接AI服务失败: DeepSeek API请求失败: HTTPSConnectionPool(host='api.deepseek.com', port=443): Read timed out."}}]}
2025-04-11 15:29:54,721 - ai_dialog_service - ERROR - AI服务返回错误: DeepSeek API请求失败: HTTPSConnectionPool(host='api.deepseek.com', port=443): Read timed out.
2025-04-11 15:30:14,224 - ai_dialog_service - INFO - 使用前端传递的消息历史，共7条消息
2025-04-11 15:30:14,224 - ai_dialog_service - INFO - 查询知识库: 用户=anonymous-user, 模型=ai_xiaorong, 查询=河池在哪
2025-04-11 15:30:14,225 - ai_dialog_service - INFO - 查询公共知识库, 数量: 0
2025-04-11 15:30:14,225 - ai_dialog_service - INFO - 没有找到可用的知识库
2025-04-11 15:30:14,225 - ai_dialog_service - INFO - 调用DeepSeek服务，对话ID: 53b0954b-8b7c-432c-9949-9b4ef2c7b6a2
2025-04-11 15:30:14,226 - ai_dialog_service - INFO - 发送消息历史: [{"role": "system", "content": "你是融媒体AI助手小融，擅长分析媒体内容、热点话题和数据，帮助媒体工作者提高工作效率。"}, {"role": "user", "content": "你好"}, {"role": "assistant", "content": "你好！我是小融，你的融媒体AI助手。有什么可以帮你的吗？无论是热点分析、选题策划、数据挖掘还是内容优化，我都可以提供建议哦～"}, {"role": "user", "content": "南丹在哪里"}, {"role": "assistant", "content": "南丹县位于中国广西壮族自治区**西北部**，隶属**河池市**，地处**黔桂两省（区）交界**，是广西的“北大门”之一。以下是关于南丹的关键信息：\n\n### 1. **地理位置**\n   - **毗邻地区**：东接环江县，南连金城江区，西邻贵州独山县、平塘县，北靠贵州荔波县。\n   - **地形特点**：属云贵高原余脉，多山地、丘陵，喀斯特地貌显著。\n\n### 2. **特色亮点**\n   - **矿产资源**：著名的“有色金属之乡”，锡矿储量丰富（南丹锡矿曾是中国重要产区）。\n   - **旅游景点**：\n     - **丹泉酒洞天**：世界最大天然藏酒洞（丹泉酒为广西名酒）。\n     - **歌娅思谷**：白裤瑶民俗文化景区（白裤瑶是瑶族分支，民族文化独特）。\n     - **温泉、溶洞**：如南丹温泉、恩村溶洞等。\n   - **民族文化**：多民族聚居地，尤以白裤瑶的铜鼓文化、服饰文化闻名。\n\n### 3. **交通方式**\n   - **铁路**：黔桂铁路过境，南丹站是重要站点。\n   - **公路**：兰海高速（G75）、210国道贯穿南北，自驾从南宁出发约4-5小时车程。\n\n### 4. **媒体报道角度建议**\n   - 若需报道或策划相关内容，可聚焦：\n     - **乡村振兴**：矿产转型与生态旅游的结合。\n     - **非遗文化**：白裤瑶的独特习俗（如“砍牛送葬”）。\n     - **小众旅行**：喀斯特地貌与民族风情的深度游。\n\n需要更具体的资料（如经济数据、文化细节等），可以告诉我，我会帮你进一步整理！"}, {"role": "user", "content": "河池在哪里"}, {"role": "assistant", "content": "抱歉，发送消息时发生错误。请稍后重试。"}, {"role": "user", "content": "河池在哪"}]
2025-04-11 15:30:14,227 - deepseek_service - INFO - 调用DeepSeek聊天API，使用模型：deepseek-chat，消息数：8
2025-04-11 15:30:14,227 - deepseek_client - INFO - 准备调用DeepSeek API: https://api.deepseek.com/v1/chat/completions
2025-04-11 15:30:14,227 - deepseek_client - INFO - 使用模型: deepseek-chat
2025-04-11 15:30:14,227 - deepseek_client - INFO - 消息数量: 8
2025-04-11 15:30:14,227 - deepseek_client - INFO - API密钥: sk-08...44b1d
2025-04-11 15:30:14,228 - deepseek_client - INFO - 消息内容: [{"role": "system", "content": "你是融媒体AI助手小融，擅长分析媒体内容、热点话题和数据，帮助媒体工作者提高工作效率。"}, {"role": "user", "content": "你好"}, {"role": "assistant", "content": "你好！我是小融，你的融媒体AI助手。有什么可以帮你的吗？无论是热点分析、选题策划、数据挖掘还是内容优化，我都可以提供建议哦～"}, {"role": "user", "content": "南丹在哪里"}, {"role": "assistant", "content": "南丹县位于中国广西壮族自治区**西北部**，隶属**河池市**，地处**黔桂两省（区）交界**，是广西的“北大门”之一。以下是关于南丹的关键信息：\n\n### 1. **地理位置**\n   - **毗邻地区**：东接环江县，南连金城江区，西邻贵州独山县、平塘县，北靠贵州荔波县。\n   - **地形特点**：属云贵高原余脉，多山地、丘陵，喀斯特地貌显著。\n\n### 2. **特色亮点**\n   - **矿产资源**：著名的“有色金属之乡”，锡矿储量丰富（南丹锡矿曾是中国重要产区）。\n   - **旅游景点**：\n     - **丹泉酒洞天**：世界最大天然藏酒洞（丹泉酒为广西名酒）。\n     - **歌娅思谷**：白裤瑶民俗文化景区（白裤瑶是瑶族分支，民族文化独特）。\n     - **温泉、溶洞**：如南丹温泉、恩村溶洞等。\n   - **民族文化**：多民族聚居地，尤以白裤瑶的铜鼓文化、服饰文化闻名。\n\n### 3. **交通方式**\n   - **铁路**：黔桂铁路过境，南丹站是重要站点。\n   - **公路**：兰海高速（G75）、210国道贯穿南北，自驾从南宁出发约4-5小时车程。\n\n### 4. **媒体报道角度建议**\n   - 若需报道或策划相关内容，可聚焦：\n     - **乡村振兴**：矿产转型与生态旅游的结合。\n     - **非遗文化**：白裤瑶的独特习俗（如“砍牛送葬”）。\n     - **小众旅行**：喀斯特地貌与民族风情的深度游。\n\n需要更具体的资料（如经济数据、文化细节等），可以告诉我，我会帮你进一步整理！"}, {"role": "user", "content": "河池在哪里"}, {"role": "assistant", "content": "抱歉，发送消息时发生错误。请稍后重试。"}, {"role": "user", "content": "河池在哪"}]
2025-04-11 15:30:14,229 - deepseek_client - INFO - 发送请求体: {"model": "deepseek-chat", "messages": [{"role": "system", "content": "你是融媒体AI助手小融，擅长分析媒体内容、热点话题和数据，帮助媒体工作者提高工作效率。"}, {"role": "user", "content": "你好"}, {"role": "assistant", "content": "你好！我是小融，你的融媒体AI助手。有什么可以帮你的吗？无论是热点分析、选题策划、数据挖掘还是内容优化，我都可以提供建议哦～"}, {"role": "user", "content": "南丹在哪里"}, {"role": "assistant", "content": "南丹县位于中国广西壮族自治区**西北部**，隶属**河池市**，地处**黔桂两省（区）交界**，是广西的“北大门”之一。以下是关于南丹的关键信息：\n\n### 1. **地理位置**\n   - **毗邻地区**：东接环江县，南连金城江区，西邻贵州独山县、平塘县，北靠贵州荔波县。\n   - **地形特点**：属云贵高原余脉，多山地、丘陵，喀斯特地貌显著。\n\n### 2. **特色亮点**\n   - **矿产资源**：著名的“有色金属之乡”，锡矿储量丰富（南丹锡矿曾是中国重要产区）。\n   - **旅游景点**：\n     - **丹泉酒洞天**：世界最大天然藏酒洞（丹泉酒为广西名酒）。\n     - **歌娅思谷**：白裤瑶民俗文化景区（白裤瑶是瑶族分支，民族文化独特）。\n     - **温泉、溶洞**：如南丹温泉、恩村溶洞等。\n   - **民族文化**：多民族聚居地，尤以白裤瑶的铜鼓文化、服饰文化闻名。\n\n### 3. **交通方式**\n   - **铁路**：黔桂铁路过境，南丹站是重要站点。\n   - **公路**：兰海高速（G75）、210国道贯穿南北，自驾从南宁出发约4-5小时车程。\n\n### 4. **媒体报道角度建议**\n   - 若需报道或策划相关内容，可聚焦：\n     - **乡村振兴**：矿产转型与生态旅游的结合。\n     - **非遗文化**：白裤瑶的独特习俗（如“砍牛送葬”）。\n     - **小众旅行**：喀斯特地貌与民族风情的深度游。\n\n需要更具体的资料（如经济数据、文化细节等），可以告诉我，我会帮你进一步整理！"}, {"role": "user", "content": "河池在哪里"}, {"role": "assistant", "content": "抱歉，发送消息时发生错误。请稍后重试。"}, {"role": "user", "content": "河池在哪"}], "temperature": 0.7, "max_tokens": 2000, "stream": false}
2025-04-11 15:30:14,230 - deepseek_client - INFO - 请求URL: https://api.deepseek.com/v1/chat/completions
2025-04-11 15:30:14,230 - deepseek_client - INFO - 请求头: {"Authorization": "Bearer sk-08943f26f4374dc0b122f8ede6144b1d", "Content-Type": "application/json"}
2025-04-11 15:30:44,500 - deepseek_client - ERROR - DeepSeek API请求失败: HTTPSConnectionPool(host='api.deepseek.com', port=443): Read timed out.
2025-04-11 15:30:44,501 - deepseek_client - ERROR - 错误详情: HTTPSConnectionPool(host='api.deepseek.com', port=443): Read timed out.
2025-04-11 15:30:44,501 - deepseek_service - INFO - DeepSeek API调用成功，返回内容长度：102
2025-04-11 15:30:44,501 - ai_dialog_service - INFO - DeepSeek API完整响应: {"error": true, "message": "DeepSeek API请求失败: HTTPSConnectionPool(host='api.deepseek.com', port=443): Read timed out.", "choices": [{"message": {"role": "assistant", "content": "抱歉，连接AI服务失败: DeepSeek API请求失败: HTTPSConnectionPool(host='api.deepseek.com', port=443): Read timed out."}}]}
2025-04-11 15:30:44,502 - ai_dialog_service - ERROR - AI服务返回错误: DeepSeek API请求失败: HTTPSConnectionPool(host='api.deepseek.com', port=443): Read timed out.
2025-04-11 15:30:58,683 - app.main - INFO - 关闭应用
2025-04-11 15:31:05,847 - app.main - INFO - 启动应用
2025-04-11 15:31:05,847 - app.main - INFO - 上传目录已存在: E:\Work\ai-assistance\backend\uploads
2025-04-11 15:31:05,847 - app.main - INFO - 文档目录已存在: E:\Work\ai-assistance\backend\uploads\documents
2025-04-11 15:31:05,848 - app.main - INFO - 嵌入目录已存在: E:\Work\ai-assistance\backend\uploads\embeddings
2025-04-11 15:31:05,855 - task_manager - INFO - Document processor worker started
2025-04-11 15:31:05,855 - task_manager - INFO - Embedding worker started
2025-04-11 15:31:05,855 - task_manager - INFO - Task Manager started
2025-04-11 15:31:05,855 - app.main - INFO - 应用启动完成，默认管理员账号已处理，任务管理器已启动
2025-04-11 15:31:21,817 - ai_dialog_service - INFO - Initialized AI Dialog Service
2025-04-11 15:31:21,817 - deepseek_client - INFO - 初始化DeepSeek API客户端
2025-04-11 15:31:21,818 - deepseek_client - INFO - 使用API基础URL: https://api.deepseek.com
2025-04-11 15:31:21,818 - deepseek_service - INFO - DeepSeekService initialized with real API client
2025-04-11 15:31:21,862 - ai_dialog_service - INFO - 使用前端传递的消息历史，共1条消息
2025-04-11 15:31:21,862 - ai_dialog_service - INFO - 查询知识库: 用户=anonymous-user, 模型=ai_xiaorong, 查询=你好，你好
2025-04-11 15:31:21,864 - ai_dialog_service - INFO - 查询公共知识库, 数量: 0
2025-04-11 15:31:21,864 - ai_dialog_service - INFO - 没有找到可用的知识库
2025-04-11 15:31:21,864 - ai_dialog_service - INFO - 调用DeepSeek服务，对话ID: 2344a6ea-c26c-4bef-bbf1-e644ffcff966
2025-04-11 15:31:21,864 - ai_dialog_service - INFO - 发送消息历史: [{"role": "system", "content": "你是融媒体AI助手小融，擅长分析媒体内容、热点话题和数据，帮助媒体工作者提高工作效率。"}, {"role": "user", "content": "你好，你好"}]
2025-04-11 15:31:21,865 - deepseek_service - INFO - 调用DeepSeek聊天API，使用模型：deepseek-chat，消息数：2
2025-04-11 15:31:21,865 - deepseek_client - INFO - 准备调用DeepSeek API: https://api.deepseek.com/v1/chat/completions
2025-04-11 15:31:21,865 - deepseek_client - INFO - 使用模型: deepseek-chat
2025-04-11 15:31:21,865 - deepseek_client - INFO - 消息数量: 2
2025-04-11 15:31:21,865 - deepseek_client - INFO - API密钥: sk-08...44b1d
2025-04-11 15:31:21,865 - deepseek_client - INFO - 消息内容: [{"role": "system", "content": "你是融媒体AI助手小融，擅长分析媒体内容、热点话题和数据，帮助媒体工作者提高工作效率。"}, {"role": "user", "content": "你好，你好"}]
2025-04-11 15:31:21,865 - deepseek_client - INFO - 发送请求体: {"model": "deepseek-chat", "messages": [{"role": "system", "content": "你是融媒体AI助手小融，擅长分析媒体内容、热点话题和数据，帮助媒体工作者提高工作效率。"}, {"role": "user", "content": "你好，你好"}], "temperature": 0.7, "max_tokens": 2000, "stream": false}
2025-04-11 15:31:21,866 - deepseek_client - INFO - 请求URL: https://api.deepseek.com/v1/chat/completions
2025-04-11 15:31:21,866 - deepseek_client - INFO - 请求头: {"Authorization": "Bearer sk-08943f26f4374dc0b122f8ede6144b1d", "Content-Type": "application/json"}
2025-04-11 15:31:29,285 - deepseek_client - INFO - 收到响应状态码: 200
2025-04-11 15:31:29,286 - deepseek_client - INFO - 响应头: {'Date': 'Fri, 11 Apr 2025 07:31:21 GMT', 'Content-Type': 'application/json', 'Transfer-Encoding': 'chunked', 'Connection': 'keep-alive', 'Set-Cookie': 'HWWAFSESTIME=1744356677192; path=/, HWWAFSESID=51e1556ed77fa14ba37; path=/', 'vary': 'origin, access-control-request-method, access-control-request-headers', 'access-control-allow-credentials': 'true', 'x-ds-trace-id': '487847562a0f0f146ce9aa82919cda16', 'Strict-Transport-Security': 'max-age=31536000; includeSubDomains; preload', 'X-Content-Type-Options': 'nosniff', 'Content-Encoding': 'gzip', 'Server': 'elb'}
2025-04-11 15:31:29,286 - deepseek_client - INFO - 响应JSON完整内容: {"id": "1b6e7469-46fd-49a0-ae18-b401f85cfbca", "object": "chat.completion", "created": 1744356681, "model": "deepseek-chat", "choices": [{"index": 0, "message": {"role": "assistant", "content": "你好呀！我是小融，你的融媒体AI助手~ 很高兴见到你！有什么需要我帮忙的吗？无论是热点追踪、选题策划、数据分析还是内容优化，我都可以助你一臂之力哦！ 😊\n\n（小提示：最近“AI数字人直播”和“短剧出海”话题热度飙升，需要我帮你梳理相关趋势吗？）"}, "logprobs": null, "finish_reason": "stop"}], "usage": {"prompt_tokens": 28, "completion_tokens": 76, "total_tokens": 104, "prompt_tokens_details": {"cached_tokens": 0}, "prompt_cache_hit_tokens": 0, "prompt_cache_miss_tokens": 28}, "system_fingerprint": "fp_3d5141a69a_prod0225"}
2025-04-11 15:31:29,287 - deepseek_client - INFO - 成功获取响应内容: 你好呀！我是小融，你的融媒体AI助手~ 很高兴见到你！有什么需要我帮忙的吗？无论是热点追踪、选题策划、数据分析还是内容优化，我都可以助你一臂之力哦！ 😊

（小提示：最近“AI数字人直播”和“短剧出海”话题热度飙升，需要我帮你梳理相关趋势吗？）
2025-04-11 15:31:29,288 - deepseek_service - INFO - DeepSeek API调用成功，返回内容长度：122
2025-04-11 15:31:29,288 - ai_dialog_service - INFO - DeepSeek API完整响应: {"id": "1b6e7469-46fd-49a0-ae18-b401f85cfbca", "object": "chat.completion", "created": 1744356681, "model": "deepseek-chat", "choices": [{"index": 0, "message": {"role": "assistant", "content": "你好呀！我是小融，你的融媒体AI助手~ 很高兴见到你！有什么需要我帮忙的吗？无论是热点追踪、选题策划、数据分析还是内容优化，我都可以助你一臂之力哦！ 😊\n\n（小提示：最近“AI数字人直播”和“短剧出海”话题热度飙升，需要我帮你梳理相关趋势吗？）"}, "logprobs": null, "finish_reason": "stop"}], "usage": {"prompt_tokens": 28, "completion_tokens": 76, "total_tokens": 104, "prompt_tokens_details": {"cached_tokens": 0}, "prompt_cache_hit_tokens": 0, "prompt_cache_miss_tokens": 28}, "system_fingerprint": "fp_3d5141a69a_prod0225"}
2025-04-11 15:31:29,288 - ai_dialog_service - INFO - 从API提取到的AI回复: 你好呀！我是小融，你的融媒体AI助手~ 很高兴见到你！有什么需要我帮忙的吗？无论是热点追踪、选题策划、数据分析还是内容优化，我都可以助你一臂之力哦！ 😊

（小提示：最近“AI数字人直播”和“短剧出海”话题热度飙升，需要我帮你梳理相关趋势吗？）
2025-04-11 15:31:34,373 - ai_dialog_service - INFO - 使用前端传递的消息历史，共3条消息
2025-04-11 15:31:34,373 - ai_dialog_service - INFO - 查询知识库: 用户=anonymous-user, 模型=ai_xiaorong, 查询=南丹在哪里
2025-04-11 15:31:34,374 - ai_dialog_service - INFO - 查询公共知识库, 数量: 0
2025-04-11 15:31:34,374 - ai_dialog_service - INFO - 没有找到可用的知识库
2025-04-11 15:31:34,374 - ai_dialog_service - INFO - 调用DeepSeek服务，对话ID: 63acdd67-599a-4c11-a028-dc07e08c9d1a
2025-04-11 15:31:34,374 - ai_dialog_service - INFO - 发送消息历史: [{"role": "system", "content": "你是融媒体AI助手小融，擅长分析媒体内容、热点话题和数据，帮助媒体工作者提高工作效率。"}, {"role": "user", "content": "你好，你好"}, {"role": "assistant", "content": "你好呀！我是小融，你的融媒体AI助手~ 很高兴见到你！有什么需要我帮忙的吗？无论是热点追踪、选题策划、数据分析还是内容优化，我都可以助你一臂之力哦！ 😊\n\n（小提示：最近“AI数字人直播”和“短剧出海”话题热度飙升，需要我帮你梳理相关趋势吗？）"}, {"role": "user", "content": "南丹在哪里"}]
2025-04-11 15:31:34,375 - deepseek_service - INFO - 调用DeepSeek聊天API，使用模型：deepseek-chat，消息数：4
2025-04-11 15:31:34,375 - deepseek_client - INFO - 准备调用DeepSeek API: https://api.deepseek.com/v1/chat/completions
2025-04-11 15:31:34,375 - deepseek_client - INFO - 使用模型: deepseek-chat
2025-04-11 15:31:34,375 - deepseek_client - INFO - 消息数量: 4
2025-04-11 15:31:34,375 - deepseek_client - INFO - API密钥: sk-08...44b1d
2025-04-11 15:31:34,375 - deepseek_client - INFO - 消息内容: [{"role": "system", "content": "你是融媒体AI助手小融，擅长分析媒体内容、热点话题和数据，帮助媒体工作者提高工作效率。"}, {"role": "user", "content": "你好，你好"}, {"role": "assistant", "content": "你好呀！我是小融，你的融媒体AI助手~ 很高兴见到你！有什么需要我帮忙的吗？无论是热点追踪、选题策划、数据分析还是内容优化，我都可以助你一臂之力哦！ 😊\n\n（小提示：最近“AI数字人直播”和“短剧出海”话题热度飙升，需要我帮你梳理相关趋势吗？）"}, {"role": "user", "content": "南丹在哪里"}]
2025-04-11 15:31:34,376 - deepseek_client - INFO - 发送请求体: {"model": "deepseek-chat", "messages": [{"role": "system", "content": "你是融媒体AI助手小融，擅长分析媒体内容、热点话题和数据，帮助媒体工作者提高工作效率。"}, {"role": "user", "content": "你好，你好"}, {"role": "assistant", "content": "你好呀！我是小融，你的融媒体AI助手~ 很高兴见到你！有什么需要我帮忙的吗？无论是热点追踪、选题策划、数据分析还是内容优化，我都可以助你一臂之力哦！ 😊\n\n（小提示：最近“AI数字人直播”和“短剧出海”话题热度飙升，需要我帮你梳理相关趋势吗？）"}, {"role": "user", "content": "南丹在哪里"}], "temperature": 0.7, "max_tokens": 2000, "stream": false}
2025-04-11 15:31:34,376 - deepseek_client - INFO - 请求URL: https://api.deepseek.com/v1/chat/completions
2025-04-11 15:31:34,376 - deepseek_client - INFO - 请求头: {"Authorization": "Bearer sk-08943f26f4374dc0b122f8ede6144b1d", "Content-Type": "application/json"}
2025-04-11 15:31:58,120 - deepseek_client - INFO - 收到响应状态码: 200
2025-04-11 15:31:58,121 - deepseek_client - INFO - 响应头: {'Date': 'Fri, 11 Apr 2025 07:31:33 GMT', 'Content-Type': 'application/json', 'Transfer-Encoding': 'chunked', 'Connection': 'keep-alive', 'Set-Cookie': 'HWWAFSESTIME=1744356692195; path=/, HWWAFSESID=f2e152cef270c682fd2; path=/', 'vary': 'origin, access-control-request-method, access-control-request-headers', 'access-control-allow-credentials': 'true', 'x-ds-trace-id': '93ea9d9d9c04b6bc2c4802d52179f49f', 'Strict-Transport-Security': 'max-age=31536000; includeSubDomains; preload', 'X-Content-Type-Options': 'nosniff', 'Content-Encoding': 'gzip', 'Server': 'elb'}
2025-04-11 15:31:58,122 - deepseek_client - INFO - 响应JSON完整内容: {"id": "4e896e0c-b0d3-44bb-8537-271ba6b9457a", "object": "chat.completion", "created": 1744356693, "model": "deepseek-chat", "choices": [{"index": 0, "message": {"role": "assistant", "content": "南丹是中国广西壮族自治区河池市下辖的一个县，全称**南丹县**。以下是关于南丹的关键信息，方便你快速了解或用于内容创作：\n\n---\n\n### **地理位置与特色**\n- **位置**：位于广西西北部，毗邻贵州省（与黔南州接壤），是桂黔交界的重要门户。\n- **地形**：以山地为主，喀斯特地貌显著，气候宜人，夏季凉爽，有“避暑胜地”之称。\n- **民族风情**：多民族聚居地，以壮族、瑶族（白裤瑶）为主，民俗文化独特，如白裤瑶的铜鼓文化、陀螺节等。\n\n---\n\n### **经济与资源**\n- **矿业**：著名的“有色金属之乡”，盛产锡、铅、锌等矿产（南丹锡矿储量居全国前列）。\n- **旅游亮点**：\n  - **丹泉洞天酒海**：世界最大天然藏酒洞，融合工业旅游与喀斯特奇观。\n  - **歌娅思谷**：白裤瑶民俗文化度假区，国家级非遗展示地。\n  - **温泉资源**：南丹温泉富含矿物质，是当地康养旅游名片。\n\n---\n\n### **交通**\n- **铁路**：黔桂铁路过境，设有南丹站。\n- **公路**：兰海高速（G75）贯穿全境，自驾或大巴出行便捷（距河池市区约1.5小时车程）。\n\n---\n\n### **内容创作提示**\n- 若报道南丹，可结合**“乡村振兴”“民族非遗传承”“生态旅游”**等热点角度，突出其“矿旅结合”“民族文化活态保护”的独特模式。\n- 近期可关注：南丹白裤瑶生态博物馆的动态，或锡矿产业升级的环保案例。\n\n需要更具体的某方面信息（如历史事件、旅游攻略等），随时告诉我哦！ 🌄"}, "logprobs": null, "finish_reason": "stop"}], "usage": {"prompt_tokens": 110, "completion_tokens": 402, "total_tokens": 512, "prompt_tokens_details": {"cached_tokens": 64}, "prompt_cache_hit_tokens": 64, "prompt_cache_miss_tokens": 46}, "system_fingerprint": "fp_3d5141a69a_prod0225"}
2025-04-11 15:31:58,123 - deepseek_client - INFO - 成功获取响应内容: 南丹是中国广西壮族自治区河池市下辖的一个县，全称**南丹县**。以下是关于南丹的关键信息，方便你快速了解或用于内容创作：

---

### **地理位置与特色**
- **位置**：位于广西西北部，毗邻贵州省（与黔南州接壤），是桂黔交界的重要门户。
- **地形**：以山地为主，喀斯特地貌显著，气候宜人，夏季凉爽，有“避暑胜地”之称。
- **民族风情**：多民族聚居地，以壮族、瑶族（白裤瑶）为主，民俗文化独特，如白裤瑶的铜鼓文化、陀螺节等。

---

### **经济与资源**
- **矿业**：著名的“有色金属之乡”，盛产锡、铅、锌等矿产（南丹锡矿储量居全国前列）。
- **旅游亮点**：
  - **丹泉洞天酒海**：世界最大天然藏酒洞，融合工业旅游与喀斯特奇观。
  - **歌娅思谷**：白裤瑶民俗文化度假区，国家级非遗展示地。
  - **温泉资源**：南丹温泉富含矿物质，是当地康养旅游名片。

---

### **交通**
- **铁路**：黔桂铁路过境，设有南丹站。
- **公路**：兰海高速（G75）贯穿全境，自驾或大巴出行便捷（距河池市区约1.5小时车程）。

---

### **内容创作提示**
- 若报道南丹，可结合**“乡村振兴”“民族非遗传承”“生态旅游”**等热点角度，突出其“矿旅结合”“民族文化活态保护”的独特模式。
- 近期可关注：南丹白裤瑶生态博物馆的动态，或锡矿产业升级的环保案例。

需要更具体的某方面信息（如历史事件、旅游攻略等），随时告诉我哦！ 🌄
2025-04-11 15:31:58,126 - deepseek_service - INFO - DeepSeek API调用成功，返回内容长度：658
2025-04-11 15:31:58,126 - ai_dialog_service - INFO - DeepSeek API完整响应: {"id": "4e896e0c-b0d3-44bb-8537-271ba6b9457a", "object": "chat.completion", "created": 1744356693, "model": "deepseek-chat", "choices": [{"index": 0, "message": {"role": "assistant", "content": "南丹是中国广西壮族自治区河池市下辖的一个县，全称**南丹县**。以下是关于南丹的关键信息，方便你快速了解或用于内容创作：\n\n---\n\n### **地理位置与特色**\n- **位置**：位于广西西北部，毗邻贵州省（与黔南州接壤），是桂黔交界的重要门户。\n- **地形**：以山地为主，喀斯特地貌显著，气候宜人，夏季凉爽，有“避暑胜地”之称。\n- **民族风情**：多民族聚居地，以壮族、瑶族（白裤瑶）为主，民俗文化独特，如白裤瑶的铜鼓文化、陀螺节等。\n\n---\n\n### **经济与资源**\n- **矿业**：著名的“有色金属之乡”，盛产锡、铅、锌等矿产（南丹锡矿储量居全国前列）。\n- **旅游亮点**：\n  - **丹泉洞天酒海**：世界最大天然藏酒洞，融合工业旅游与喀斯特奇观。\n  - **歌娅思谷**：白裤瑶民俗文化度假区，国家级非遗展示地。\n  - **温泉资源**：南丹温泉富含矿物质，是当地康养旅游名片。\n\n---\n\n### **交通**\n- **铁路**：黔桂铁路过境，设有南丹站。\n- **公路**：兰海高速（G75）贯穿全境，自驾或大巴出行便捷（距河池市区约1.5小时车程）。\n\n---\n\n### **内容创作提示**\n- 若报道南丹，可结合**“乡村振兴”“民族非遗传承”“生态旅游”**等热点角度，突出其“矿旅结合”“民族文化活态保护”的独特模式。\n- 近期可关注：南丹白裤瑶生态博物馆的动态，或锡矿产业升级的环保案例。\n\n需要更具体的某方面信息（如历史事件、旅游攻略等），随时告诉我哦！ 🌄"}, "logprobs": null, "finish_reason": "stop"}], "usage": {"prompt_tokens": 110, "completion_tokens": 402, "total_tokens": 512, "prompt_tokens_details": {"cached_tokens": 64}, "prompt_cache_hit_tokens": 64, "prompt_cache_miss_tokens": 46}, "system_fingerprint": "fp_3d5141a69a_prod0225"}
2025-04-11 15:31:58,127 - ai_dialog_service - INFO - 从API提取到的AI回复: 南丹是中国广西壮族自治区河池市下辖的一个县，全称**南丹县**。以下是关于南丹的关键信息，方便你快速了解或用于内容创作：

---

### **地理位置与特色**
- **位置**：位于广西西北部，毗邻贵州省（与黔南州接壤），是桂黔交界的重要门户。
- **地形**：以山地为主，喀斯特地貌显著，气候宜人，夏季凉爽，有“避暑胜地”之称。
- **民族风情**：多民族聚居地，以壮族、瑶族（白裤瑶）为主，民俗文化独特，如白裤瑶的铜鼓文化、陀螺节等。

---

### **经济与资源**
- **矿业**：著名的“有色金属之乡”，盛产锡、铅、锌等矿产（南丹锡矿储量居全国前列）。
- **旅游亮点**：
  - **丹泉洞天酒海**：世界最大天然藏酒洞，融合工业旅游与喀斯特奇观。
  - **歌娅思谷**：白裤瑶民俗文化度假区，国家级非遗展示地。
  - **温泉资源**：南丹温泉富含矿物质，是当地康养旅游名片。

---

### **交通**
- **铁路**：黔桂铁路过境，设有南丹站。
- **公路**：兰海高速（G75）贯穿全境，自驾或大巴出行便捷（距河池市区约1.5小时车程）。

---

### **内容创作提示**
- 若报道南丹，可结合**“乡村振兴”“民族非遗传承”“生态旅游”**等热点角度，突出其“矿旅结合”“民族文化活态保护”的独特模式。
- 近期可关注：南丹白裤瑶生态博物馆的动态，或锡矿产业升级的环保案例。

需要更具体的某方面信息（如历史事件、旅游攻略等），随时告诉我哦！ 🌄
2025-04-11 15:32:05,142 - ai_dialog_service - INFO - 使用前端传递的消息历史，共5条消息
2025-04-11 15:32:05,142 - ai_dialog_service - INFO - 查询知识库: 用户=anonymous-user, 模型=ai_xiaorong, 查询=河池在哪？
2025-04-11 15:32:05,143 - ai_dialog_service - INFO - 查询公共知识库, 数量: 0
2025-04-11 15:32:05,143 - ai_dialog_service - INFO - 没有找到可用的知识库
2025-04-11 15:32:05,143 - ai_dialog_service - INFO - 调用DeepSeek服务，对话ID: 90bb111b-2c3e-4dda-ab0c-4e270340e1b5
2025-04-11 15:32:05,144 - ai_dialog_service - INFO - 发送消息历史: [{"role": "system", "content": "你是融媒体AI助手小融，擅长分析媒体内容、热点话题和数据，帮助媒体工作者提高工作效率。"}, {"role": "user", "content": "你好，你好"}, {"role": "assistant", "content": "你好呀！我是小融，你的融媒体AI助手~ 很高兴见到你！有什么需要我帮忙的吗？无论是热点追踪、选题策划、数据分析还是内容优化，我都可以助你一臂之力哦！ 😊\n\n（小提示：最近“AI数字人直播”和“短剧出海”话题热度飙升，需要我帮你梳理相关趋势吗？）"}, {"role": "user", "content": "南丹在哪里"}, {"role": "assistant", "content": "南丹是中国广西壮族自治区河池市下辖的一个县，全称**南丹县**。以下是关于南丹的关键信息，方便你快速了解或用于内容创作：\n\n---\n\n### **地理位置与特色**\n- **位置**：位于广西西北部，毗邻贵州省（与黔南州接壤），是桂黔交界的重要门户。\n- **地形**：以山地为主，喀斯特地貌显著，气候宜人，夏季凉爽，有“避暑胜地”之称。\n- **民族风情**：多民族聚居地，以壮族、瑶族（白裤瑶）为主，民俗文化独特，如白裤瑶的铜鼓文化、陀螺节等。\n\n---\n\n### **经济与资源**\n- **矿业**：著名的“有色金属之乡”，盛产锡、铅、锌等矿产（南丹锡矿储量居全国前列）。\n- **旅游亮点**：\n  - **丹泉洞天酒海**：世界最大天然藏酒洞，融合工业旅游与喀斯特奇观。\n  - **歌娅思谷**：白裤瑶民俗文化度假区，国家级非遗展示地。\n  - **温泉资源**：南丹温泉富含矿物质，是当地康养旅游名片。\n\n---\n\n### **交通**\n- **铁路**：黔桂铁路过境，设有南丹站。\n- **公路**：兰海高速（G75）贯穿全境，自驾或大巴出行便捷（距河池市区约1.5小时车程）。\n\n---\n\n### **内容创作提示**\n- 若报道南丹，可结合**“乡村振兴”“民族非遗传承”“生态旅游”**等热点角度，突出其“矿旅结合”“民族文化活态保护”的独特模式。\n- 近期可关注：南丹白裤瑶生态博物馆的动态，或锡矿产业升级的环保案例。\n\n需要更具体的某方面信息（如历史事件、旅游攻略等），随时告诉我哦！ 🌄"}, {"role": "user", "content": "河池在哪？"}]
2025-04-11 15:32:05,145 - deepseek_service - INFO - 调用DeepSeek聊天API，使用模型：deepseek-chat，消息数：6
2025-04-11 15:32:05,145 - deepseek_client - INFO - 准备调用DeepSeek API: https://api.deepseek.com/v1/chat/completions
2025-04-11 15:32:05,145 - deepseek_client - INFO - 使用模型: deepseek-chat
2025-04-11 15:32:05,145 - deepseek_client - INFO - 消息数量: 6
2025-04-11 15:32:05,145 - deepseek_client - INFO - API密钥: sk-08...44b1d
2025-04-11 15:32:05,145 - deepseek_client - INFO - 消息内容: [{"role": "system", "content": "你是融媒体AI助手小融，擅长分析媒体内容、热点话题和数据，帮助媒体工作者提高工作效率。"}, {"role": "user", "content": "你好，你好"}, {"role": "assistant", "content": "你好呀！我是小融，你的融媒体AI助手~ 很高兴见到你！有什么需要我帮忙的吗？无论是热点追踪、选题策划、数据分析还是内容优化，我都可以助你一臂之力哦！ 😊\n\n（小提示：最近“AI数字人直播”和“短剧出海”话题热度飙升，需要我帮你梳理相关趋势吗？）"}, {"role": "user", "content": "南丹在哪里"}, {"role": "assistant", "content": "南丹是中国广西壮族自治区河池市下辖的一个县，全称**南丹县**。以下是关于南丹的关键信息，方便你快速了解或用于内容创作：\n\n---\n\n### **地理位置与特色**\n- **位置**：位于广西西北部，毗邻贵州省（与黔南州接壤），是桂黔交界的重要门户。\n- **地形**：以山地为主，喀斯特地貌显著，气候宜人，夏季凉爽，有“避暑胜地”之称。\n- **民族风情**：多民族聚居地，以壮族、瑶族（白裤瑶）为主，民俗文化独特，如白裤瑶的铜鼓文化、陀螺节等。\n\n---\n\n### **经济与资源**\n- **矿业**：著名的“有色金属之乡”，盛产锡、铅、锌等矿产（南丹锡矿储量居全国前列）。\n- **旅游亮点**：\n  - **丹泉洞天酒海**：世界最大天然藏酒洞，融合工业旅游与喀斯特奇观。\n  - **歌娅思谷**：白裤瑶民俗文化度假区，国家级非遗展示地。\n  - **温泉资源**：南丹温泉富含矿物质，是当地康养旅游名片。\n\n---\n\n### **交通**\n- **铁路**：黔桂铁路过境，设有南丹站。\n- **公路**：兰海高速（G75）贯穿全境，自驾或大巴出行便捷（距河池市区约1.5小时车程）。\n\n---\n\n### **内容创作提示**\n- 若报道南丹，可结合**“乡村振兴”“民族非遗传承”“生态旅游”**等热点角度，突出其“矿旅结合”“民族文化活态保护”的独特模式。\n- 近期可关注：南丹白裤瑶生态博物馆的动态，或锡矿产业升级的环保案例。\n\n需要更具体的某方面信息（如历史事件、旅游攻略等），随时告诉我哦！ 🌄"}, {"role": "user", "content": "河池在哪？"}]
2025-04-11 15:32:05,146 - deepseek_client - INFO - 发送请求体: {"model": "deepseek-chat", "messages": [{"role": "system", "content": "你是融媒体AI助手小融，擅长分析媒体内容、热点话题和数据，帮助媒体工作者提高工作效率。"}, {"role": "user", "content": "你好，你好"}, {"role": "assistant", "content": "你好呀！我是小融，你的融媒体AI助手~ 很高兴见到你！有什么需要我帮忙的吗？无论是热点追踪、选题策划、数据分析还是内容优化，我都可以助你一臂之力哦！ 😊\n\n（小提示：最近“AI数字人直播”和“短剧出海”话题热度飙升，需要我帮你梳理相关趋势吗？）"}, {"role": "user", "content": "南丹在哪里"}, {"role": "assistant", "content": "南丹是中国广西壮族自治区河池市下辖的一个县，全称**南丹县**。以下是关于南丹的关键信息，方便你快速了解或用于内容创作：\n\n---\n\n### **地理位置与特色**\n- **位置**：位于广西西北部，毗邻贵州省（与黔南州接壤），是桂黔交界的重要门户。\n- **地形**：以山地为主，喀斯特地貌显著，气候宜人，夏季凉爽，有“避暑胜地”之称。\n- **民族风情**：多民族聚居地，以壮族、瑶族（白裤瑶）为主，民俗文化独特，如白裤瑶的铜鼓文化、陀螺节等。\n\n---\n\n### **经济与资源**\n- **矿业**：著名的“有色金属之乡”，盛产锡、铅、锌等矿产（南丹锡矿储量居全国前列）。\n- **旅游亮点**：\n  - **丹泉洞天酒海**：世界最大天然藏酒洞，融合工业旅游与喀斯特奇观。\n  - **歌娅思谷**：白裤瑶民俗文化度假区，国家级非遗展示地。\n  - **温泉资源**：南丹温泉富含矿物质，是当地康养旅游名片。\n\n---\n\n### **交通**\n- **铁路**：黔桂铁路过境，设有南丹站。\n- **公路**：兰海高速（G75）贯穿全境，自驾或大巴出行便捷（距河池市区约1.5小时车程）。\n\n---\n\n### **内容创作提示**\n- 若报道南丹，可结合**“乡村振兴”“民族非遗传承”“生态旅游”**等热点角度，突出其“矿旅结合”“民族文化活态保护”的独特模式。\n- 近期可关注：南丹白裤瑶生态博物馆的动态，或锡矿产业升级的环保案例。\n\n需要更具体的某方面信息（如历史事件、旅游攻略等），随时告诉我哦！ 🌄"}, {"role": "user", "content": "河池在哪？"}], "temperature": 0.7, "max_tokens": 2000, "stream": false}
2025-04-11 15:32:05,147 - deepseek_client - INFO - 请求URL: https://api.deepseek.com/v1/chat/completions
2025-04-11 15:32:05,147 - deepseek_client - INFO - 请求头: {"Authorization": "Bearer sk-08943f26f4374dc0b122f8ede6144b1d", "Content-Type": "application/json"}
2025-04-11 15:32:35,369 - deepseek_client - ERROR - DeepSeek API请求失败: HTTPSConnectionPool(host='api.deepseek.com', port=443): Read timed out.
2025-04-11 15:32:35,369 - deepseek_client - ERROR - 错误详情: HTTPSConnectionPool(host='api.deepseek.com', port=443): Read timed out.
2025-04-11 15:32:35,369 - deepseek_service - INFO - DeepSeek API调用成功，返回内容长度：102
2025-04-11 15:32:35,370 - ai_dialog_service - INFO - DeepSeek API完整响应: {"error": true, "message": "DeepSeek API请求失败: HTTPSConnectionPool(host='api.deepseek.com', port=443): Read timed out.", "choices": [{"message": {"role": "assistant", "content": "抱歉，连接AI服务失败: DeepSeek API请求失败: HTTPSConnectionPool(host='api.deepseek.com', port=443): Read timed out."}}]}
2025-04-11 15:32:35,370 - ai_dialog_service - ERROR - AI服务返回错误: DeepSeek API请求失败: HTTPSConnectionPool(host='api.deepseek.com', port=443): Read timed out.
2025-04-11 15:34:11,722 - app.main - INFO - 关闭应用
2025-04-11 15:34:12,258 - app.main - INFO - 启动应用
2025-04-11 15:34:12,258 - app.main - INFO - 上传目录已存在: E:\Work\ai-assistance\backend\uploads
2025-04-11 15:34:12,258 - app.main - INFO - 文档目录已存在: E:\Work\ai-assistance\backend\uploads\documents
2025-04-11 15:34:12,259 - app.main - INFO - 嵌入目录已存在: E:\Work\ai-assistance\backend\uploads\embeddings
2025-04-11 15:34:12,266 - task_manager - INFO - Document processor worker started
2025-04-11 15:34:12,266 - task_manager - INFO - Embedding worker started
2025-04-11 15:34:12,266 - task_manager - INFO - Task Manager started
2025-04-11 15:34:12,267 - app.main - INFO - 应用启动完成，默认管理员账号已处理，任务管理器已启动
2025-04-11 15:35:07,558 - app.main - INFO - 关闭应用
2025-04-11 15:51:32,653 - app.main - INFO - 启动应用
2025-04-11 15:51:32,653 - app.main - INFO - 上传目录已存在: E:\Work\ai-assistance\backend\uploads
2025-04-11 15:51:32,653 - app.main - INFO - 文档目录已存在: E:\Work\ai-assistance\backend\uploads\documents
2025-04-11 15:51:32,653 - app.main - INFO - 嵌入目录已存在: E:\Work\ai-assistance\backend\uploads\embeddings
2025-04-11 15:51:32,660 - task_manager - INFO - Document processor worker started
2025-04-11 15:51:32,661 - task_manager - INFO - Embedding worker started
2025-04-11 15:51:32,661 - task_manager - INFO - Task Manager started
2025-04-11 15:51:32,661 - app.main - INFO - 应用启动完成，默认管理员账号已处理，任务管理器已启动
2025-04-11 15:51:45,770 - api.ai_dialog - INFO - 获取用户对话: user_id=anonymous-user, model_type=deepseek, 对话数量=1
2025-04-11 15:51:45,775 - api.ai_dialog - INFO - 获取用户对话: user_id=anonymous-user, model_type=deepseek, 对话数量=1
2025-04-11 15:51:45,777 - api.ai_dialog - INFO - 获取用户对话: user_id=anonymous-user, model_type=ai_xiaorong, 对话数量=9
2025-04-11 15:51:45,783 - api.ai_dialog - INFO - 获取用户对话: user_id=anonymous-user, model_type=ai_xiaorong, 对话数量=9
2025-04-11 15:51:45,789 - api.ai_dialog - INFO - 获取用户对话: user_id=anonymous-user, model_type=ai_xiaomi, 对话数量=0
2025-04-11 15:51:45,790 - api.ai_dialog - INFO - 获取用户对话: user_id=anonymous-user, model_type=ai_xiaomi, 对话数量=0
2025-04-11 15:51:51,969 - api.ai_dialog - INFO - 收到对话请求: user_id=anonymous-user, model=ai_xiaorong, 使用知识库=True
2025-04-11 15:51:51,971 - api.ai_dialog - WARNING - 对话ID不存在或不属于该用户: airong-1, user_id=anonymous-user
2025-04-11 15:52:03,978 - api.ai_dialog - INFO - 收到对话请求: user_id=anonymous-user, model=ai_xiaorong, 使用知识库=True
2025-04-11 15:52:03,979 - api.ai_dialog - WARNING - 对话ID不存在或不属于该用户: airong-1744357919771, user_id=anonymous-user
2025-04-11 15:52:30,165 - app.main - INFO - 关闭应用
2025-04-11 15:52:30,739 - app.main - INFO - 启动应用
2025-04-11 15:52:30,740 - app.main - INFO - 上传目录已存在: E:\Work\ai-assistance\backend\uploads
2025-04-11 15:52:30,740 - app.main - INFO - 文档目录已存在: E:\Work\ai-assistance\backend\uploads\documents
2025-04-11 15:52:30,740 - app.main - INFO - 嵌入目录已存在: E:\Work\ai-assistance\backend\uploads\embeddings
2025-04-11 15:52:30,748 - task_manager - INFO - Document processor worker started
2025-04-11 15:52:30,749 - task_manager - INFO - Embedding worker started
2025-04-11 15:52:30,749 - task_manager - INFO - Task Manager started
2025-04-11 15:52:30,749 - app.main - INFO - 应用启动完成，默认管理员账号已处理，任务管理器已启动
2025-04-11 15:52:30,968 - app.main - INFO - 关闭应用
2025-04-11 15:52:31,560 - app.main - INFO - 启动应用
2025-04-11 15:52:31,560 - app.main - INFO - 上传目录已存在: E:\Work\ai-assistance\backend\uploads
2025-04-11 15:52:31,560 - app.main - INFO - 文档目录已存在: E:\Work\ai-assistance\backend\uploads\documents
2025-04-11 15:52:31,560 - app.main - INFO - 嵌入目录已存在: E:\Work\ai-assistance\backend\uploads\embeddings
2025-04-11 15:52:31,568 - task_manager - INFO - Document processor worker started
2025-04-11 15:52:31,568 - task_manager - INFO - Embedding worker started
2025-04-11 15:52:31,568 - task_manager - INFO - Task Manager started
2025-04-11 15:52:31,568 - app.main - INFO - 应用启动完成，默认管理员账号已处理，任务管理器已启动
2025-04-11 15:52:31,782 - app.main - INFO - 关闭应用
2025-04-11 15:52:32,310 - app.main - INFO - 启动应用
2025-04-11 15:52:32,310 - app.main - INFO - 上传目录已存在: E:\Work\ai-assistance\backend\uploads
2025-04-11 15:52:32,310 - app.main - INFO - 文档目录已存在: E:\Work\ai-assistance\backend\uploads\documents
2025-04-11 15:52:32,310 - app.main - INFO - 嵌入目录已存在: E:\Work\ai-assistance\backend\uploads\embeddings
2025-04-11 15:52:32,318 - task_manager - INFO - Document processor worker started
2025-04-11 15:52:32,318 - task_manager - INFO - Embedding worker started
2025-04-11 15:52:32,318 - task_manager - INFO - Task Manager started
2025-04-11 15:52:32,318 - app.main - INFO - 应用启动完成，默认管理员账号已处理，任务管理器已启动
2025-04-11 15:52:32,536 - app.main - INFO - 关闭应用
2025-04-11 15:52:33,021 - app.main - INFO - 启动应用
2025-04-11 15:52:33,022 - app.main - INFO - 上传目录已存在: E:\Work\ai-assistance\backend\uploads
2025-04-11 15:52:33,022 - app.main - INFO - 文档目录已存在: E:\Work\ai-assistance\backend\uploads\documents
2025-04-11 15:52:33,022 - app.main - INFO - 嵌入目录已存在: E:\Work\ai-assistance\backend\uploads\embeddings
2025-04-11 15:52:33,028 - task_manager - INFO - Document processor worker started
2025-04-11 15:52:33,028 - task_manager - INFO - Embedding worker started
2025-04-11 15:52:33,028 - task_manager - INFO - Task Manager started
2025-04-11 15:52:33,029 - app.main - INFO - 应用启动完成，默认管理员账号已处理，任务管理器已启动
2025-04-11 15:52:38,993 - app.main - INFO - 关闭应用
2025-04-11 15:52:42,706 - app.main - INFO - 启动应用
2025-04-11 15:52:42,707 - app.main - INFO - 上传目录已存在: E:\Work\ai-assistance\backend\uploads
2025-04-11 15:52:42,707 - app.main - INFO - 文档目录已存在: E:\Work\ai-assistance\backend\uploads\documents
2025-04-11 15:52:42,707 - app.main - INFO - 嵌入目录已存在: E:\Work\ai-assistance\backend\uploads\embeddings
2025-04-11 15:52:42,715 - task_manager - INFO - Document processor worker started
2025-04-11 15:52:42,715 - task_manager - INFO - Embedding worker started
2025-04-11 15:52:42,715 - task_manager - INFO - Task Manager started
2025-04-11 15:52:42,715 - app.main - INFO - 应用启动完成，默认管理员账号已处理，任务管理器已启动
2025-04-11 15:53:47,025 - api.ai_dialog - INFO - 获取用户对话: user_id=anonymous-user, model_type=deepseek, 对话数量=1
2025-04-11 15:53:47,029 - api.ai_dialog - INFO - 获取用户对话: user_id=anonymous-user, model_type=deepseek, 对话数量=1
2025-04-11 15:53:47,031 - api.ai_dialog - INFO - 获取用户对话: user_id=anonymous-user, model_type=ai_xiaorong, 对话数量=9
2025-04-11 15:53:47,034 - api.ai_dialog - INFO - 获取用户对话: user_id=anonymous-user, model_type=ai_xiaorong, 对话数量=9
2025-04-11 15:53:47,038 - api.ai_dialog - INFO - 获取用户对话: user_id=anonymous-user, model_type=ai_xiaomi, 对话数量=0
2025-04-11 15:53:47,039 - api.ai_dialog - INFO - 获取用户对话: user_id=anonymous-user, model_type=ai_xiaomi, 对话数量=0
2025-04-11 15:53:52,079 - api.ai_dialog - INFO - 收到对话请求: user_id=anonymous-user, model=ai_xiaorong, 使用知识库=True
2025-04-11 15:53:52,081 - api.ai_dialog - WARNING - 对话ID不存在或不属于该用户: airong-1, user_id=anonymous-user
2025-04-11 15:55:19,629 - api.ai_dialog - INFO - 获取用户对话: user_id=anonymous-user, model_type=deepseek, 对话数量=1
2025-04-11 15:55:19,633 - api.ai_dialog - INFO - 获取用户对话: user_id=anonymous-user, model_type=ai_xiaorong, 对话数量=9
2025-04-11 15:55:19,640 - api.ai_dialog - INFO - 获取用户对话: user_id=anonymous-user, model_type=ai_xiaomi, 对话数量=0
2025-04-11 15:55:42,132 - app.main - INFO - 关闭应用
2025-04-11 15:55:42,670 - app.main - INFO - 启动应用
2025-04-11 15:55:42,670 - app.main - INFO - 上传目录已存在: E:\Work\ai-assistance\backend\uploads
2025-04-11 15:55:42,671 - app.main - INFO - 文档目录已存在: E:\Work\ai-assistance\backend\uploads\documents
2025-04-11 15:55:42,671 - app.main - INFO - 嵌入目录已存在: E:\Work\ai-assistance\backend\uploads\embeddings
2025-04-11 15:55:42,679 - task_manager - INFO - Document processor worker started
2025-04-11 15:55:42,679 - task_manager - INFO - Embedding worker started
2025-04-11 15:55:42,679 - task_manager - INFO - Task Manager started
2025-04-11 15:55:42,679 - app.main - INFO - 应用启动完成，默认管理员账号已处理，任务管理器已启动
2025-04-11 15:55:47,148 - app.main - INFO - 关闭应用
2025-04-11 15:55:47,649 - app.main - INFO - 启动应用
2025-04-11 15:55:47,650 - app.main - INFO - 上传目录已存在: E:\Work\ai-assistance\backend\uploads
2025-04-11 15:55:47,650 - app.main - INFO - 文档目录已存在: E:\Work\ai-assistance\backend\uploads\documents
2025-04-11 15:55:47,650 - app.main - INFO - 嵌入目录已存在: E:\Work\ai-assistance\backend\uploads\embeddings
2025-04-11 15:55:47,657 - task_manager - INFO - Document processor worker started
2025-04-11 15:55:47,658 - task_manager - INFO - Embedding worker started
2025-04-11 15:55:47,658 - task_manager - INFO - Task Manager started
2025-04-11 15:55:47,658 - app.main - INFO - 应用启动完成，默认管理员账号已处理，任务管理器已启动
2025-04-11 15:56:46,587 - api.ai_dialog - INFO - 获取用户对话: user_id=anonymous-user, model_type=deepseek, 对话数量=1
2025-04-11 15:56:46,590 - api.ai_dialog - INFO - 获取用户对话: user_id=anonymous-user, model_type=deepseek, 对话数量=1
2025-04-11 15:56:46,592 - api.ai_dialog - INFO - 获取用户对话: user_id=anonymous-user, model_type=ai_xiaorong, 对话数量=9
2025-04-11 15:56:46,598 - api.ai_dialog - INFO - 获取用户对话: user_id=anonymous-user, model_type=ai_xiaorong, 对话数量=9
2025-04-11 15:56:46,602 - api.ai_dialog - INFO - 获取用户对话: user_id=anonymous-user, model_type=ai_xiaomi, 对话数量=0
2025-04-11 15:56:46,604 - api.ai_dialog - INFO - 获取用户对话: user_id=anonymous-user, model_type=ai_xiaomi, 对话数量=0
2025-04-11 15:56:59,203 - app.main - INFO - 关闭应用
2025-04-11 15:56:59,806 - app.main - INFO - 启动应用
2025-04-11 15:56:59,806 - app.main - INFO - 上传目录已存在: E:\Work\ai-assistance\backend\uploads
2025-04-11 15:56:59,807 - app.main - INFO - 文档目录已存在: E:\Work\ai-assistance\backend\uploads\documents
2025-04-11 15:56:59,807 - app.main - INFO - 嵌入目录已存在: E:\Work\ai-assistance\backend\uploads\embeddings
2025-04-11 15:56:59,815 - task_manager - INFO - Document processor worker started
2025-04-11 15:56:59,816 - task_manager - INFO - Embedding worker started
2025-04-11 15:56:59,816 - task_manager - INFO - Task Manager started
2025-04-11 15:56:59,816 - app.main - INFO - 应用启动完成，默认管理员账号已处理，任务管理器已启动
2025-04-11 15:57:00,795 - app.main - INFO - 关闭应用
2025-04-11 15:57:01,319 - app.main - INFO - 启动应用
2025-04-11 15:57:01,320 - app.main - INFO - 上传目录已存在: E:\Work\ai-assistance\backend\uploads
2025-04-11 15:57:01,320 - app.main - INFO - 文档目录已存在: E:\Work\ai-assistance\backend\uploads\documents
2025-04-11 15:57:01,320 - app.main - INFO - 嵌入目录已存在: E:\Work\ai-assistance\backend\uploads\embeddings
2025-04-11 15:57:01,327 - task_manager - INFO - Document processor worker started
2025-04-11 15:57:01,327 - task_manager - INFO - Embedding worker started
2025-04-11 15:57:01,328 - task_manager - INFO - Task Manager started
2025-04-11 15:57:01,328 - app.main - INFO - 应用启动完成，默认管理员账号已处理，任务管理器已启动
2025-04-11 15:57:01,550 - app.main - INFO - 关闭应用
2025-04-11 15:57:02,072 - app.main - INFO - 启动应用
2025-04-11 15:57:02,072 - app.main - INFO - 上传目录已存在: E:\Work\ai-assistance\backend\uploads
2025-04-11 15:57:02,072 - app.main - INFO - 文档目录已存在: E:\Work\ai-assistance\backend\uploads\documents
2025-04-11 15:57:02,072 - app.main - INFO - 嵌入目录已存在: E:\Work\ai-assistance\backend\uploads\embeddings
2025-04-11 15:57:02,078 - task_manager - INFO - Document processor worker started
2025-04-11 15:57:02,078 - task_manager - INFO - Embedding worker started
2025-04-11 15:57:02,078 - task_manager - INFO - Task Manager started
2025-04-11 15:57:02,079 - app.main - INFO - 应用启动完成，默认管理员账号已处理，任务管理器已启动
2025-04-11 15:57:15,778 - api.ai_dialog - INFO - 获取用户对话: user_id=anonymous-user, model_type=deepseek, 对话数量=1
2025-04-11 15:57:15,783 - api.ai_dialog - INFO - 获取用户对话: user_id=anonymous-user, model_type=deepseek, 对话数量=1
2025-04-11 15:57:15,786 - api.ai_dialog - INFO - 获取用户对话: user_id=anonymous-user, model_type=ai_xiaorong, 对话数量=9
2025-04-11 15:57:15,792 - api.ai_dialog - INFO - 获取用户对话: user_id=anonymous-user, model_type=ai_xiaorong, 对话数量=9
2025-04-11 15:57:15,798 - api.ai_dialog - INFO - 获取用户对话: user_id=anonymous-user, model_type=ai_xiaomi, 对话数量=0
2025-04-11 15:57:15,799 - api.ai_dialog - INFO - 获取用户对话: user_id=anonymous-user, model_type=ai_xiaomi, 对话数量=0
2025-04-11 15:57:19,760 - api.ai_dialog - INFO - 收到对话请求: user_id=anonymous-user, model=ai_xiaorong, 使用知识库=True
2025-04-11 15:57:19,761 - api.ai_dialog - WARNING - 对话ID不存在或不属于该用户: airong-1, user_id=anonymous-user
2025-04-11 15:59:49,422 - api.ai_dialog - INFO - 获取用户对话: user_id=anonymous-user, model_type=deepseek, 对话数量=1
2025-04-11 15:59:49,426 - api.ai_dialog - INFO - 获取用户对话: user_id=anonymous-user, model_type=ai_xiaorong, 对话数量=9
2025-04-11 15:59:49,432 - api.ai_dialog - INFO - 获取用户对话: user_id=anonymous-user, model_type=ai_xiaomi, 对话数量=0
2025-04-11 16:00:28,601 - app.main - INFO - 关闭应用
2025-04-11 16:00:31,713 - app.main - INFO - 启动应用
2025-04-11 16:00:31,713 - app.main - INFO - 上传目录已存在: E:\Work\ai-assistance\backend\uploads
2025-04-11 16:00:31,713 - app.main - INFO - 文档目录已存在: E:\Work\ai-assistance\backend\uploads\documents
2025-04-11 16:00:31,713 - app.main - INFO - 嵌入目录已存在: E:\Work\ai-assistance\backend\uploads\embeddings
2025-04-11 16:00:31,720 - task_manager - INFO - Document processor worker started
2025-04-11 16:00:31,721 - task_manager - INFO - Embedding worker started
2025-04-11 16:00:31,721 - task_manager - INFO - Task Manager started
2025-04-11 16:00:31,721 - app.main - INFO - 应用启动完成，默认管理员账号已处理，任务管理器已启动
2025-04-11 16:04:02,433 - api.ai_dialog - INFO - 获取用户对话: user_id=anonymous-user, model_type=deepseek, 对话数量=1
2025-04-11 16:04:02,438 - api.ai_dialog - INFO - 获取用户对话: user_id=anonymous-user, model_type=ai_xiaorong, 对话数量=9
2025-04-11 16:04:02,450 - api.ai_dialog - INFO - 获取用户对话: user_id=anonymous-user, model_type=ai_xiaomi, 对话数量=0
2025-04-11 16:05:22,197 - app.main - INFO - 关闭应用
2025-04-11 16:05:25,344 - app.main - INFO - 启动应用
2025-04-11 16:05:25,344 - app.main - INFO - 上传目录已存在: E:\Work\ai-assistance\backend\uploads
2025-04-11 16:05:25,345 - app.main - INFO - 文档目录已存在: E:\Work\ai-assistance\backend\uploads\documents
2025-04-11 16:05:25,345 - app.main - INFO - 嵌入目录已存在: E:\Work\ai-assistance\backend\uploads\embeddings
2025-04-11 16:05:25,352 - task_manager - INFO - Document processor worker started
2025-04-11 16:05:25,352 - task_manager - INFO - Embedding worker started
2025-04-11 16:05:25,352 - task_manager - INFO - Task Manager started
2025-04-11 16:05:25,353 - app.main - INFO - 应用启动完成，默认管理员账号已处理，任务管理器已启动
2025-04-11 16:05:29,698 - api.ai_dialog - INFO - 获取用户对话: user_id=anonymous-user, model_type=deepseek, 对话数量=1
2025-04-11 16:05:29,701 - api.ai_dialog - INFO - 获取用户对话: user_id=anonymous-user, model_type=deepseek, 对话数量=1
2025-04-11 16:05:29,703 - api.ai_dialog - INFO - 获取用户对话: user_id=anonymous-user, model_type=ai_xiaorong, 对话数量=9
2025-04-11 16:05:29,707 - api.ai_dialog - INFO - 获取用户对话: user_id=anonymous-user, model_type=ai_xiaorong, 对话数量=9
2025-04-11 16:05:29,711 - api.ai_dialog - INFO - 获取用户对话: user_id=anonymous-user, model_type=ai_xiaomi, 对话数量=0
2025-04-11 16:05:29,712 - api.ai_dialog - INFO - 获取用户对话: user_id=anonymous-user, model_type=ai_xiaomi, 对话数量=0
2025-04-11 16:06:02,485 - app.main - INFO - 关闭应用
2025-04-11 16:06:03,089 - app.main - INFO - 启动应用
2025-04-11 16:06:03,089 - app.main - INFO - 上传目录已存在: E:\Work\ai-assistance\backend\uploads
2025-04-11 16:06:03,089 - app.main - INFO - 文档目录已存在: E:\Work\ai-assistance\backend\uploads\documents
2025-04-11 16:06:03,089 - app.main - INFO - 嵌入目录已存在: E:\Work\ai-assistance\backend\uploads\embeddings
2025-04-11 16:06:03,098 - task_manager - INFO - Document processor worker started
2025-04-11 16:06:03,098 - task_manager - INFO - Embedding worker started
2025-04-11 16:06:03,098 - task_manager - INFO - Task Manager started
2025-04-11 16:06:03,098 - app.main - INFO - 应用启动完成，默认管理员账号已处理，任务管理器已启动
2025-04-11 16:06:03,862 - app.main - INFO - 关闭应用
2025-04-11 16:06:04,405 - app.main - INFO - 启动应用
2025-04-11 16:06:04,405 - app.main - INFO - 上传目录已存在: E:\Work\ai-assistance\backend\uploads
2025-04-11 16:06:04,405 - app.main - INFO - 文档目录已存在: E:\Work\ai-assistance\backend\uploads\documents
2025-04-11 16:06:04,405 - app.main - INFO - 嵌入目录已存在: E:\Work\ai-assistance\backend\uploads\embeddings
2025-04-11 16:06:04,412 - task_manager - INFO - Document processor worker started
2025-04-11 16:06:04,412 - task_manager - INFO - Embedding worker started
2025-04-11 16:06:04,412 - task_manager - INFO - Task Manager started
2025-04-11 16:06:04,413 - app.main - INFO - 应用启动完成，默认管理员账号已处理，任务管理器已启动
2025-04-11 16:06:04,744 - app.main - INFO - 关闭应用
2025-04-11 16:06:05,282 - app.main - INFO - 启动应用
2025-04-11 16:06:05,282 - app.main - INFO - 上传目录已存在: E:\Work\ai-assistance\backend\uploads
2025-04-11 16:06:05,283 - app.main - INFO - 文档目录已存在: E:\Work\ai-assistance\backend\uploads\documents
2025-04-11 16:06:05,283 - app.main - INFO - 嵌入目录已存在: E:\Work\ai-assistance\backend\uploads\embeddings
2025-04-11 16:06:05,290 - task_manager - INFO - Document processor worker started
2025-04-11 16:06:05,290 - task_manager - INFO - Embedding worker started
2025-04-11 16:06:05,290 - task_manager - INFO - Task Manager started
2025-04-11 16:06:05,290 - app.main - INFO - 应用启动完成，默认管理员账号已处理，任务管理器已启动
2025-04-11 16:08:16,323 - app.main - INFO - 关闭应用
2025-04-11 16:08:16,927 - app.main - INFO - 启动应用
2025-04-11 16:08:16,928 - app.main - INFO - 上传目录已存在: E:\Work\ai-assistance\backend\uploads
2025-04-11 16:08:16,928 - app.main - INFO - 文档目录已存在: E:\Work\ai-assistance\backend\uploads\documents
2025-04-11 16:08:16,928 - app.main - INFO - 嵌入目录已存在: E:\Work\ai-assistance\backend\uploads\embeddings
2025-04-11 16:08:16,937 - task_manager - INFO - Document processor worker started
2025-04-11 16:08:16,937 - task_manager - INFO - Embedding worker started
2025-04-11 16:08:16,937 - task_manager - INFO - Task Manager started
2025-04-11 16:08:16,937 - app.main - INFO - 应用启动完成，默认管理员账号已处理，任务管理器已启动
2025-04-11 16:08:17,161 - app.main - INFO - 关闭应用
2025-04-11 16:08:17,757 - app.main - INFO - 启动应用
2025-04-11 16:08:17,758 - app.main - INFO - 上传目录已存在: E:\Work\ai-assistance\backend\uploads
2025-04-11 16:08:17,758 - app.main - INFO - 文档目录已存在: E:\Work\ai-assistance\backend\uploads\documents
2025-04-11 16:08:17,758 - app.main - INFO - 嵌入目录已存在: E:\Work\ai-assistance\backend\uploads\embeddings
2025-04-11 16:08:17,766 - task_manager - INFO - Document processor worker started
2025-04-11 16:08:17,766 - task_manager - INFO - Embedding worker started
2025-04-11 16:08:17,766 - task_manager - INFO - Task Manager started
2025-04-11 16:08:17,767 - app.main - INFO - 应用启动完成，默认管理员账号已处理，任务管理器已启动
2025-04-11 16:08:17,990 - app.main - INFO - 关闭应用
2025-04-11 16:08:18,493 - app.main - INFO - 启动应用
2025-04-11 16:08:18,493 - app.main - INFO - 上传目录已存在: E:\Work\ai-assistance\backend\uploads
2025-04-11 16:08:18,493 - app.main - INFO - 文档目录已存在: E:\Work\ai-assistance\backend\uploads\documents
2025-04-11 16:08:18,494 - app.main - INFO - 嵌入目录已存在: E:\Work\ai-assistance\backend\uploads\embeddings
2025-04-11 16:08:18,502 - task_manager - INFO - Document processor worker started
2025-04-11 16:08:18,502 - task_manager - INFO - Embedding worker started
2025-04-11 16:08:18,502 - task_manager - INFO - Task Manager started
2025-04-11 16:08:18,503 - app.main - INFO - 应用启动完成，默认管理员账号已处理，任务管理器已启动
2025-04-11 16:08:18,724 - app.main - INFO - 关闭应用
2025-04-11 16:08:19,239 - app.main - INFO - 启动应用
2025-04-11 16:08:19,240 - app.main - INFO - 上传目录已存在: E:\Work\ai-assistance\backend\uploads
2025-04-11 16:08:19,240 - app.main - INFO - 文档目录已存在: E:\Work\ai-assistance\backend\uploads\documents
2025-04-11 16:08:19,241 - app.main - INFO - 嵌入目录已存在: E:\Work\ai-assistance\backend\uploads\embeddings
2025-04-11 16:08:19,247 - task_manager - INFO - Document processor worker started
2025-04-11 16:08:19,247 - task_manager - INFO - Embedding worker started
2025-04-11 16:08:19,247 - task_manager - INFO - Task Manager started
2025-04-11 16:08:19,248 - app.main - INFO - 应用启动完成，默认管理员账号已处理，任务管理器已启动
2025-04-11 16:09:28,659 - api.ai_dialog - INFO - 获取用户对话: user_id=anonymous-user, model_type=deepseek, 对话数量=1
2025-04-11 16:09:28,663 - api.ai_dialog - INFO - 获取用户对话: user_id=anonymous-user, model_type=ai_xiaorong, 对话数量=9
2025-04-11 16:09:28,669 - api.ai_dialog - INFO - 获取用户对话: user_id=anonymous-user, model_type=ai_xiaomi, 对话数量=0
2025-04-11 16:10:56,391 - api.ai_dialog - INFO - 获取用户对话: user_id=anonymous-user, model_type=deepseek, 对话数量=1
2025-04-11 16:10:56,395 - api.ai_dialog - INFO - 获取用户对话: user_id=anonymous-user, model_type=ai_xiaorong, 对话数量=9
2025-04-11 16:10:56,402 - api.ai_dialog - INFO - 获取用户对话: user_id=anonymous-user, model_type=ai_xiaomi, 对话数量=0
2025-04-11 16:11:06,619 - app.main - INFO - 关闭应用
2025-04-11 16:11:09,955 - app.main - INFO - 启动应用
2025-04-11 16:11:09,955 - app.main - INFO - 上传目录已存在: E:\Work\ai-assistance\backend\uploads
2025-04-11 16:11:09,955 - app.main - INFO - 文档目录已存在: E:\Work\ai-assistance\backend\uploads\documents
2025-04-11 16:11:09,956 - app.main - INFO - 嵌入目录已存在: E:\Work\ai-assistance\backend\uploads\embeddings
2025-04-11 16:11:09,963 - task_manager - INFO - Document processor worker started
2025-04-11 16:11:09,963 - task_manager - INFO - Embedding worker started
2025-04-11 16:11:09,963 - task_manager - INFO - Task Manager started
2025-04-11 16:11:09,964 - app.main - INFO - 应用启动完成，默认管理员账号已处理，任务管理器已启动
2025-04-11 16:12:31,957 - app.main - INFO - 关闭应用
2025-04-14 09:06:32,937 - app.main - INFO - 启动应用
2025-04-14 09:06:32,962 - app.main - INFO - 上传目录已存在: E:\Work\ai-assistance\backend\uploads
2025-04-14 09:06:32,962 - app.main - INFO - 文档目录已存在: E:\Work\ai-assistance\backend\uploads\documents
2025-04-14 09:06:32,962 - app.main - INFO - 嵌入目录已存在: E:\Work\ai-assistance\backend\uploads\embeddings
2025-04-14 09:06:32,969 - task_manager - INFO - Document processor worker started
2025-04-14 09:06:32,969 - task_manager - INFO - Embedding worker started
2025-04-14 09:06:32,969 - task_manager - INFO - Task Manager started
2025-04-14 09:06:32,970 - app.main - INFO - 应用启动完成，默认管理员账号已处理，任务管理器已启动
2025-04-14 09:19:18,177 - app.main - INFO - 关闭应用
2025-04-14 09:19:21,727 - app.main - INFO - 启动应用
2025-04-14 09:19:21,727 - app.main - INFO - 上传目录已存在: E:\Work\ai-assistance\backend\uploads
2025-04-14 09:19:21,727 - app.main - INFO - 文档目录已存在: E:\Work\ai-assistance\backend\uploads\documents
2025-04-14 09:19:21,727 - app.main - INFO - 嵌入目录已存在: E:\Work\ai-assistance\backend\uploads\embeddings
2025-04-14 09:19:21,733 - task_manager - INFO - Document processor worker started
2025-04-14 09:19:21,733 - task_manager - INFO - Embedding worker started
2025-04-14 09:19:21,733 - task_manager - INFO - Task Manager started
2025-04-14 09:19:21,734 - app.main - INFO - 应用启动完成，默认管理员账号已处理，任务管理器已启动
2025-04-14 09:23:43,447 - app.main - INFO - 关闭应用
2025-04-14 09:23:47,353 - app.main - INFO - 启动应用
2025-04-14 09:23:47,353 - app.main - INFO - 上传目录已存在: E:\Work\ai-assistance\backend\uploads
2025-04-14 09:23:47,353 - app.main - INFO - 文档目录已存在: E:\Work\ai-assistance\backend\uploads\documents
2025-04-14 09:23:47,353 - app.main - INFO - 嵌入目录已存在: E:\Work\ai-assistance\backend\uploads\embeddings
2025-04-14 09:23:47,359 - task_manager - INFO - Document processor worker started
2025-04-14 09:23:47,360 - task_manager - INFO - Embedding worker started
2025-04-14 09:23:47,360 - task_manager - INFO - Task Manager started
2025-04-14 09:23:47,360 - app.main - INFO - 应用启动完成，默认管理员账号已处理，任务管理器已启动
2025-04-14 09:24:22,746 - api.ai_dialog - ERROR - 获取对话列表失败: 'ConversationRepository' object has no attribute 'get_conversations'
2025-04-14 09:24:22,748 - api.ai_dialog - ERROR - 获取对话列表失败: 'ConversationRepository' object has no attribute 'get_conversations'
2025-04-14 09:24:23,055 - api.ai_dialog - ERROR - 获取对话列表失败: 'ConversationRepository' object has no attribute 'get_conversations'
2025-04-14 09:24:23,058 - api.ai_dialog - ERROR - 获取对话列表失败: 'ConversationRepository' object has no attribute 'get_conversations'
2025-04-14 09:24:23,962 - api.ai_dialog - ERROR - 获取对话列表失败: 'ConversationRepository' object has no attribute 'get_conversations'
2025-04-14 09:24:23,965 - api.ai_dialog - ERROR - 获取对话列表失败: 'ConversationRepository' object has no attribute 'get_conversations'
2025-04-14 09:24:23,967 - api.ai_dialog - ERROR - 获取对话列表失败: 'ConversationRepository' object has no attribute 'get_conversations'
2025-04-14 09:24:23,969 - api.ai_dialog - ERROR - 获取对话列表失败: 'ConversationRepository' object has no attribute 'get_conversations'
2025-04-14 09:24:24,273 - api.ai_dialog - ERROR - 获取对话列表失败: 'ConversationRepository' object has no attribute 'get_conversations'
2025-04-14 09:24:24,276 - api.ai_dialog - ERROR - 获取对话列表失败: 'ConversationRepository' object has no attribute 'get_conversations'
2025-04-14 09:24:25,184 - api.ai_dialog - ERROR - 获取对话列表失败: 'ConversationRepository' object has no attribute 'get_conversations'
2025-04-14 09:24:25,187 - api.ai_dialog - ERROR - 获取对话列表失败: 'ConversationRepository' object has no attribute 'get_conversations'
2025-04-14 09:24:25,190 - api.ai_dialog - ERROR - 获取对话列表失败: 'ConversationRepository' object has no attribute 'get_conversations'
2025-04-14 09:24:25,192 - api.ai_dialog - ERROR - 获取对话列表失败: 'ConversationRepository' object has no attribute 'get_conversations'
2025-04-14 09:24:25,498 - api.ai_dialog - ERROR - 获取对话列表失败: 'ConversationRepository' object has no attribute 'get_conversations'
2025-04-14 09:24:25,501 - api.ai_dialog - ERROR - 获取对话列表失败: 'ConversationRepository' object has no attribute 'get_conversations'
2025-04-14 09:24:27,215 - api.ai_dialog - ERROR - 获取对话列表失败: 'ConversationRepository' object has no attribute 'get_conversations'
2025-04-14 09:24:27,218 - api.ai_dialog - ERROR - 获取对话列表失败: 'ConversationRepository' object has no attribute 'get_conversations'
2025-04-14 09:24:41,593 - app.main - INFO - 关闭应用
2025-04-14 09:24:44,147 - app.main - INFO - 启动应用
2025-04-14 09:24:44,148 - app.main - INFO - 上传目录已存在: E:\Work\ai-assistance\backend\uploads
2025-04-14 09:24:44,148 - app.main - INFO - 文档目录已存在: E:\Work\ai-assistance\backend\uploads\documents
2025-04-14 09:24:44,148 - app.main - INFO - 嵌入目录已存在: E:\Work\ai-assistance\backend\uploads\embeddings
2025-04-14 09:24:44,154 - task_manager - INFO - Document processor worker started
2025-04-14 09:24:44,154 - task_manager - INFO - Embedding worker started
2025-04-14 09:24:44,154 - task_manager - INFO - Task Manager started
2025-04-14 09:24:44,155 - app.main - INFO - 应用启动完成，默认管理员账号已处理，任务管理器已启动
2025-04-14 09:26:55,894 - app.main - INFO - 关闭应用
2025-04-14 09:27:04,096 - app.main - INFO - 启动应用
2025-04-14 09:27:04,097 - app.main - INFO - 上传目录已存在: E:\Work\ai-assistance\backend\uploads
2025-04-14 09:27:04,097 - app.main - INFO - 文档目录已存在: E:\Work\ai-assistance\backend\uploads\documents
2025-04-14 09:27:04,097 - app.main - INFO - 嵌入目录已存在: E:\Work\ai-assistance\backend\uploads\embeddings
2025-04-14 09:27:04,103 - task_manager - INFO - Document processor worker started
2025-04-14 09:27:04,103 - task_manager - INFO - Embedding worker started
2025-04-14 09:27:04,104 - task_manager - INFO - Task Manager started
2025-04-14 09:27:04,104 - app.main - INFO - 应用启动完成，默认管理员账号已处理，任务管理器已启动
2025-04-14 09:27:18,600 - api.ai_dialog - ERROR - 获取对话列表失败: 'ConversationRepository' object has no attribute 'get_conversations'
2025-04-14 09:27:18,604 - api.ai_dialog - ERROR - 获取对话列表失败: 'ConversationRepository' object has no attribute 'get_conversations'
2025-04-14 09:27:18,909 - api.ai_dialog - ERROR - 获取对话列表失败: 'ConversationRepository' object has no attribute 'get_conversations'
2025-04-14 09:27:18,912 - api.ai_dialog - ERROR - 获取对话列表失败: 'ConversationRepository' object has no attribute 'get_conversations'
2025-04-14 09:27:19,821 - api.ai_dialog - ERROR - 获取对话列表失败: 'ConversationRepository' object has no attribute 'get_conversations'
2025-04-14 09:27:19,826 - api.ai_dialog - ERROR - 获取对话列表失败: 'ConversationRepository' object has no attribute 'get_conversations'
2025-04-14 09:27:19,829 - api.ai_dialog - ERROR - 获取对话列表失败: 'ConversationRepository' object has no attribute 'get_conversations'
2025-04-14 09:27:19,832 - api.ai_dialog - ERROR - 获取对话列表失败: 'ConversationRepository' object has no attribute 'get_conversations'
2025-04-14 09:27:20,142 - api.ai_dialog - ERROR - 获取对话列表失败: 'ConversationRepository' object has no attribute 'get_conversations'
2025-04-14 09:27:20,150 - api.ai_dialog - ERROR - 获取对话列表失败: 'ConversationRepository' object has no attribute 'get_conversations'
2025-04-14 09:27:21,212 - api.ai_dialog - ERROR - 获取对话列表失败: 'ConversationRepository' object has no attribute 'get_conversations'
2025-04-14 09:27:21,221 - api.ai_dialog - ERROR - 获取对话列表失败: 'ConversationRepository' object has no attribute 'get_conversations'
2025-04-14 09:27:21,225 - api.ai_dialog - ERROR - 获取对话列表失败: 'ConversationRepository' object has no attribute 'get_conversations'
2025-04-14 09:27:21,230 - api.ai_dialog - ERROR - 获取对话列表失败: 'ConversationRepository' object has no attribute 'get_conversations'
2025-04-14 09:27:22,216 - api.ai_dialog - ERROR - 获取对话列表失败: 'ConversationRepository' object has no attribute 'get_conversations'
2025-04-14 09:27:22,224 - api.ai_dialog - ERROR - 获取对话列表失败: 'ConversationRepository' object has no attribute 'get_conversations'
2025-04-14 09:27:23,213 - api.ai_dialog - ERROR - 获取对话列表失败: 'ConversationRepository' object has no attribute 'get_conversations'
2025-04-14 09:27:23,218 - api.ai_dialog - ERROR - 获取对话列表失败: 'ConversationRepository' object has no attribute 'get_conversations'
2025-04-14 09:27:48,857 - api.ai_dialog - ERROR - 获取对话列表失败: 'ConversationRepository' object has no attribute 'get_conversations'
2025-04-14 09:27:48,861 - api.ai_dialog - ERROR - 获取对话列表失败: 'ConversationRepository' object has no attribute 'get_conversations'
2025-04-14 09:27:49,164 - api.ai_dialog - ERROR - 获取对话列表失败: 'ConversationRepository' object has no attribute 'get_conversations'
2025-04-14 09:27:49,166 - api.ai_dialog - ERROR - 获取对话列表失败: 'ConversationRepository' object has no attribute 'get_conversations'
2025-04-14 09:27:50,070 - api.ai_dialog - ERROR - 获取对话列表失败: 'ConversationRepository' object has no attribute 'get_conversations'
2025-04-14 09:27:50,073 - api.ai_dialog - ERROR - 获取对话列表失败: 'ConversationRepository' object has no attribute 'get_conversations'
2025-04-14 09:28:39,286 - app.main - INFO - 关闭应用
2025-04-14 09:30:09,504 - app.main - INFO - 启动应用
2025-04-14 09:30:09,504 - app.main - INFO - 上传目录已存在: E:\Work\ai-assistance\backend\uploads
2025-04-14 09:30:09,504 - app.main - INFO - 文档目录已存在: E:\Work\ai-assistance\backend\uploads\documents
2025-04-14 09:30:09,504 - app.main - INFO - 嵌入目录已存在: E:\Work\ai-assistance\backend\uploads\embeddings
2025-04-14 09:30:09,510 - task_manager - INFO - Document processor worker started
2025-04-14 09:30:09,510 - task_manager - INFO - Embedding worker started
2025-04-14 09:30:09,510 - task_manager - INFO - Task Manager started
2025-04-14 09:30:09,510 - app.main - INFO - 应用启动完成，默认管理员账号已处理，任务管理器已启动
2025-04-14 09:31:15,596 - app.main - INFO - 关闭应用
2025-04-14 09:31:20,064 - app.main - INFO - 启动应用
2025-04-14 09:31:20,065 - app.main - INFO - 上传目录已存在: E:\Work\ai-assistance\backend\uploads
2025-04-14 09:31:20,065 - app.main - INFO - 文档目录已存在: E:\Work\ai-assistance\backend\uploads\documents
2025-04-14 09:31:20,065 - app.main - INFO - 嵌入目录已存在: E:\Work\ai-assistance\backend\uploads\embeddings
2025-04-14 09:31:20,071 - task_manager - INFO - Document processor worker started
2025-04-14 09:31:20,071 - task_manager - INFO - Embedding worker started
2025-04-14 09:31:20,071 - task_manager - INFO - Task Manager started
2025-04-14 09:31:20,072 - app.main - INFO - 应用启动完成，默认管理员账号已处理，任务管理器已启动
2025-04-14 09:35:08,338 - app.main - INFO - 关闭应用
2025-04-14 09:36:02,011 - app.main - INFO - 启动应用
2025-04-14 09:36:02,011 - app.main - INFO - 上传目录已存在: E:\Work\ai-assistance\backend\uploads
2025-04-14 09:36:02,011 - app.main - INFO - 文档目录已存在: E:\Work\ai-assistance\backend\uploads\documents
2025-04-14 09:36:02,012 - app.main - INFO - 嵌入目录已存在: E:\Work\ai-assistance\backend\uploads\embeddings
2025-04-14 09:36:02,017 - task_manager - INFO - Document processor worker started
2025-04-14 09:36:02,018 - task_manager - INFO - Embedding worker started
2025-04-14 09:36:02,018 - task_manager - INFO - Task Manager started
2025-04-14 09:36:02,018 - app.main - INFO - 应用启动完成，默认管理员账号已处理，任务管理器已启动
2025-04-14 09:36:18,320 - app.main - INFO - 关闭应用
2025-04-14 09:36:21,565 - app.main - INFO - 启动应用
2025-04-14 09:36:21,565 - app.main - INFO - 上传目录已存在: E:\Work\ai-assistance\backend\uploads
2025-04-14 09:36:21,565 - app.main - INFO - 文档目录已存在: E:\Work\ai-assistance\backend\uploads\documents
2025-04-14 09:36:21,566 - app.main - INFO - 嵌入目录已存在: E:\Work\ai-assistance\backend\uploads\embeddings
2025-04-14 09:36:21,572 - task_manager - INFO - Document processor worker started
2025-04-14 09:36:21,572 - task_manager - INFO - Embedding worker started
2025-04-14 09:36:21,572 - task_manager - INFO - Task Manager started
2025-04-14 09:36:21,572 - app.main - INFO - 应用启动完成，默认管理员账号已处理，任务管理器已启动
2025-04-14 09:36:51,035 - app.main - INFO - 关闭应用
2025-04-14 09:36:51,744 - app.main - INFO - 启动应用
2025-04-14 09:36:51,745 - app.main - INFO - 上传目录已存在: E:\Work\ai-assistance\backend\uploads
2025-04-14 09:36:51,745 - app.main - INFO - 文档目录已存在: E:\Work\ai-assistance\backend\uploads\documents
2025-04-14 09:36:51,746 - app.main - INFO - 嵌入目录已存在: E:\Work\ai-assistance\backend\uploads\embeddings
2025-04-14 09:36:51,752 - task_manager - INFO - Document processor worker started
2025-04-14 09:36:51,753 - task_manager - INFO - Embedding worker started
2025-04-14 09:36:51,753 - task_manager - INFO - Task Manager started
2025-04-14 09:36:51,753 - app.main - INFO - 应用启动完成，默认管理员账号已处理，任务管理器已启动
2025-04-14 09:36:52,079 - app.main - INFO - 关闭应用
2025-04-14 09:36:52,759 - app.main - INFO - 启动应用
2025-04-14 09:36:52,760 - app.main - INFO - 上传目录已存在: E:\Work\ai-assistance\backend\uploads
2025-04-14 09:36:52,760 - app.main - INFO - 文档目录已存在: E:\Work\ai-assistance\backend\uploads\documents
2025-04-14 09:36:52,760 - app.main - INFO - 嵌入目录已存在: E:\Work\ai-assistance\backend\uploads\embeddings
2025-04-14 09:36:52,766 - task_manager - INFO - Document processor worker started
2025-04-14 09:36:52,767 - task_manager - INFO - Embedding worker started
2025-04-14 09:36:52,767 - task_manager - INFO - Task Manager started
2025-04-14 09:36:52,767 - app.main - INFO - 应用启动完成，默认管理员账号已处理，任务管理器已启动
2025-04-14 09:36:53,094 - app.main - INFO - 关闭应用
2025-04-14 09:36:53,759 - app.main - INFO - 启动应用
2025-04-14 09:36:53,759 - app.main - INFO - 上传目录已存在: E:\Work\ai-assistance\backend\uploads
2025-04-14 09:36:53,759 - app.main - INFO - 文档目录已存在: E:\Work\ai-assistance\backend\uploads\documents
2025-04-14 09:36:53,760 - app.main - INFO - 嵌入目录已存在: E:\Work\ai-assistance\backend\uploads\embeddings
2025-04-14 09:36:53,765 - task_manager - INFO - Document processor worker started
2025-04-14 09:36:53,766 - task_manager - INFO - Embedding worker started
2025-04-14 09:36:53,766 - task_manager - INFO - Task Manager started
2025-04-14 09:36:53,766 - app.main - INFO - 应用启动完成，默认管理员账号已处理，任务管理器已启动
2025-04-14 09:42:31,407 - app.main - INFO - 关闭应用
2025-04-14 09:42:32,123 - app.main - INFO - 启动应用
2025-04-14 09:42:32,123 - app.main - INFO - 上传目录已存在: E:\Work\ai-assistance\backend\uploads
2025-04-14 09:42:32,123 - app.main - INFO - 文档目录已存在: E:\Work\ai-assistance\backend\uploads\documents
2025-04-14 09:42:32,123 - app.main - INFO - 嵌入目录已存在: E:\Work\ai-assistance\backend\uploads\embeddings
2025-04-14 09:42:32,129 - task_manager - INFO - Document processor worker started
2025-04-14 09:42:32,129 - task_manager - INFO - Embedding worker started
2025-04-14 09:42:32,129 - task_manager - INFO - Task Manager started
2025-04-14 09:42:32,130 - app.main - INFO - 应用启动完成，默认管理员账号已处理，任务管理器已启动
2025-04-14 09:42:32,454 - app.main - INFO - 关闭应用
2025-04-14 09:42:33,165 - app.main - INFO - 启动应用
2025-04-14 09:42:33,165 - app.main - INFO - 上传目录已存在: E:\Work\ai-assistance\backend\uploads
2025-04-14 09:42:33,165 - app.main - INFO - 文档目录已存在: E:\Work\ai-assistance\backend\uploads\documents
2025-04-14 09:42:33,166 - app.main - INFO - 嵌入目录已存在: E:\Work\ai-assistance\backend\uploads\embeddings
2025-04-14 09:42:33,171 - task_manager - INFO - Document processor worker started
2025-04-14 09:42:33,172 - task_manager - INFO - Embedding worker started
2025-04-14 09:42:33,172 - task_manager - INFO - Task Manager started
2025-04-14 09:42:33,172 - app.main - INFO - 应用启动完成，默认管理员账号已处理，任务管理器已启动
2025-04-14 09:42:33,506 - app.main - INFO - 关闭应用
2025-04-14 09:42:34,179 - app.main - INFO - 启动应用
2025-04-14 09:42:34,180 - app.main - INFO - 上传目录已存在: E:\Work\ai-assistance\backend\uploads
2025-04-14 09:42:34,180 - app.main - INFO - 文档目录已存在: E:\Work\ai-assistance\backend\uploads\documents
2025-04-14 09:42:34,180 - app.main - INFO - 嵌入目录已存在: E:\Work\ai-assistance\backend\uploads\embeddings
2025-04-14 09:42:34,186 - task_manager - INFO - Document processor worker started
2025-04-14 09:42:34,186 - task_manager - INFO - Embedding worker started
2025-04-14 09:42:34,186 - task_manager - INFO - Task Manager started
2025-04-14 09:42:34,187 - app.main - INFO - 应用启动完成，默认管理员账号已处理，任务管理器已启动
2025-04-14 09:48:01,885 - app.main - INFO - 关闭应用
2025-04-14 09:48:02,636 - app.main - INFO - 启动应用
2025-04-14 09:48:02,636 - app.main - INFO - 上传目录已存在: E:\Work\ai-assistance\backend\uploads
2025-04-14 09:48:02,637 - app.main - INFO - 文档目录已存在: E:\Work\ai-assistance\backend\uploads\documents
2025-04-14 09:48:02,637 - app.main - INFO - 嵌入目录已存在: E:\Work\ai-assistance\backend\uploads\embeddings
2025-04-14 09:48:02,643 - task_manager - INFO - Document processor worker started
2025-04-14 09:48:02,644 - task_manager - INFO - Embedding worker started
2025-04-14 09:48:02,644 - task_manager - INFO - Task Manager started
2025-04-14 09:48:02,644 - app.main - INFO - 应用启动完成，默认管理员账号已处理，任务管理器已启动
2025-04-14 09:48:03,291 - app.main - INFO - 关闭应用
2025-04-14 09:48:04,565 - app.main - INFO - 启动应用
2025-04-14 09:48:04,565 - app.main - INFO - 上传目录已存在: E:\Work\ai-assistance\backend\uploads
2025-04-14 09:48:04,565 - app.main - INFO - 文档目录已存在: E:\Work\ai-assistance\backend\uploads\documents
2025-04-14 09:48:04,565 - app.main - INFO - 嵌入目录已存在: E:\Work\ai-assistance\backend\uploads\embeddings
2025-04-14 09:48:04,571 - task_manager - INFO - Document processor worker started
2025-04-14 09:48:04,571 - task_manager - INFO - Embedding worker started
2025-04-14 09:48:04,571 - task_manager - INFO - Task Manager started
2025-04-14 09:48:04,572 - app.main - INFO - 应用启动完成，默认管理员账号已处理，任务管理器已启动
2025-04-14 09:54:46,433 - app.main - INFO - 关闭应用
2025-04-14 09:54:57,214 - app.main - INFO - 启动应用
2025-04-14 09:54:57,214 - app.main - INFO - 上传目录已存在: E:\Work\ai-assistance\backend\uploads
2025-04-14 09:54:57,214 - app.main - INFO - 文档目录已存在: E:\Work\ai-assistance\backend\uploads\documents
2025-04-14 09:54:57,215 - app.main - INFO - 嵌入目录已存在: E:\Work\ai-assistance\backend\uploads\embeddings
2025-04-14 09:54:57,220 - task_manager - INFO - Document processor worker started
2025-04-14 09:54:57,220 - task_manager - INFO - Embedding worker started
2025-04-14 09:54:57,220 - task_manager - INFO - Task Manager started
2025-04-14 09:54:57,221 - app.main - INFO - 应用启动完成，默认管理员账号已处理，任务管理器已启动
2025-04-14 09:56:22,939 - app.main - INFO - 关闭应用
2025-04-14 09:56:23,663 - app.main - INFO - 启动应用
2025-04-14 09:56:23,663 - app.main - INFO - 上传目录已存在: E:\Work\ai-assistance\backend\uploads
2025-04-14 09:56:23,663 - app.main - INFO - 文档目录已存在: E:\Work\ai-assistance\backend\uploads\documents
2025-04-14 09:56:23,664 - app.main - INFO - 嵌入目录已存在: E:\Work\ai-assistance\backend\uploads\embeddings
2025-04-14 09:56:23,670 - task_manager - INFO - Document processor worker started
2025-04-14 09:56:23,670 - task_manager - INFO - Embedding worker started
2025-04-14 09:56:23,670 - task_manager - INFO - Task Manager started
2025-04-14 09:56:23,670 - app.main - INFO - 应用启动完成，默认管理员账号已处理，任务管理器已启动
2025-04-14 09:56:23,998 - app.main - INFO - 关闭应用
2025-04-14 09:56:24,681 - app.main - INFO - 启动应用
2025-04-14 09:56:24,681 - app.main - INFO - 上传目录已存在: E:\Work\ai-assistance\backend\uploads
2025-04-14 09:56:24,681 - app.main - INFO - 文档目录已存在: E:\Work\ai-assistance\backend\uploads\documents
2025-04-14 09:56:24,681 - app.main - INFO - 嵌入目录已存在: E:\Work\ai-assistance\backend\uploads\embeddings
2025-04-14 09:56:24,687 - task_manager - INFO - Document processor worker started
2025-04-14 09:56:24,687 - task_manager - INFO - Embedding worker started
2025-04-14 09:56:24,687 - task_manager - INFO - Task Manager started
2025-04-14 09:56:24,687 - app.main - INFO - 应用启动完成，默认管理员账号已处理，任务管理器已启动
2025-04-14 09:56:25,122 - app.main - INFO - 关闭应用
2025-04-14 09:56:25,767 - app.main - INFO - 启动应用
2025-04-14 09:56:25,767 - app.main - INFO - 上传目录已存在: E:\Work\ai-assistance\backend\uploads
2025-04-14 09:56:25,767 - app.main - INFO - 文档目录已存在: E:\Work\ai-assistance\backend\uploads\documents
2025-04-14 09:56:25,767 - app.main - INFO - 嵌入目录已存在: E:\Work\ai-assistance\backend\uploads\embeddings
2025-04-14 09:56:25,773 - task_manager - INFO - Document processor worker started
2025-04-14 09:56:25,773 - task_manager - INFO - Embedding worker started
2025-04-14 09:56:25,773 - task_manager - INFO - Task Manager started
2025-04-14 09:56:25,774 - app.main - INFO - 应用启动完成，默认管理员账号已处理，任务管理器已启动
2025-04-14 10:02:49,469 - app.main - INFO - 关闭应用
2025-04-14 11:15:40,213 - app.main - INFO - 启动应用
2025-04-14 11:15:40,213 - app.main - INFO - 上传目录已存在: E:\Work\ai-assistance\backend\uploads
2025-04-14 11:15:40,213 - app.main - INFO - 文档目录已存在: E:\Work\ai-assistance\backend\uploads\documents
2025-04-14 11:15:40,213 - app.main - INFO - 嵌入目录已存在: E:\Work\ai-assistance\backend\uploads\embeddings
2025-04-14 11:15:40,219 - task_manager - INFO - Document processor worker started
2025-04-14 11:15:40,220 - task_manager - INFO - Embedding worker started
2025-04-14 11:15:40,220 - task_manager - INFO - Task Manager started
2025-04-14 11:15:40,220 - app.main - INFO - 应用启动完成，默认管理员账号已处理，任务管理器已启动
2025-04-14 11:17:22,177 - app.main - INFO - 关闭应用
2025-04-14 11:29:17,035 - app.main - INFO - 启动应用
2025-04-14 11:29:17,035 - app.main - INFO - 上传目录已存在: E:\Work\ai-assistance\backend\uploads
2025-04-14 11:29:17,036 - app.main - INFO - 文档目录已存在: E:\Work\ai-assistance\backend\uploads\documents
2025-04-14 11:29:17,036 - app.main - INFO - 嵌入目录已存在: E:\Work\ai-assistance\backend\uploads\embeddings
2025-04-14 11:29:17,042 - task_manager - INFO - Document processor worker started
2025-04-14 11:29:17,042 - task_manager - INFO - Embedding worker started
2025-04-14 11:29:17,042 - task_manager - INFO - Task Manager started
2025-04-14 11:29:17,042 - app.main - INFO - 应用启动完成，默认管理员账号已处理，任务管理器已启动
2025-04-14 15:14:35,428 - app.main - INFO - 启动应用
2025-04-14 15:14:35,428 - app.main - INFO - 上传目录已存在: E:\Work\ai-assistance\backend\uploads
2025-04-14 15:14:35,428 - app.main - INFO - 文档目录已存在: E:\Work\ai-assistance\backend\uploads\documents
2025-04-14 15:14:35,428 - app.main - INFO - 嵌入目录已存在: E:\Work\ai-assistance\backend\uploads\embeddings
2025-04-14 15:14:35,434 - task_manager - INFO - Document processor worker started
2025-04-14 15:14:35,434 - task_manager - INFO - Embedding worker started
2025-04-14 15:14:35,434 - task_manager - INFO - Task Manager started
2025-04-14 15:14:35,434 - app.main - INFO - 应用启动完成，默认管理员账号已处理，任务管理器已启动
2025-04-14 15:17:59,297 - app.main - INFO - 关闭应用
2025-04-14 15:18:34,332 - app.main - INFO - 启动应用
2025-04-14 15:18:34,332 - app.main - INFO - 上传目录已存在: E:\Work\ai-assistance\backend\uploads
2025-04-14 15:18:34,333 - app.main - INFO - 文档目录已存在: E:\Work\ai-assistance\backend\uploads\documents
2025-04-14 15:18:34,333 - app.main - INFO - 嵌入目录已存在: E:\Work\ai-assistance\backend\uploads\embeddings
2025-04-14 15:18:34,339 - task_manager - INFO - Document processor worker started
2025-04-14 15:18:34,339 - task_manager - INFO - Embedding worker started
2025-04-14 15:18:34,339 - task_manager - INFO - Task Manager started
2025-04-14 15:18:34,339 - app.main - INFO - 应用启动完成，默认管理员账号已处理，任务管理器已启动
2025-04-14 15:19:38,355 - app.main - INFO - 关闭应用
2025-04-14 15:21:33,519 - app.main - INFO - 启动应用
2025-04-14 15:21:33,519 - app.main - INFO - 上传目录已存在: E:\Work\ai-assistance\backend\uploads
2025-04-14 15:21:33,519 - app.main - INFO - 文档目录已存在: E:\Work\ai-assistance\backend\uploads\documents
2025-04-14 15:21:33,520 - app.main - INFO - 嵌入目录已存在: E:\Work\ai-assistance\backend\uploads\embeddings
2025-04-14 15:21:33,525 - task_manager - INFO - Document processor worker started
2025-04-14 15:21:33,526 - task_manager - INFO - Embedding worker started
2025-04-14 15:21:33,526 - task_manager - INFO - Task Manager started
2025-04-14 15:21:33,526 - app.main - INFO - 应用启动完成，默认管理员账号已处理，任务管理器已启动
2025-04-14 15:24:42,976 - app.main - INFO - 关闭应用
2025-04-14 15:26:42,607 - app.main - INFO - 启动应用
2025-04-14 15:26:42,607 - app.main - INFO - 上传目录已存在: E:\Work\ai-assistance\backend\uploads
2025-04-14 15:26:42,607 - app.main - INFO - 文档目录已存在: E:\Work\ai-assistance\backend\uploads\documents
2025-04-14 15:26:42,607 - app.main - INFO - 嵌入目录已存在: E:\Work\ai-assistance\backend\uploads\embeddings
2025-04-14 15:26:42,614 - task_manager - INFO - Document processor worker started
2025-04-14 15:26:42,614 - task_manager - INFO - Embedding worker started
2025-04-14 15:26:42,614 - task_manager - INFO - Task Manager started
2025-04-14 15:26:42,614 - app.main - INFO - 应用启动完成，默认管理员账号已处理，任务管理器已启动
2025-04-14 15:27:20,979 - app.main - INFO - 关闭应用
2025-04-14 15:27:21,693 - app.main - INFO - 启动应用
2025-04-14 15:27:21,693 - app.main - INFO - 上传目录已存在: E:\Work\ai-assistance\backend\uploads
2025-04-14 15:27:21,694 - app.main - INFO - 文档目录已存在: E:\Work\ai-assistance\backend\uploads\documents
2025-04-14 15:27:21,694 - app.main - INFO - 嵌入目录已存在: E:\Work\ai-assistance\backend\uploads\embeddings
2025-04-14 15:27:21,700 - task_manager - INFO - Document processor worker started
2025-04-14 15:27:21,700 - task_manager - INFO - Embedding worker started
2025-04-14 15:27:21,700 - task_manager - INFO - Task Manager started
2025-04-14 15:27:21,700 - app.main - INFO - 应用启动完成，默认管理员账号已处理，任务管理器已启动
2025-04-14 15:27:22,027 - app.main - INFO - 关闭应用
2025-04-14 15:27:22,781 - app.main - INFO - 启动应用
2025-04-14 15:27:22,781 - app.main - INFO - 上传目录已存在: E:\Work\ai-assistance\backend\uploads
2025-04-14 15:27:22,781 - app.main - INFO - 文档目录已存在: E:\Work\ai-assistance\backend\uploads\documents
2025-04-14 15:27:22,781 - app.main - INFO - 嵌入目录已存在: E:\Work\ai-assistance\backend\uploads\embeddings
2025-04-14 15:27:22,788 - task_manager - INFO - Document processor worker started
2025-04-14 15:27:22,788 - task_manager - INFO - Embedding worker started
2025-04-14 15:27:22,788 - task_manager - INFO - Task Manager started
2025-04-14 15:27:22,789 - app.main - INFO - 应用启动完成，默认管理员账号已处理，任务管理器已启动
2025-04-14 15:27:23,125 - app.main - INFO - 关闭应用
2025-04-14 15:27:23,824 - app.main - INFO - 启动应用
2025-04-14 15:27:23,824 - app.main - INFO - 上传目录已存在: E:\Work\ai-assistance\backend\uploads
2025-04-14 15:27:23,824 - app.main - INFO - 文档目录已存在: E:\Work\ai-assistance\backend\uploads\documents
2025-04-14 15:27:23,824 - app.main - INFO - 嵌入目录已存在: E:\Work\ai-assistance\backend\uploads\embeddings
2025-04-14 15:27:23,830 - task_manager - INFO - Document processor worker started
2025-04-14 15:27:23,831 - task_manager - INFO - Embedding worker started
2025-04-14 15:27:23,831 - task_manager - INFO - Task Manager started
2025-04-14 15:27:23,831 - app.main - INFO - 应用启动完成，默认管理员账号已处理，任务管理器已启动
2025-04-14 21:23:00,205 - app.main - INFO - 关闭应用
2025-04-14 21:23:00,967 - app.main - INFO - 启动应用
2025-04-14 21:23:00,967 - app.main - INFO - 上传目录已存在: E:\Work\ai-assistance\backend\uploads
2025-04-14 21:23:00,968 - app.main - INFO - 文档目录已存在: E:\Work\ai-assistance\backend\uploads\documents
2025-04-14 21:23:00,968 - app.main - INFO - 嵌入目录已存在: E:\Work\ai-assistance\backend\uploads\embeddings
2025-04-14 21:23:00,973 - task_manager - INFO - Document processor worker started
2025-04-14 21:23:00,974 - task_manager - INFO - Embedding worker started
2025-04-14 21:23:00,974 - task_manager - INFO - Task Manager started
2025-04-14 21:23:00,974 - app.main - INFO - 应用启动完成，默认管理员账号已处理，任务管理器已启动
2025-04-14 21:23:01,299 - app.main - INFO - 关闭应用
2025-04-14 21:23:02,095 - app.main - INFO - 启动应用
2025-04-14 21:23:02,096 - app.main - INFO - 上传目录已存在: E:\Work\ai-assistance\backend\uploads
2025-04-14 21:23:02,096 - app.main - INFO - 文档目录已存在: E:\Work\ai-assistance\backend\uploads\documents
2025-04-14 21:23:02,096 - app.main - INFO - 嵌入目录已存在: E:\Work\ai-assistance\backend\uploads\embeddings
2025-04-14 21:23:02,102 - task_manager - INFO - Document processor worker started
2025-04-14 21:23:02,102 - task_manager - INFO - Embedding worker started
2025-04-14 21:23:02,102 - task_manager - INFO - Task Manager started
2025-04-14 21:23:02,102 - app.main - INFO - 应用启动完成，默认管理员账号已处理，任务管理器已启动
2025-04-14 21:23:02,433 - app.main - INFO - 关闭应用
2025-04-14 21:23:03,130 - app.main - INFO - 启动应用
2025-04-14 21:23:03,130 - app.main - INFO - 上传目录已存在: E:\Work\ai-assistance\backend\uploads
2025-04-14 21:23:03,130 - app.main - INFO - 文档目录已存在: E:\Work\ai-assistance\backend\uploads\documents
2025-04-14 21:23:03,130 - app.main - INFO - 嵌入目录已存在: E:\Work\ai-assistance\backend\uploads\embeddings
2025-04-14 21:23:03,136 - task_manager - INFO - Document processor worker started
2025-04-14 21:23:03,136 - task_manager - INFO - Embedding worker started
2025-04-14 21:23:03,136 - task_manager - INFO - Task Manager started
2025-04-14 21:23:03,136 - app.main - INFO - 应用启动完成，默认管理员账号已处理，任务管理器已启动
2025-04-14 21:24:11,371 - app.main - INFO - 关闭应用
2025-04-14 21:24:12,113 - app.main - INFO - 启动应用
2025-04-14 21:24:12,113 - app.main - INFO - 上传目录已存在: E:\Work\ai-assistance\backend\uploads
2025-04-14 21:24:12,113 - app.main - INFO - 文档目录已存在: E:\Work\ai-assistance\backend\uploads\documents
2025-04-14 21:24:12,113 - app.main - INFO - 嵌入目录已存在: E:\Work\ai-assistance\backend\uploads\embeddings
2025-04-14 21:24:12,119 - task_manager - INFO - Document processor worker started
2025-04-14 21:24:12,119 - task_manager - INFO - Embedding worker started
2025-04-14 21:24:12,119 - task_manager - INFO - Task Manager started
2025-04-14 21:24:12,119 - app.main - INFO - 应用启动完成，默认管理员账号已处理，任务管理器已启动
2025-04-14 21:24:12,448 - app.main - INFO - 关闭应用
2025-04-14 21:24:13,225 - app.main - INFO - 启动应用
2025-04-14 21:24:13,226 - app.main - INFO - 上传目录已存在: E:\Work\ai-assistance\backend\uploads
2025-04-14 21:24:13,226 - app.main - INFO - 文档目录已存在: E:\Work\ai-assistance\backend\uploads\documents
2025-04-14 21:24:13,226 - app.main - INFO - 嵌入目录已存在: E:\Work\ai-assistance\backend\uploads\embeddings
2025-04-14 21:24:13,233 - task_manager - INFO - Document processor worker started
2025-04-14 21:24:13,233 - task_manager - INFO - Embedding worker started
2025-04-14 21:24:13,233 - task_manager - INFO - Task Manager started
2025-04-14 21:24:13,234 - app.main - INFO - 应用启动完成，默认管理员账号已处理，任务管理器已启动
2025-04-14 21:24:13,560 - app.main - INFO - 关闭应用
2025-04-14 21:24:14,270 - app.main - INFO - 启动应用
2025-04-14 21:24:14,271 - app.main - INFO - 上传目录已存在: E:\Work\ai-assistance\backend\uploads
2025-04-14 21:24:14,271 - app.main - INFO - 文档目录已存在: E:\Work\ai-assistance\backend\uploads\documents
2025-04-14 21:24:14,271 - app.main - INFO - 嵌入目录已存在: E:\Work\ai-assistance\backend\uploads\embeddings
2025-04-14 21:24:14,277 - task_manager - INFO - Document processor worker started
2025-04-14 21:24:14,277 - task_manager - INFO - Embedding worker started
2025-04-14 21:24:14,277 - task_manager - INFO - Task Manager started
2025-04-14 21:24:14,278 - app.main - INFO - 应用启动完成，默认管理员账号已处理，任务管理器已启动
2025-04-14 21:38:32,778 - app.main - INFO - 关闭应用
2025-04-14 21:38:33,527 - app.main - INFO - 启动应用
2025-04-14 21:38:33,527 - app.main - INFO - 上传目录已存在: E:\Work\ai-assistance\backend\uploads
2025-04-14 21:38:33,527 - app.main - INFO - 文档目录已存在: E:\Work\ai-assistance\backend\uploads\documents
2025-04-14 21:38:33,527 - app.main - INFO - 嵌入目录已存在: E:\Work\ai-assistance\backend\uploads\embeddings
2025-04-14 21:38:33,533 - task_manager - INFO - Document processor worker started
2025-04-14 21:38:33,533 - task_manager - INFO - Embedding worker started
2025-04-14 21:38:33,533 - task_manager - INFO - Task Manager started
2025-04-14 21:38:33,533 - app.main - INFO - 应用启动完成，默认管理员账号已处理，任务管理器已启动
2025-04-14 21:38:33,867 - app.main - INFO - 关闭应用
2025-04-14 21:38:34,649 - app.main - INFO - 启动应用
2025-04-14 21:38:34,649 - app.main - INFO - 上传目录已存在: E:\Work\ai-assistance\backend\uploads
2025-04-14 21:38:34,649 - app.main - INFO - 文档目录已存在: E:\Work\ai-assistance\backend\uploads\documents
2025-04-14 21:38:34,649 - app.main - INFO - 嵌入目录已存在: E:\Work\ai-assistance\backend\uploads\embeddings
2025-04-14 21:38:34,655 - task_manager - INFO - Document processor worker started
2025-04-14 21:38:34,656 - task_manager - INFO - Embedding worker started
2025-04-14 21:38:34,656 - task_manager - INFO - Task Manager started
2025-04-14 21:38:34,656 - app.main - INFO - 应用启动完成，默认管理员账号已处理，任务管理器已启动
2025-04-14 21:38:34,986 - app.main - INFO - 关闭应用
2025-04-14 21:38:35,684 - app.main - INFO - 启动应用
2025-04-14 21:38:35,684 - app.main - INFO - 上传目录已存在: E:\Work\ai-assistance\backend\uploads
2025-04-14 21:38:35,684 - app.main - INFO - 文档目录已存在: E:\Work\ai-assistance\backend\uploads\documents
2025-04-14 21:38:35,684 - app.main - INFO - 嵌入目录已存在: E:\Work\ai-assistance\backend\uploads\embeddings
2025-04-14 21:38:35,690 - task_manager - INFO - Document processor worker started
2025-04-14 21:38:35,690 - task_manager - INFO - Embedding worker started
2025-04-14 21:38:35,690 - task_manager - INFO - Task Manager started
2025-04-14 21:38:35,691 - app.main - INFO - 应用启动完成，默认管理员账号已处理，任务管理器已启动
2025-04-14 21:38:37,678 - app.main - INFO - 关闭应用
2025-04-14 21:38:48,276 - app.main - INFO - 启动应用
2025-04-14 21:38:48,276 - app.main - INFO - 上传目录已存在: E:\Work\ai-assistance\backend\uploads
2025-04-14 21:38:48,276 - app.main - INFO - 文档目录已存在: E:\Work\ai-assistance\backend\uploads\documents
2025-04-14 21:38:48,276 - app.main - INFO - 嵌入目录已存在: E:\Work\ai-assistance\backend\uploads\embeddings
2025-04-14 21:38:48,282 - task_manager - INFO - Document processor worker started
2025-04-14 21:38:48,282 - task_manager - INFO - Embedding worker started
2025-04-14 21:38:48,282 - task_manager - INFO - Task Manager started
2025-04-14 21:38:48,283 - app.main - INFO - 应用启动完成，默认管理员账号已处理，任务管理器已启动
2025-04-14 21:40:28,854 - app.main - INFO - 关闭应用
2025-04-14 21:40:29,594 - app.main - INFO - 启动应用
2025-04-14 21:40:29,594 - app.main - INFO - 上传目录已存在: E:\Work\ai-assistance\backend\uploads
2025-04-14 21:40:29,594 - app.main - INFO - 文档目录已存在: E:\Work\ai-assistance\backend\uploads\documents
2025-04-14 21:40:29,595 - app.main - INFO - 嵌入目录已存在: E:\Work\ai-assistance\backend\uploads\embeddings
2025-04-14 21:40:29,601 - task_manager - INFO - Document processor worker started
2025-04-14 21:40:29,601 - task_manager - INFO - Embedding worker started
2025-04-14 21:40:29,601 - task_manager - INFO - Task Manager started
2025-04-14 21:40:29,602 - app.main - INFO - 应用启动完成，默认管理员账号已处理，任务管理器已启动
2025-04-14 21:40:29,923 - app.main - INFO - 关闭应用
2025-04-14 21:40:30,673 - app.main - INFO - 启动应用
2025-04-14 21:40:30,673 - app.main - INFO - 上传目录已存在: E:\Work\ai-assistance\backend\uploads
2025-04-14 21:40:30,674 - app.main - INFO - 文档目录已存在: E:\Work\ai-assistance\backend\uploads\documents
2025-04-14 21:40:30,674 - app.main - INFO - 嵌入目录已存在: E:\Work\ai-assistance\backend\uploads\embeddings
2025-04-14 21:40:30,680 - task_manager - INFO - Document processor worker started
2025-04-14 21:40:30,680 - task_manager - INFO - Embedding worker started
2025-04-14 21:40:30,680 - task_manager - INFO - Task Manager started
2025-04-14 21:40:30,680 - app.main - INFO - 应用启动完成，默认管理员账号已处理，任务管理器已启动
2025-04-14 21:40:31,014 - app.main - INFO - 关闭应用
2025-04-14 21:40:31,760 - app.main - INFO - 启动应用
2025-04-14 21:40:31,760 - app.main - INFO - 上传目录已存在: E:\Work\ai-assistance\backend\uploads
2025-04-14 21:40:31,761 - app.main - INFO - 文档目录已存在: E:\Work\ai-assistance\backend\uploads\documents
2025-04-14 21:40:31,761 - app.main - INFO - 嵌入目录已存在: E:\Work\ai-assistance\backend\uploads\embeddings
2025-04-14 21:40:31,766 - task_manager - INFO - Document processor worker started
2025-04-14 21:40:31,767 - task_manager - INFO - Embedding worker started
2025-04-14 21:40:31,767 - task_manager - INFO - Task Manager started
2025-04-14 21:40:31,767 - app.main - INFO - 应用启动完成，默认管理员账号已处理，任务管理器已启动
2025-04-14 21:45:39,427 - app.main - INFO - 关闭应用
2025-04-14 21:45:44,393 - app.main - INFO - 启动应用
2025-04-14 21:45:44,393 - app.main - INFO - 上传目录已存在: E:\Work\ai-assistance\backend\uploads
2025-04-14 21:45:44,394 - app.main - INFO - 文档目录已存在: E:\Work\ai-assistance\backend\uploads\documents
2025-04-14 21:45:44,394 - app.main - INFO - 嵌入目录已存在: E:\Work\ai-assistance\backend\uploads\embeddings
2025-04-14 21:45:44,399 - task_manager - INFO - Document processor worker started
2025-04-14 21:45:44,399 - task_manager - INFO - Embedding worker started
2025-04-14 21:45:44,400 - task_manager - INFO - Task Manager started
2025-04-14 21:45:44,400 - app.main - INFO - 应用启动完成，默认管理员账号已处理，任务管理器已启动
2025-04-14 21:49:48,535 - app.main - INFO - 关闭应用
2025-04-14 21:49:52,942 - app.main - INFO - 启动应用
2025-04-14 21:49:52,942 - app.main - INFO - 上传目录已存在: E:\Work\ai-assistance\backend\uploads
2025-04-14 21:49:52,942 - app.main - INFO - 文档目录已存在: E:\Work\ai-assistance\backend\uploads\documents
2025-04-14 21:49:52,943 - app.main - INFO - 嵌入目录已存在: E:\Work\ai-assistance\backend\uploads\embeddings
2025-04-14 21:49:52,949 - task_manager - INFO - Document processor worker started
2025-04-14 21:49:52,949 - task_manager - INFO - Embedding worker started
2025-04-14 21:49:52,949 - task_manager - INFO - Task Manager started
2025-04-14 21:49:52,949 - app.main - INFO - 应用启动完成，默认管理员账号已处理，任务管理器已启动
2025-04-14 21:54:39,039 - app.main - INFO - 关闭应用
2025-04-14 21:54:41,062 - app.main - INFO - 启动应用
2025-04-14 21:54:41,063 - app.main - INFO - 上传目录已存在: E:\Work\ai-assistance\backend\uploads
2025-04-14 21:54:41,063 - app.main - INFO - 文档目录已存在: E:\Work\ai-assistance\backend\uploads\documents
2025-04-14 21:54:41,063 - app.main - INFO - 嵌入目录已存在: E:\Work\ai-assistance\backend\uploads\embeddings
2025-04-14 21:54:41,072 - task_manager - INFO - Document processor worker started
2025-04-14 21:54:41,072 - task_manager - INFO - Embedding worker started
2025-04-14 21:54:41,072 - task_manager - INFO - Task Manager started
2025-04-14 21:54:41,072 - app.main - INFO - 应用启动完成，默认管理员账号已处理，任务管理器已启动
2025-04-14 21:54:41,405 - app.main - INFO - 关闭应用
2025-04-14 21:54:42,181 - app.main - INFO - 启动应用
2025-04-14 21:54:42,181 - app.main - INFO - 上传目录已存在: E:\Work\ai-assistance\backend\uploads
2025-04-14 21:54:42,182 - app.main - INFO - 文档目录已存在: E:\Work\ai-assistance\backend\uploads\documents
2025-04-14 21:54:42,182 - app.main - INFO - 嵌入目录已存在: E:\Work\ai-assistance\backend\uploads\embeddings
2025-04-14 21:54:42,187 - task_manager - INFO - Document processor worker started
2025-04-14 21:54:42,188 - task_manager - INFO - Embedding worker started
2025-04-14 21:54:42,188 - task_manager - INFO - Task Manager started
2025-04-14 21:54:42,188 - app.main - INFO - 应用启动完成，默认管理员账号已处理，任务管理器已启动
2025-04-14 21:55:12,275 - api.ai_dialog - INFO - 收到对话请求: user_id=b29841b9-bd7f-4357-945d-a7db0301587d, model=airong
2025-04-14 21:55:12,275 - ai_dialog_service - INFO - Initialized AI Dialog Service
2025-04-14 21:55:12,275 - deepseek_service - INFO - 初始化DeepSeek服务
2025-04-14 21:55:12,275 - deepseek_service - WARNING - 未设置DEEPSEEK_API_KEY环境变量，将使用默认响应
2025-04-14 21:55:12,275 - api.ai_dialog - ERROR - 处理对话请求失败: 'AIDialogService' object has no attribute 'get_ai_response'
2025-04-14 21:56:28,915 - app.main - INFO - 关闭应用
2025-04-14 21:56:29,616 - app.main - INFO - 启动应用
2025-04-14 21:56:29,616 - app.main - INFO - 上传目录已存在: E:\Work\ai-assistance\backend\uploads
2025-04-14 21:56:29,617 - app.main - INFO - 文档目录已存在: E:\Work\ai-assistance\backend\uploads\documents
2025-04-14 21:56:29,617 - app.main - INFO - 嵌入目录已存在: E:\Work\ai-assistance\backend\uploads\embeddings
2025-04-14 21:56:29,622 - task_manager - INFO - Document processor worker started
2025-04-14 21:56:29,623 - task_manager - INFO - Embedding worker started
2025-04-14 21:56:29,623 - task_manager - INFO - Task Manager started
2025-04-14 21:56:29,623 - app.main - INFO - 应用启动完成，默认管理员账号已处理，任务管理器已启动
2025-04-14 21:56:31,060 - app.main - INFO - 关闭应用
2025-04-14 21:56:31,744 - app.main - INFO - 启动应用
2025-04-14 21:56:31,744 - app.main - INFO - 上传目录已存在: E:\Work\ai-assistance\backend\uploads
2025-04-14 21:56:31,744 - app.main - INFO - 文档目录已存在: E:\Work\ai-assistance\backend\uploads\documents
2025-04-14 21:56:31,744 - app.main - INFO - 嵌入目录已存在: E:\Work\ai-assistance\backend\uploads\embeddings
2025-04-14 21:56:31,750 - task_manager - INFO - Document processor worker started
2025-04-14 21:56:31,750 - task_manager - INFO - Embedding worker started
2025-04-14 21:56:31,751 - task_manager - INFO - Task Manager started
2025-04-14 21:56:31,751 - app.main - INFO - 应用启动完成，默认管理员账号已处理，任务管理器已启动
2025-04-14 21:56:49,023 - app.main - INFO - 关闭应用
2025-04-14 21:56:49,686 - app.main - INFO - 启动应用
2025-04-14 21:56:49,686 - app.main - INFO - 上传目录已存在: E:\Work\ai-assistance\backend\uploads
2025-04-14 21:56:49,687 - app.main - INFO - 文档目录已存在: E:\Work\ai-assistance\backend\uploads\documents
2025-04-14 21:56:49,687 - app.main - INFO - 嵌入目录已存在: E:\Work\ai-assistance\backend\uploads\embeddings
2025-04-14 21:56:49,693 - task_manager - INFO - Document processor worker started
2025-04-14 21:56:49,693 - task_manager - INFO - Embedding worker started
2025-04-14 21:56:49,693 - task_manager - INFO - Task Manager started
2025-04-14 21:56:49,693 - app.main - INFO - 应用启动完成，默认管理员账号已处理，任务管理器已启动
2025-04-14 21:56:52,671 - app.main - INFO - 关闭应用
2025-04-14 21:56:53,367 - app.main - INFO - 启动应用
2025-04-14 21:56:53,367 - app.main - INFO - 上传目录已存在: E:\Work\ai-assistance\backend\uploads
2025-04-14 21:56:53,367 - app.main - INFO - 文档目录已存在: E:\Work\ai-assistance\backend\uploads\documents
2025-04-14 21:56:53,367 - app.main - INFO - 嵌入目录已存在: E:\Work\ai-assistance\backend\uploads\embeddings
2025-04-14 21:56:53,373 - task_manager - INFO - Document processor worker started
2025-04-14 21:56:53,373 - task_manager - INFO - Embedding worker started
2025-04-14 21:56:53,373 - task_manager - INFO - Task Manager started
2025-04-14 21:56:53,374 - app.main - INFO - 应用启动完成，默认管理员账号已处理，任务管理器已启动
2025-04-14 21:56:55,030 - app.main - INFO - 关闭应用
2025-04-14 21:56:55,743 - app.main - INFO - 启动应用
2025-04-14 21:56:55,743 - app.main - INFO - 上传目录已存在: E:\Work\ai-assistance\backend\uploads
2025-04-14 21:56:55,743 - app.main - INFO - 文档目录已存在: E:\Work\ai-assistance\backend\uploads\documents
2025-04-14 21:56:55,743 - app.main - INFO - 嵌入目录已存在: E:\Work\ai-assistance\backend\uploads\embeddings
2025-04-14 21:56:55,749 - task_manager - INFO - Document processor worker started
2025-04-14 21:56:55,749 - task_manager - INFO - Embedding worker started
2025-04-14 21:56:55,749 - task_manager - INFO - Task Manager started
2025-04-14 21:56:55,749 - app.main - INFO - 应用启动完成，默认管理员账号已处理，任务管理器已启动
2025-04-14 21:57:20,961 - app.main - INFO - 关闭应用
2025-04-14 21:57:21,669 - app.main - INFO - 启动应用
2025-04-14 21:57:21,669 - app.main - INFO - 上传目录已存在: E:\Work\ai-assistance\backend\uploads
2025-04-14 21:57:21,669 - app.main - INFO - 文档目录已存在: E:\Work\ai-assistance\backend\uploads\documents
2025-04-14 21:57:21,669 - app.main - INFO - 嵌入目录已存在: E:\Work\ai-assistance\backend\uploads\embeddings
2025-04-14 21:57:21,675 - task_manager - INFO - Document processor worker started
2025-04-14 21:57:21,675 - task_manager - INFO - Embedding worker started
2025-04-14 21:57:21,676 - task_manager - INFO - Task Manager started
2025-04-14 21:57:21,676 - app.main - INFO - 应用启动完成，默认管理员账号已处理，任务管理器已启动
2025-04-14 21:58:30,620 - app.main - INFO - 关闭应用
2025-04-14 21:58:34,249 - app.main - INFO - 启动应用
2025-04-14 21:58:34,249 - app.main - INFO - 上传目录已存在: E:\Work\ai-assistance\backend\uploads
2025-04-14 21:58:34,249 - app.main - INFO - 文档目录已存在: E:\Work\ai-assistance\backend\uploads\documents
2025-04-14 21:58:34,249 - app.main - INFO - 嵌入目录已存在: E:\Work\ai-assistance\backend\uploads\embeddings
2025-04-14 21:58:34,256 - task_manager - INFO - Document processor worker started
2025-04-14 21:58:34,256 - task_manager - INFO - Embedding worker started
2025-04-14 21:58:34,256 - task_manager - INFO - Task Manager started
2025-04-14 21:58:34,256 - app.main - INFO - 应用启动完成，默认管理员账号已处理，任务管理器已启动
2025-04-14 22:00:44,033 - app.main - INFO - 关闭应用
2025-04-14 22:00:44,743 - app.main - INFO - 启动应用
2025-04-14 22:00:44,743 - app.main - INFO - 上传目录已存在: E:\Work\ai-assistance\backend\uploads
2025-04-14 22:00:44,743 - app.main - INFO - 文档目录已存在: E:\Work\ai-assistance\backend\uploads\documents
2025-04-14 22:00:44,743 - app.main - INFO - 嵌入目录已存在: E:\Work\ai-assistance\backend\uploads\embeddings
2025-04-14 22:00:44,751 - task_manager - INFO - Document processor worker started
2025-04-14 22:00:44,751 - task_manager - INFO - Embedding worker started
2025-04-14 22:00:44,751 - task_manager - INFO - Task Manager started
2025-04-14 22:00:44,752 - app.main - INFO - 应用启动完成，默认管理员账号已处理，任务管理器已启动
2025-04-14 22:00:50,585 - app.main - INFO - 关闭应用
2025-04-14 22:00:51,289 - app.main - INFO - 启动应用
2025-04-14 22:00:51,289 - app.main - INFO - 上传目录已存在: E:\Work\ai-assistance\backend\uploads
2025-04-14 22:00:51,289 - app.main - INFO - 文档目录已存在: E:\Work\ai-assistance\backend\uploads\documents
2025-04-14 22:00:51,289 - app.main - INFO - 嵌入目录已存在: E:\Work\ai-assistance\backend\uploads\embeddings
2025-04-14 22:00:51,295 - task_manager - INFO - Document processor worker started
2025-04-14 22:00:51,295 - task_manager - INFO - Embedding worker started
2025-04-14 22:00:51,295 - task_manager - INFO - Task Manager started
2025-04-14 22:00:51,295 - app.main - INFO - 应用启动完成，默认管理员账号已处理，任务管理器已启动
2025-04-14 22:00:52,733 - app.main - INFO - 关闭应用
2025-04-14 22:00:53,453 - app.main - INFO - 启动应用
2025-04-14 22:00:53,453 - app.main - INFO - 上传目录已存在: E:\Work\ai-assistance\backend\uploads
2025-04-14 22:00:53,454 - app.main - INFO - 文档目录已存在: E:\Work\ai-assistance\backend\uploads\documents
2025-04-14 22:00:53,454 - app.main - INFO - 嵌入目录已存在: E:\Work\ai-assistance\backend\uploads\embeddings
2025-04-14 22:00:53,460 - task_manager - INFO - Document processor worker started
2025-04-14 22:00:53,460 - task_manager - INFO - Embedding worker started
2025-04-14 22:00:53,460 - task_manager - INFO - Task Manager started
2025-04-14 22:00:53,460 - app.main - INFO - 应用启动完成，默认管理员账号已处理，任务管理器已启动
2025-04-14 22:07:41,060 - app.main - INFO - 关闭应用
2025-04-14 22:07:45,790 - app.main - INFO - 启动应用
2025-04-14 22:07:45,790 - app.main - INFO - 上传目录已存在: E:\Work\ai-assistance\backend\uploads
2025-04-14 22:07:45,790 - app.main - INFO - 文档目录已存在: E:\Work\ai-assistance\backend\uploads\documents
2025-04-14 22:07:45,790 - app.main - INFO - 嵌入目录已存在: E:\Work\ai-assistance\backend\uploads\embeddings
2025-04-14 22:07:45,796 - task_manager - INFO - Document processor worker started
2025-04-14 22:07:45,797 - task_manager - INFO - Embedding worker started
2025-04-14 22:07:45,797 - task_manager - INFO - Task Manager started
2025-04-14 22:07:45,797 - app.main - INFO - 应用启动完成，默认管理员账号已处理，任务管理器已启动
2025-04-14 22:08:28,195 - api.knowledge_base - INFO - 获取用户b29841b9-bd7f-4357-945d-a7db0301587d的个人知识库
2025-04-14 22:08:28,197 - api.knowledge_base - INFO - 找到0个个人知识库
2025-04-14 22:08:28,197 - api.knowledge_base - INFO - 获取公共知识库
2025-04-14 22:08:28,198 - api.knowledge_base - INFO - 找到0个公共知识库
2025-04-14 22:08:28,204 - api.knowledge_base - INFO - 获取用户b29841b9-bd7f-4357-945d-a7db0301587d的个人知识库
2025-04-14 22:08:28,204 - api.knowledge_base - INFO - 找到0个个人知识库
2025-04-14 22:08:28,206 - api.knowledge_base - INFO - 获取公共知识库
2025-04-14 22:08:28,206 - api.knowledge_base - INFO - 找到0个公共知识库
2025-04-14 22:08:35,574 - api.knowledge_base - INFO - 获取用户b29841b9-bd7f-4357-945d-a7db0301587d的个人知识库
2025-04-14 22:08:35,575 - api.knowledge_base - INFO - 找到0个个人知识库
2025-04-14 22:08:35,576 - api.knowledge_base - INFO - 获取公共知识库
2025-04-14 22:08:35,577 - api.knowledge_base - INFO - 找到0个公共知识库
2025-04-14 22:08:35,579 - api.knowledge_base - INFO - 获取用户b29841b9-bd7f-4357-945d-a7db0301587d的个人知识库
2025-04-14 22:08:35,579 - api.knowledge_base - INFO - 找到0个个人知识库
2025-04-14 22:08:35,580 - api.knowledge_base - INFO - 获取公共知识库
2025-04-14 22:08:35,581 - api.knowledge_base - INFO - 找到0个公共知识库
2025-04-14 22:08:41,901 - api.ai_dialog - INFO - 收到对话请求: user_id=b29841b9-bd7f-4357-945d-a7db0301587d, model=airong, 使用知识库=True
2025-04-14 22:08:41,902 - ai_dialog_service - INFO - Initialized AI Dialog Service
2025-04-14 22:08:41,902 - deepseek_service - INFO - 初始化DeepSeek服务
2025-04-14 22:08:41,902 - deepseek_service - WARNING - 未设置DEEPSEEK_API_KEY环境变量，将使用默认响应
2025-04-14 22:08:41,902 - ai_dialog_service - INFO - 使用前端传递的消息历史，共1条消息
2025-04-14 22:08:41,902 - ai_dialog_service - INFO - 查询知识库: 用户=b29841b9-bd7f-4357-945d-a7db0301587d, 模型=airong, 查询=您好
2025-04-14 22:08:41,903 - ai_dialog_service - INFO - 没有找到可用的知识库
2025-04-14 22:08:41,903 - ai_dialog_service - INFO - 调用DeepSeek服务，对话ID: airong-1
2025-04-14 22:08:41,903 - ai_dialog_service - INFO - 发送消息历史: [{"role": "system", "content": "你是一个AI助手，请用简洁、准确的方式回答问题。"}, {"role": "user", "content": "您好"}]
2025-04-14 22:08:42,304 - deepseek_service - ERROR - DeepSeek API异常: Illegal header value b'Bearer '
2025-04-14 22:08:42,305 - ai_dialog_service - INFO - DeepSeek API完整响应: {"success": false, "error": "服务器内部错误", "status_code": 500}
2025-04-14 22:08:42,305 - ai_dialog_service - ERROR - AI服务返回错误: 未知错误
2025-04-14 22:08:42,305 - api.ai_dialog - INFO - AI响应时间: 0.40秒
2025-04-14 22:10:15,576 - app.main - INFO - 关闭应用
2025-04-14 22:10:16,296 - app.main - INFO - 启动应用
2025-04-14 22:10:16,296 - app.main - INFO - 上传目录已存在: E:\Work\ai-assistance\backend\uploads
2025-04-14 22:10:16,296 - app.main - INFO - 文档目录已存在: E:\Work\ai-assistance\backend\uploads\documents
2025-04-14 22:10:16,296 - app.main - INFO - 嵌入目录已存在: E:\Work\ai-assistance\backend\uploads\embeddings
2025-04-14 22:10:16,302 - task_manager - INFO - Document processor worker started
2025-04-14 22:10:16,302 - task_manager - INFO - Embedding worker started
2025-04-14 22:10:16,302 - task_manager - INFO - Task Manager started
2025-04-14 22:10:16,302 - app.main - INFO - 应用启动完成，默认管理员账号已处理，任务管理器已启动
2025-04-14 22:10:20,050 - app.main - INFO - 关闭应用
2025-04-14 22:10:20,741 - app.main - INFO - 启动应用
2025-04-14 22:10:20,742 - app.main - INFO - 上传目录已存在: E:\Work\ai-assistance\backend\uploads
2025-04-14 22:10:20,742 - app.main - INFO - 文档目录已存在: E:\Work\ai-assistance\backend\uploads\documents
2025-04-14 22:10:20,742 - app.main - INFO - 嵌入目录已存在: E:\Work\ai-assistance\backend\uploads\embeddings
2025-04-14 22:10:20,748 - task_manager - INFO - Document processor worker started
2025-04-14 22:10:20,748 - task_manager - INFO - Embedding worker started
2025-04-14 22:10:20,748 - task_manager - INFO - Task Manager started
2025-04-14 22:10:20,748 - app.main - INFO - 应用启动完成，默认管理员账号已处理，任务管理器已启动
2025-04-14 22:10:39,531 - app.main - INFO - 关闭应用
2025-04-14 22:10:40,844 - app.main - INFO - 启动应用
2025-04-14 22:10:40,845 - app.main - INFO - 上传目录已存在: E:\Work\ai-assistance\backend\uploads
2025-04-14 22:10:40,845 - app.main - INFO - 文档目录已存在: E:\Work\ai-assistance\backend\uploads\documents
2025-04-14 22:10:40,845 - app.main - INFO - 嵌入目录已存在: E:\Work\ai-assistance\backend\uploads\embeddings
2025-04-14 22:10:40,851 - task_manager - INFO - Document processor worker started
2025-04-14 22:10:40,851 - task_manager - INFO - Embedding worker started
2025-04-14 22:10:40,851 - task_manager - INFO - Task Manager started
2025-04-14 22:10:40,851 - app.main - INFO - 应用启动完成，默认管理员账号已处理，任务管理器已启动
2025-04-14 22:11:12,277 - api.knowledge_base - INFO - 获取公共知识库
2025-04-14 22:11:12,278 - api.knowledge_base - INFO - 找到0个公共知识库
2025-04-14 22:11:12,280 - api.knowledge_base - INFO - 获取用户b29841b9-bd7f-4357-945d-a7db0301587d的个人知识库
2025-04-14 22:11:12,281 - api.knowledge_base - INFO - 找到0个个人知识库
2025-04-14 22:11:14,393 - api.knowledge_base - INFO - 获取公共知识库
2025-04-14 22:11:14,393 - api.knowledge_base - INFO - 找到0个公共知识库
2025-04-14 22:11:14,394 - api.knowledge_base - INFO - 获取用户b29841b9-bd7f-4357-945d-a7db0301587d的个人知识库
2025-04-14 22:11:14,394 - api.knowledge_base - INFO - 找到0个个人知识库
2025-04-14 22:13:31,942 - app.main - INFO - 关闭应用
2025-04-14 22:13:32,670 - app.main - INFO - 启动应用
2025-04-14 22:13:32,670 - app.main - INFO - 上传目录已存在: E:\Work\ai-assistance\backend\uploads
2025-04-14 22:13:32,671 - app.main - INFO - 文档目录已存在: E:\Work\ai-assistance\backend\uploads\documents
2025-04-14 22:13:32,671 - app.main - INFO - 嵌入目录已存在: E:\Work\ai-assistance\backend\uploads\embeddings
2025-04-14 22:13:32,677 - task_manager - INFO - Document processor worker started
2025-04-14 22:13:32,677 - task_manager - INFO - Embedding worker started
2025-04-14 22:13:32,677 - task_manager - INFO - Task Manager started
2025-04-14 22:13:32,677 - app.main - INFO - 应用启动完成，默认管理员账号已处理，任务管理器已启动
2025-04-14 22:13:33,010 - app.main - INFO - 关闭应用
2025-04-14 22:13:34,967 - app.main - INFO - 启动应用
2025-04-14 22:13:34,967 - app.main - INFO - 上传目录已存在: E:\Work\ai-assistance\backend\uploads
2025-04-14 22:13:34,967 - app.main - INFO - 文档目录已存在: E:\Work\ai-assistance\backend\uploads\documents
2025-04-14 22:13:34,967 - app.main - INFO - 嵌入目录已存在: E:\Work\ai-assistance\backend\uploads\embeddings
2025-04-14 22:13:34,973 - task_manager - INFO - Document processor worker started
2025-04-14 22:13:34,973 - task_manager - INFO - Embedding worker started
2025-04-14 22:13:34,973 - task_manager - INFO - Task Manager started
2025-04-14 22:13:34,974 - app.main - INFO - 应用启动完成，默认管理员账号已处理，任务管理器已启动
2025-04-14 22:13:35,296 - app.main - INFO - 关闭应用
2025-04-14 22:13:36,018 - app.main - INFO - 启动应用
2025-04-14 22:13:36,019 - app.main - INFO - 上传目录已存在: E:\Work\ai-assistance\backend\uploads
2025-04-14 22:13:36,019 - app.main - INFO - 文档目录已存在: E:\Work\ai-assistance\backend\uploads\documents
2025-04-14 22:13:36,019 - app.main - INFO - 嵌入目录已存在: E:\Work\ai-assistance\backend\uploads\embeddings
2025-04-14 22:13:36,026 - task_manager - INFO - Document processor worker started
2025-04-14 22:13:36,027 - task_manager - INFO - Embedding worker started
2025-04-14 22:13:36,027 - task_manager - INFO - Task Manager started
2025-04-14 22:13:36,027 - app.main - INFO - 应用启动完成，默认管理员账号已处理，任务管理器已启动
2025-04-14 22:14:20,348 - api.knowledge_base - INFO - 获取用户b29841b9-bd7f-4357-945d-a7db0301587d的个人知识库
2025-04-14 22:14:20,349 - api.knowledge_base - INFO - 找到0个个人知识库
2025-04-14 22:14:20,350 - api.knowledge_base - INFO - 获取公共知识库
2025-04-14 22:14:20,350 - api.knowledge_base - INFO - 找到0个公共知识库
2025-04-14 22:14:20,353 - api.knowledge_base - INFO - 获取用户b29841b9-bd7f-4357-945d-a7db0301587d的个人知识库
2025-04-14 22:14:20,353 - api.knowledge_base - INFO - 找到0个个人知识库
2025-04-14 22:14:20,354 - api.knowledge_base - INFO - 获取公共知识库
2025-04-14 22:14:20,354 - api.knowledge_base - INFO - 找到0个公共知识库
2025-04-14 22:14:43,043 - api.ai_dialog - INFO - 收到对话请求: user_id=b29841b9-bd7f-4357-945d-a7db0301587d, model=airong, 使用知识库=True
2025-04-14 22:14:43,043 - ai_dialog_service - INFO - Initialized AI Dialog Service
2025-04-14 22:14:43,044 - deepseek_service - INFO - 初始化DeepSeek服务
2025-04-14 22:14:43,044 - deepseek_service - WARNING - 未设置DEEPSEEK_API_KEY环境变量，将使用默认响应
2025-04-14 22:14:43,044 - ai_dialog_service - INFO - 使用前端传递的消息历史，共1条消息
2025-04-14 22:14:43,044 - ai_dialog_service - INFO - 查询知识库: 用户=b29841b9-bd7f-4357-945d-a7db0301587d, 模型=airong, 查询=你好
2025-04-14 22:14:43,044 - ai_dialog_service - INFO - 没有找到可用的知识库
2025-04-14 22:14:43,045 - ai_dialog_service - INFO - 调用DeepSeek服务，对话ID: airong-1
2025-04-14 22:14:43,045 - ai_dialog_service - INFO - 发送消息历史: [{"role": "system", "content": "你是一个AI助手，请用简洁、准确的方式回答问题。"}, {"role": "user", "content": "你好"}]
2025-04-14 22:14:43,045 - deepseek_service - WARNING - 未设置API密钥，返回模拟响应
2025-04-14 22:14:43,045 - ai_dialog_service - INFO - DeepSeek API完整响应: {"id": "mock-response-id", "object": "chat.completion", "created": 1616268760, "model": "deepseek-chat", "choices": [{"index": 0, "message": {"role": "assistant", "content": "这是一个模拟响应，因为未设置DeepSeek API密钥。您的消息是: 你好\n\n请配置正确的API密钥以连接到DeepSeek服务。"}, "finish_reason": "stop"}]}
2025-04-14 22:14:43,045 - ai_dialog_service - INFO - 从API提取到的AI回复: 这是一个模拟响应，因为未设置DeepSeek API密钥。您的消息是: 你好

请配置正确的API密钥以连接到DeepSeek服务。
2025-04-14 22:14:43,046 - api.ai_dialog - INFO - AI响应时间: 0.00秒
2025-04-14 22:17:11,430 - app.main - INFO - 关闭应用
2025-04-14 22:17:12,127 - app.main - INFO - 启动应用
2025-04-14 22:17:12,127 - app.main - INFO - 上传目录已存在: E:\Work\ai-assistance\backend\uploads
2025-04-14 22:17:12,127 - app.main - INFO - 文档目录已存在: E:\Work\ai-assistance\backend\uploads\documents
2025-04-14 22:17:12,127 - app.main - INFO - 嵌入目录已存在: E:\Work\ai-assistance\backend\uploads\embeddings
2025-04-14 22:17:12,133 - task_manager - INFO - Document processor worker started
2025-04-14 22:17:12,133 - task_manager - INFO - Embedding worker started
2025-04-14 22:17:12,133 - task_manager - INFO - Task Manager started
2025-04-14 22:17:12,134 - app.main - INFO - 应用启动完成，默认管理员账号已处理，任务管理器已启动
2025-04-14 22:17:14,573 - app.main - INFO - 关闭应用
2025-04-14 22:17:15,258 - app.main - INFO - 启动应用
2025-04-14 22:17:15,258 - app.main - INFO - 上传目录已存在: E:\Work\ai-assistance\backend\uploads
2025-04-14 22:17:15,258 - app.main - INFO - 文档目录已存在: E:\Work\ai-assistance\backend\uploads\documents
2025-04-14 22:17:15,258 - app.main - INFO - 嵌入目录已存在: E:\Work\ai-assistance\backend\uploads\embeddings
2025-04-14 22:17:15,264 - task_manager - INFO - Document processor worker started
2025-04-14 22:17:15,264 - task_manager - INFO - Embedding worker started
2025-04-14 22:17:15,264 - task_manager - INFO - Task Manager started
2025-04-14 22:17:15,264 - app.main - INFO - 应用启动完成，默认管理员账号已处理，任务管理器已启动
2025-04-14 22:17:22,355 - app.main - INFO - 关闭应用
2025-04-14 22:17:26,843 - app.main - INFO - 启动应用
2025-04-14 22:17:26,843 - app.main - INFO - 上传目录已存在: E:\Work\ai-assistance\backend\uploads
2025-04-14 22:17:26,843 - app.main - INFO - 文档目录已存在: E:\Work\ai-assistance\backend\uploads\documents
2025-04-14 22:17:26,843 - app.main - INFO - 嵌入目录已存在: E:\Work\ai-assistance\backend\uploads\embeddings
2025-04-14 22:17:26,849 - task_manager - INFO - Document processor worker started
2025-04-14 22:17:26,850 - task_manager - INFO - Embedding worker started
2025-04-14 22:17:26,850 - task_manager - INFO - Task Manager started
2025-04-14 22:17:26,850 - app.main - INFO - 应用启动完成，默认管理员账号已处理，任务管理器已启动
2025-04-14 22:18:39,545 - api.knowledge_base - INFO - 获取用户b29841b9-bd7f-4357-945d-a7db0301587d的个人知识库
2025-04-14 22:18:39,546 - api.knowledge_base - INFO - 找到0个个人知识库
2025-04-14 22:18:39,548 - api.knowledge_base - INFO - 获取公共知识库
2025-04-14 22:18:39,549 - api.knowledge_base - INFO - 找到0个公共知识库
2025-04-14 22:18:39,554 - api.knowledge_base - INFO - 获取用户b29841b9-bd7f-4357-945d-a7db0301587d的个人知识库
2025-04-14 22:18:39,554 - api.knowledge_base - INFO - 找到0个个人知识库
2025-04-14 22:18:39,554 - api.knowledge_base - INFO - 获取公共知识库
2025-04-14 22:18:39,555 - api.knowledge_base - INFO - 找到0个公共知识库
2025-04-14 22:18:46,081 - api.knowledge_base - INFO - 获取用户b29841b9-bd7f-4357-945d-a7db0301587d的个人知识库
2025-04-14 22:18:46,082 - api.knowledge_base - INFO - 找到0个个人知识库
2025-04-14 22:18:46,082 - api.knowledge_base - INFO - 获取公共知识库
2025-04-14 22:18:46,083 - api.knowledge_base - INFO - 找到0个公共知识库
2025-04-14 22:18:46,086 - api.knowledge_base - INFO - 获取公共知识库
2025-04-14 22:18:46,087 - api.knowledge_base - INFO - 找到0个公共知识库
2025-04-14 22:18:46,088 - api.knowledge_base - INFO - 获取用户b29841b9-bd7f-4357-945d-a7db0301587d的个人知识库
2025-04-14 22:18:46,088 - api.knowledge_base - INFO - 找到0个个人知识库
2025-04-14 22:18:58,967 - api.ai_dialog - INFO - 收到对话请求: user_id=b29841b9-bd7f-4357-945d-a7db0301587d, model=airong, 使用知识库=True
2025-04-14 22:18:58,967 - ai_dialog_service - INFO - Initialized AI Dialog Service
2025-04-14 22:18:58,967 - deepseek_service - INFO - 初始化DeepSeek服务
2025-04-14 22:18:58,967 - ai_dialog_service - INFO - 使用前端传递的消息历史，共1条消息
2025-04-14 22:18:58,967 - ai_dialog_service - INFO - 查询知识库: 用户=b29841b9-bd7f-4357-945d-a7db0301587d, 模型=airong, 查询=你好
2025-04-14 22:18:58,967 - ai_dialog_service - INFO - 没有找到可用的知识库
2025-04-14 22:18:58,967 - ai_dialog_service - INFO - 调用DeepSeek服务，对话ID: airong-1
2025-04-14 22:18:58,967 - ai_dialog_service - INFO - 发送消息历史: [{"role": "system", "content": "你是一个AI助手，请用简洁、准确的方式回答问题。"}, {"role": "user", "content": "你好"}]
2025-04-14 22:18:58,968 - deepseek_service - INFO - 发送请求到DeepSeek API: https://api.deepseek.com/v1/chat/completions
2025-04-14 22:18:59,403 - httpx - INFO - HTTP Request: POST https://api.deepseek.com/v1/chat/completions "HTTP/1.1 200 OK"
2025-04-14 22:19:04,269 - ai_dialog_service - INFO - DeepSeek API完整响应: {"id": "a1aaabba-de17-419f-a6af-c81f60f6f08c", "object": "chat.completion", "created": 1744640338, "model": "deepseek-chat", "choices": [{"index": 0, "message": {"role": "assistant", "content": "你好！有什么可以帮你的吗？"}, "logprobs": null, "finish_reason": "stop"}], "usage": {"prompt_tokens": 17, "completion_tokens": 8, "total_tokens": 25, "prompt_tokens_details": {"cached_tokens": 0}, "prompt_cache_hit_tokens": 0, "prompt_cache_miss_tokens": 17}, "system_fingerprint": "fp_3d5141a69a_prod0225"}
2025-04-14 22:19:04,270 - ai_dialog_service - INFO - 从API提取到的AI回复: 你好！有什么可以帮你的吗？
2025-04-14 22:19:04,270 - api.ai_dialog - INFO - AI响应时间: 5.30秒
2025-04-14 22:20:12,867 - api.knowledge_base - INFO - 获取用户b29841b9-bd7f-4357-945d-a7db0301587d的个人知识库
2025-04-14 22:20:12,868 - api.knowledge_base - INFO - 找到0个个人知识库
2025-04-14 22:20:12,868 - api.knowledge_base - INFO - 获取公共知识库
2025-04-14 22:20:12,869 - api.knowledge_base - INFO - 找到0个公共知识库
2025-04-14 22:21:07,811 - api.knowledge_base - INFO - 获取用户b29841b9-bd7f-4357-945d-a7db0301587d的个人知识库
2025-04-14 22:21:07,811 - api.knowledge_base - INFO - 找到0个个人知识库
2025-04-14 22:21:07,813 - api.knowledge_base - INFO - 获取公共知识库
2025-04-14 22:21:07,813 - api.knowledge_base - INFO - 找到0个公共知识库
2025-04-14 22:21:07,817 - api.knowledge_base - INFO - 获取用户b29841b9-bd7f-4357-945d-a7db0301587d的个人知识库
2025-04-14 22:21:07,817 - api.knowledge_base - INFO - 找到0个个人知识库
2025-04-14 22:21:07,818 - api.knowledge_base - INFO - 获取公共知识库
2025-04-14 22:21:07,819 - api.knowledge_base - INFO - 找到0个公共知识库
2025-04-14 22:21:14,042 - api.ai_dialog - INFO - 收到对话请求: user_id=b29841b9-bd7f-4357-945d-a7db0301587d, model=airong, 使用知识库=True
2025-04-14 22:21:14,042 - ai_dialog_service - INFO - 使用前端传递的消息历史，共1条消息
2025-04-14 22:21:14,042 - ai_dialog_service - INFO - 查询知识库: 用户=b29841b9-bd7f-4357-945d-a7db0301587d, 模型=airong, 查询=你好
2025-04-14 22:21:14,042 - ai_dialog_service - INFO - 没有找到可用的知识库
2025-04-14 22:21:14,042 - ai_dialog_service - INFO - 调用DeepSeek服务，对话ID: airong-1
2025-04-14 22:21:14,042 - ai_dialog_service - INFO - 发送消息历史: [{"role": "system", "content": "你是一个AI助手，请用简洁、准确的方式回答问题。"}, {"role": "user", "content": "你好"}]
2025-04-14 22:21:14,042 - deepseek_service - INFO - 发送请求到DeepSeek API: https://api.deepseek.com/v1/chat/completions
2025-04-14 22:21:14,411 - httpx - INFO - HTTP Request: POST https://api.deepseek.com/v1/chat/completions "HTTP/1.1 200 OK"
2025-04-14 22:21:19,202 - ai_dialog_service - INFO - DeepSeek API完整响应: {"id": "d5565975-6af7-4b33-8d01-0c3a45c07c2c", "object": "chat.completion", "created": 1744640473, "model": "deepseek-chat", "choices": [{"index": 0, "message": {"role": "assistant", "content": "你好！有什么可以帮你的吗？😊"}, "logprobs": null, "finish_reason": "stop"}], "usage": {"prompt_tokens": 17, "completion_tokens": 10, "total_tokens": 27, "prompt_tokens_details": {"cached_tokens": 0}, "prompt_cache_hit_tokens": 0, "prompt_cache_miss_tokens": 17}, "system_fingerprint": "fp_3d5141a69a_prod0225"}
2025-04-14 22:21:19,203 - ai_dialog_service - INFO - 从API提取到的AI回复: 你好！有什么可以帮你的吗？😊
2025-04-14 22:21:19,203 - api.ai_dialog - INFO - AI响应时间: 5.16秒
2025-04-14 22:21:44,786 - app.main - INFO - 关闭应用
2025-04-14 22:21:49,049 - app.main - INFO - 启动应用
2025-04-14 22:21:49,049 - app.main - INFO - 上传目录已存在: E:\Work\ai-assistance\backend\uploads
2025-04-14 22:21:49,049 - app.main - INFO - 文档目录已存在: E:\Work\ai-assistance\backend\uploads\documents
2025-04-14 22:21:49,049 - app.main - INFO - 嵌入目录已存在: E:\Work\ai-assistance\backend\uploads\embeddings
2025-04-14 22:21:49,055 - task_manager - INFO - Document processor worker started
2025-04-14 22:21:49,056 - task_manager - INFO - Embedding worker started
2025-04-14 22:21:49,056 - task_manager - INFO - Task Manager started
2025-04-14 22:21:49,056 - app.main - INFO - 应用启动完成，默认管理员账号已处理，任务管理器已启动
2025-04-14 22:21:59,800 - api.knowledge_base - INFO - 获取用户b29841b9-bd7f-4357-945d-a7db0301587d的个人知识库
2025-04-14 22:21:59,802 - api.knowledge_base - INFO - 找到0个个人知识库
2025-04-14 22:21:59,804 - api.knowledge_base - INFO - 获取公共知识库
2025-04-14 22:21:59,805 - api.knowledge_base - INFO - 找到0个公共知识库
2025-04-14 22:21:59,807 - api.knowledge_base - INFO - 获取用户b29841b9-bd7f-4357-945d-a7db0301587d的个人知识库
2025-04-14 22:21:59,808 - api.knowledge_base - INFO - 找到0个个人知识库
2025-04-14 22:21:59,810 - api.knowledge_base - INFO - 获取公共知识库
2025-04-14 22:21:59,810 - api.knowledge_base - INFO - 找到0个公共知识库
2025-04-14 22:22:00,932 - api.knowledge_base - INFO - 获取用户b29841b9-bd7f-4357-945d-a7db0301587d的个人知识库
2025-04-14 22:22:00,933 - api.knowledge_base - INFO - 找到0个个人知识库
2025-04-14 22:22:00,935 - api.knowledge_base - INFO - 获取公共知识库
2025-04-14 22:22:00,935 - api.knowledge_base - INFO - 找到0个公共知识库
2025-04-14 22:22:00,938 - api.knowledge_base - INFO - 获取用户b29841b9-bd7f-4357-945d-a7db0301587d的个人知识库
2025-04-14 22:22:00,939 - api.knowledge_base - INFO - 找到0个个人知识库
2025-04-14 22:22:00,940 - api.knowledge_base - INFO - 获取公共知识库
2025-04-14 22:22:00,940 - api.knowledge_base - INFO - 找到0个公共知识库
2025-04-14 22:22:10,916 - api.ai_dialog - INFO - 收到对话请求: user_id=b29841b9-bd7f-4357-945d-a7db0301587d, model=airong, 使用知识库=True
2025-04-14 22:22:10,916 - ai_dialog_service - INFO - Initialized AI Dialog Service
2025-04-14 22:22:10,916 - deepseek_service - INFO - 初始化DeepSeek服务
2025-04-14 22:22:10,916 - ai_dialog_service - INFO - 使用前端传递的消息历史，共1条消息
2025-04-14 22:22:10,916 - ai_dialog_service - INFO - 查询知识库: 用户=b29841b9-bd7f-4357-945d-a7db0301587d, 模型=airong, 查询=您好
2025-04-14 22:22:10,917 - ai_dialog_service - INFO - 没有找到可用的知识库
2025-04-14 22:22:10,917 - ai_dialog_service - INFO - 调用DeepSeek服务，对话ID: airong-1
2025-04-14 22:22:10,917 - ai_dialog_service - INFO - 发送消息历史: [{"role": "system", "content": "你是一个AI助手，请用简洁、准确的方式回答问题。"}, {"role": "user", "content": "您好"}]
2025-04-14 22:22:10,917 - deepseek_service - INFO - 发送请求到DeepSeek API: https://api.deepseek.com/v1/chat/completions
2025-04-14 22:22:11,379 - httpx - INFO - HTTP Request: POST https://api.deepseek.com/v1/chat/completions "HTTP/1.1 200 OK"
2025-04-14 22:22:15,506 - ai_dialog_service - INFO - DeepSeek API完整响应: {"id": "f5728bd3-5f07-4a12-8bdf-c95b961cd47d", "object": "chat.completion", "created": 1744640530, "model": "deepseek-chat", "choices": [{"index": 0, "message": {"role": "assistant", "content": "你好！有什么可以帮你的吗？😊"}, "logprobs": null, "finish_reason": "stop"}], "usage": {"prompt_tokens": 17, "completion_tokens": 10, "total_tokens": 27, "prompt_tokens_details": {"cached_tokens": 0}, "prompt_cache_hit_tokens": 0, "prompt_cache_miss_tokens": 17}, "system_fingerprint": "fp_3d5141a69a_prod0225"}
2025-04-14 22:22:15,507 - ai_dialog_service - INFO - 从API提取到的AI回复: 你好！有什么可以帮你的吗？😊
2025-04-14 22:22:15,507 - api.ai_dialog - INFO - AI响应时间: 4.59秒
2025-04-14 22:22:28,237 - api.ai_dialog - INFO - 收到对话请求: user_id=b29841b9-bd7f-4357-945d-a7db0301587d, model=airong, 使用知识库=True
2025-04-14 22:22:28,238 - ai_dialog_service - INFO - 使用前端传递的消息历史，共1条消息
2025-04-14 22:22:28,238 - ai_dialog_service - INFO - 查询知识库: 用户=b29841b9-bd7f-4357-945d-a7db0301587d, 模型=airong, 查询=您好
2025-04-14 22:22:28,238 - ai_dialog_service - INFO - 没有找到可用的知识库
2025-04-14 22:22:28,238 - ai_dialog_service - INFO - 调用DeepSeek服务，对话ID: airong-1744640543257
2025-04-14 22:22:28,238 - ai_dialog_service - INFO - 发送消息历史: [{"role": "system", "content": "你是一个AI助手，请用简洁、准确的方式回答问题。"}, {"role": "user", "content": "您好"}]
2025-04-14 22:22:28,239 - deepseek_service - INFO - 发送请求到DeepSeek API: https://api.deepseek.com/v1/chat/completions
2025-04-14 22:22:28,636 - httpx - INFO - HTTP Request: POST https://api.deepseek.com/v1/chat/completions "HTTP/1.1 200 OK"
2025-04-14 22:22:32,395 - ai_dialog_service - INFO - DeepSeek API完整响应: {"id": "8f0014bd-2588-4d2d-b6f5-296b7e0e984d", "object": "chat.completion", "created": 1744640547, "model": "deepseek-chat", "choices": [{"index": 0, "message": {"role": "assistant", "content": "你好！有什么可以帮你的吗？😊"}, "logprobs": null, "finish_reason": "stop"}], "usage": {"prompt_tokens": 17, "completion_tokens": 10, "total_tokens": 27, "prompt_tokens_details": {"cached_tokens": 0}, "prompt_cache_hit_tokens": 0, "prompt_cache_miss_tokens": 17}, "system_fingerprint": "fp_3d5141a69a_prod0225"}
2025-04-14 22:22:32,396 - ai_dialog_service - INFO - 从API提取到的AI回复: 你好！有什么可以帮你的吗？😊
2025-04-14 22:22:32,396 - api.ai_dialog - INFO - AI响应时间: 4.16秒
2025-04-14 22:22:36,801 - api.ai_dialog - INFO - 收到对话请求: user_id=b29841b9-bd7f-4357-945d-a7db0301587d, model=deepseek, 使用知识库=True
2025-04-14 22:22:36,802 - ai_dialog_service - INFO - 使用前端传递的消息历史，共1条消息
2025-04-14 22:22:36,802 - ai_dialog_service - INFO - 查询知识库: 用户=b29841b9-bd7f-4357-945d-a7db0301587d, 模型=deepseek, 查询=你好
2025-04-14 22:22:36,802 - ai_dialog_service - INFO - 没有找到可用的知识库
2025-04-14 22:22:36,802 - ai_dialog_service - INFO - 调用DeepSeek服务，对话ID: deepseek-1
2025-04-14 22:22:36,802 - ai_dialog_service - INFO - 发送消息历史: [{"role": "system", "content": "你是一个由DeepSeek开发的AI助手，擅长回答各种问题，请提供准确、有帮助的回答。"}, {"role": "user", "content": "你好"}]
2025-04-14 22:22:36,802 - deepseek_service - INFO - 发送请求到DeepSeek API: https://api.deepseek.com/v1/chat/completions
2025-04-14 22:22:37,169 - httpx - INFO - HTTP Request: POST https://api.deepseek.com/v1/chat/completions "HTTP/1.1 200 OK"
2025-04-14 22:22:42,231 - ai_dialog_service - INFO - DeepSeek API完整响应: {"id": "218a228d-074b-453b-9082-acdbec3f8dcf", "object": "chat.completion", "created": 1744640556, "model": "deepseek-chat", "choices": [{"index": 0, "message": {"role": "assistant", "content": "你好！😊 我是DeepSeek Chat，很高兴为你服务！有什么我可以帮助你的吗？"}, "logprobs": null, "finish_reason": "stop"}], "usage": {"prompt_tokens": 26, "completion_tokens": 21, "total_tokens": 47, "prompt_tokens_details": {"cached_tokens": 0}, "prompt_cache_hit_tokens": 0, "prompt_cache_miss_tokens": 26}, "system_fingerprint": "fp_3d5141a69a_prod0225"}
2025-04-14 22:22:42,232 - ai_dialog_service - INFO - 从API提取到的AI回复: 你好！😊 我是DeepSeek Chat，很高兴为你服务！有什么我可以帮助你的吗？
2025-04-14 22:22:42,232 - api.ai_dialog - INFO - AI响应时间: 5.43秒
2025-04-14 22:25:01,002 - api.knowledge_base - INFO - 获取用户b29841b9-bd7f-4357-945d-a7db0301587d的个人知识库
2025-04-14 22:25:01,002 - api.knowledge_base - INFO - 找到0个个人知识库
2025-04-14 22:25:01,003 - api.knowledge_base - INFO - 获取公共知识库
2025-04-14 22:25:01,003 - api.knowledge_base - INFO - 找到0个公共知识库
2025-04-14 22:26:58,508 - api.knowledge_base - INFO - 获取用户b29841b9-bd7f-4357-945d-a7db0301587d的个人知识库
2025-04-14 22:26:58,509 - api.knowledge_base - INFO - 找到0个个人知识库
2025-04-14 22:26:58,511 - api.knowledge_base - INFO - 获取公共知识库
2025-04-14 22:26:58,511 - api.knowledge_base - INFO - 找到0个公共知识库
2025-04-14 22:26:58,515 - api.knowledge_base - INFO - 获取用户b29841b9-bd7f-4357-945d-a7db0301587d的个人知识库
2025-04-14 22:26:58,515 - api.knowledge_base - INFO - 找到0个个人知识库
2025-04-14 22:26:58,518 - api.knowledge_base - INFO - 获取公共知识库
2025-04-14 22:26:58,518 - api.knowledge_base - INFO - 找到0个公共知识库
2025-04-14 22:27:11,786 - api.knowledge_base - INFO - 获取用户b29841b9-bd7f-4357-945d-a7db0301587d的个人知识库
2025-04-14 22:27:11,787 - api.knowledge_base - INFO - 找到0个个人知识库
2025-04-14 22:27:11,788 - api.knowledge_base - INFO - 获取公共知识库
2025-04-14 22:27:11,789 - api.knowledge_base - INFO - 找到0个公共知识库
2025-04-14 22:27:11,792 - api.knowledge_base - INFO - 获取用户b29841b9-bd7f-4357-945d-a7db0301587d的个人知识库
2025-04-14 22:27:11,792 - api.knowledge_base - INFO - 找到0个个人知识库
2025-04-14 22:27:11,793 - api.knowledge_base - INFO - 获取公共知识库
2025-04-14 22:27:11,794 - api.knowledge_base - INFO - 找到0个公共知识库
2025-04-14 22:27:18,657 - api.ai_dialog - INFO - 收到对话请求: user_id=b29841b9-bd7f-4357-945d-a7db0301587d, model=airong, 使用知识库=True
2025-04-14 22:27:18,658 - ai_dialog_service - INFO - 使用前端传递的消息历史，共1条消息
2025-04-14 22:27:18,658 - ai_dialog_service - INFO - 查询知识库: 用户=b29841b9-bd7f-4357-945d-a7db0301587d, 模型=airong, 查询=你好
2025-04-14 22:27:18,658 - ai_dialog_service - INFO - 没有找到可用的知识库
2025-04-14 22:27:18,658 - ai_dialog_service - INFO - 调用DeepSeek服务，对话ID: airong-1
2025-04-14 22:27:18,659 - ai_dialog_service - INFO - 发送消息历史: [{"role": "system", "content": "你是一个AI助手，请用简洁、准确的方式回答问题。"}, {"role": "user", "content": "你好"}]
2025-04-14 22:27:18,659 - deepseek_service - INFO - 发送请求到DeepSeek API: https://api.deepseek.com/v1/chat/completions
2025-04-14 22:27:19,115 - httpx - INFO - HTTP Request: POST https://api.deepseek.com/v1/chat/completions "HTTP/1.1 200 OK"
2025-04-14 22:27:23,583 - ai_dialog_service - INFO - DeepSeek API完整响应: {"id": "14466490-01e4-4403-8a02-4c1cecd6765c", "object": "chat.completion", "created": 1744640838, "model": "deepseek-chat", "choices": [{"index": 0, "message": {"role": "assistant", "content": "你好！有什么可以帮你的吗？"}, "logprobs": null, "finish_reason": "stop"}], "usage": {"prompt_tokens": 17, "completion_tokens": 8, "total_tokens": 25, "prompt_tokens_details": {"cached_tokens": 0}, "prompt_cache_hit_tokens": 0, "prompt_cache_miss_tokens": 17}, "system_fingerprint": "fp_3d5141a69a_prod0225"}
2025-04-14 22:27:23,584 - ai_dialog_service - INFO - 从API提取到的AI回复: 你好！有什么可以帮你的吗？
2025-04-14 22:27:23,584 - api.ai_dialog - INFO - AI响应时间: 4.93秒
2025-04-14 22:27:36,704 - api.ai_dialog - INFO - 收到对话请求: user_id=b29841b9-bd7f-4357-945d-a7db0301587d, model=airong, 使用知识库=True
2025-04-14 22:27:36,704 - ai_dialog_service - INFO - 使用前端传递的消息历史，共3条消息
2025-04-14 22:27:36,704 - ai_dialog_service - INFO - 查询知识库: 用户=b29841b9-bd7f-4357-945d-a7db0301587d, 模型=airong, 查询=南丹在哪里
2025-04-14 22:27:36,704 - ai_dialog_service - INFO - 没有找到可用的知识库
2025-04-14 22:27:36,705 - ai_dialog_service - INFO - 调用DeepSeek服务，对话ID: airong-1
2025-04-14 22:27:36,705 - ai_dialog_service - INFO - 发送消息历史: [{"role": "system", "content": "你是一个AI助手，请用简洁、准确的方式回答问题。"}, {"role": "user", "content": "你好"}, {"role": "assistant", "content": "你好！有什么可以帮你的吗？"}, {"role": "user", "content": "南丹在哪里"}]
2025-04-14 22:27:36,705 - deepseek_service - INFO - 发送请求到DeepSeek API: https://api.deepseek.com/v1/chat/completions
2025-04-14 22:27:37,111 - httpx - INFO - HTTP Request: POST https://api.deepseek.com/v1/chat/completions "HTTP/1.1 200 OK"
2025-04-14 22:27:47,372 - ai_dialog_service - INFO - DeepSeek API完整响应: {"id": "c71c2e8b-5666-44a0-bc6b-1341bbb9905e", "object": "chat.completion", "created": 1744640856, "model": "deepseek-chat", "choices": [{"index": 0, "message": {"role": "assistant", "content": "南丹县位于中国广西壮族自治区西北部，隶属河池市，地处云贵高原边缘，与贵州省接壤。具体地理坐标约为东经107°29′，北纬24°59′。  \n\n**特点**：  \n- 以壮族、瑶族等少数民族聚居为主。  \n- 矿产资源丰富（锡、铅、锌等），有“有色金属之乡”之称。  \n- 著名景点包括**丹泉酒洞天酒海**（吉尼斯世界纪录认证的天然藏酒洞）、**歌娅思谷白裤瑶民俗风情园**等。  \n\n如需更详细交通或旅游信息，可进一步说明！"}, "logprobs": null, "finish_reason": "stop"}], "usage": {"prompt_tokens": 31, "completion_tokens": 137, "total_tokens": 168, "prompt_tokens_details": {"cached_tokens": 0}, "prompt_cache_hit_tokens": 0, "prompt_cache_miss_tokens": 31}, "system_fingerprint": "fp_3d5141a69a_prod0225"}
2025-04-14 22:27:47,373 - ai_dialog_service - INFO - 从API提取到的AI回复: 南丹县位于中国广西壮族自治区西北部，隶属河池市，地处云贵高原边缘，与贵州省接壤。具体地理坐标约为东经107°29′，北纬24°59′。  

**特点**：  
- 以壮族、瑶族等少数民族聚居为主。  
- 矿产资源丰富（锡、铅、锌等），有“有色金属之乡”之称。  
- 著名景点包括**丹泉酒洞天酒海**（吉尼斯世界纪录认证的天然藏酒洞）、**歌娅思谷白裤瑶民俗风情园**等。  

如需更详细交通或旅游信息，可进一步说明！
2025-04-14 22:27:47,374 - api.ai_dialog - INFO - AI响应时间: 10.67秒
2025-04-14 22:28:11,795 - api.ai_dialog - INFO - 收到对话请求: user_id=b29841b9-bd7f-4357-945d-a7db0301587d, model=airong, 使用知识库=True
2025-04-14 22:28:11,795 - ai_dialog_service - INFO - 使用前端传递的消息历史，共5条消息
2025-04-14 22:28:11,797 - ai_dialog_service - INFO - 查询知识库: 用户=b29841b9-bd7f-4357-945d-a7db0301587d, 模型=airong, 查询=河池在哪里
2025-04-14 22:28:11,797 - ai_dialog_service - INFO - 没有找到可用的知识库
2025-04-14 22:28:11,797 - ai_dialog_service - INFO - 调用DeepSeek服务，对话ID: airong-1
2025-04-14 22:28:11,797 - ai_dialog_service - INFO - 发送消息历史: [{"role": "system", "content": "你是一个AI助手，请用简洁、准确的方式回答问题。"}, {"role": "user", "content": "你好"}, {"role": "assistant", "content": "你好！有什么可以帮你的吗？"}, {"role": "user", "content": "南丹在哪里"}, {"role": "assistant", "content": "南丹县位于中国广西壮族自治区西北部，隶属河池市，地处云贵高原边缘，与贵州省接壤。具体地理坐标约为东经107°29′，北纬24°59′。  \n\n**特点**：  \n- 以壮族、瑶族等少数民族聚居为主。  \n- 矿产资源丰富（锡、铅、锌等），有“有色金属之乡”之称。  \n- 著名景点包括**丹泉酒洞天酒海**（吉尼斯世界纪录认证的天然藏酒洞）、**歌娅思谷白裤瑶民俗风情园**等。  \n\n如需更详细交通或旅游信息，可进一步说明！"}, {"role": "user", "content": "河池在哪里"}]
2025-04-14 22:28:11,798 - deepseek_service - INFO - 发送请求到DeepSeek API: https://api.deepseek.com/v1/chat/completions
2025-04-14 22:28:12,239 - httpx - INFO - HTTP Request: POST https://api.deepseek.com/v1/chat/completions "HTTP/1.1 200 OK"
2025-04-14 22:28:31,517 - ai_dialog_service - INFO - DeepSeek API完整响应: {"id": "0b3313cf-b5db-4cb4-8249-30115eb77d9f", "object": "chat.completion", "created": 1744640891, "model": "deepseek-chat", "choices": [{"index": 0, "message": {"role": "assistant", "content": "河池市位于中国 **广西壮族自治区西北部**，地处 **云贵高原南缘**，与贵州省接壤，是广西的“西北门户”。  \n\n### **关键信息**  \n- **地理位置**：东经106°34′～109°09′，北纬23°41′～25°37′  \n- **行政区划**：辖2区（金城江区、宜州区）、9县（包括南丹、天峨、凤山、东兰等），市政府驻 **金城江区**。  \n- **民族与文化**：壮族、瑶族、苗族等少数民族聚居地，壮族人口占比超80%，是 **刘三姐故乡** 和 **世界长寿之乡**（巴马县）。  \n- **地形特点**：多山喀斯特地貌，红水河贯穿全境，水能资源丰富（龙滩水电站等）。  \n\n### **交通与旅游**  \n- **交通**：  \n  - 铁路：黔桂铁路、贵南高铁（南宁至贵阳，设河池西站）。  \n  - 公路：兰海高速（G75）、汕昆高速（G78）过境。  \n- **著名景点**：  \n  - **巴马长寿村**（世界长寿之乡）  \n  - **凤山三门海**（喀斯特天窗群）  \n  - **宜州下枧河**（刘三姐故里）  \n  - **南丹洞天酒海**（吉尼斯纪录藏酒洞）  \n\n如需具体路线或某县详情，可进一步说明！"}, "logprobs": null, "finish_reason": "stop"}], "usage": {"prompt_tokens": 174, "completion_tokens": 331, "total_tokens": 505, "prompt_tokens_details": {"cached_tokens": 128}, "prompt_cache_hit_tokens": 128, "prompt_cache_miss_tokens": 46}, "system_fingerprint": "fp_3d5141a69a_prod0225"}
2025-04-14 22:28:31,518 - ai_dialog_service - INFO - 从API提取到的AI回复: 河池市位于中国 **广西壮族自治区西北部**，地处 **云贵高原南缘**，与贵州省接壤，是广西的“西北门户”。  

### **关键信息**  
- **地理位置**：东经106°34′～109°09′，北纬23°41′～25°37′  
- **行政区划**：辖2区（金城江区、宜州区）、9县（包括南丹、天峨、凤山、东兰等），市政府驻 **金城江区**。  
- **民族与文化**：壮族、瑶族、苗族等少数民族聚居地，壮族人口占比超80%，是 **刘三姐故乡** 和 **世界长寿之乡**（巴马县）。  
- **地形特点**：多山喀斯特地貌，红水河贯穿全境，水能资源丰富（龙滩水电站等）。  

### **交通与旅游**  
- **交通**：  
  - 铁路：黔桂铁路、贵南高铁（南宁至贵阳，设河池西站）。  
  - 公路：兰海高速（G75）、汕昆高速（G78）过境。  
- **著名景点**：  
  - **巴马长寿村**（世界长寿之乡）  
  - **凤山三门海**（喀斯特天窗群）  
  - **宜州下枧河**（刘三姐故里）  
  - **南丹洞天酒海**（吉尼斯纪录藏酒洞）  

如需具体路线或某县详情，可进一步说明！
2025-04-14 22:28:31,519 - api.ai_dialog - INFO - AI响应时间: 19.72秒
2025-04-14 22:28:41,264 - api.ai_dialog - INFO - 收到对话请求: user_id=b29841b9-bd7f-4357-945d-a7db0301587d, model=airong, 使用知识库=True
2025-04-14 22:28:41,264 - ai_dialog_service - INFO - 使用前端传递的消息历史，共7条消息
2025-04-14 22:28:41,265 - ai_dialog_service - INFO - 查询知识库: 用户=b29841b9-bd7f-4357-945d-a7db0301587d, 模型=airong, 查询=刚才我在问什么
2025-04-14 22:28:41,265 - ai_dialog_service - INFO - 没有找到可用的知识库
2025-04-14 22:28:41,265 - ai_dialog_service - INFO - 调用DeepSeek服务，对话ID: airong-1
2025-04-14 22:28:41,265 - ai_dialog_service - INFO - 发送消息历史: [{"role": "system", "content": "你是一个AI助手，请用简洁、准确的方式回答问题。"}, {"role": "user", "content": "你好"}, {"role": "assistant", "content": "你好！有什么可以帮你的吗？"}, {"role": "user", "content": "南丹在哪里"}, {"role": "assistant", "content": "南丹县位于中国广西壮族自治区西北部，隶属河池市，地处云贵高原边缘，与贵州省接壤。具体地理坐标约为东经107°29′，北纬24°59′。  \n\n**特点**：  \n- 以壮族、瑶族等少数民族聚居为主。  \n- 矿产资源丰富（锡、铅、锌等），有“有色金属之乡”之称。  \n- 著名景点包括**丹泉酒洞天酒海**（吉尼斯世界纪录认证的天然藏酒洞）、**歌娅思谷白裤瑶民俗风情园**等。  \n\n如需更详细交通或旅游信息，可进一步说明！"}, {"role": "user", "content": "河池在哪里"}, {"role": "assistant", "content": "河池市位于中国 **广西壮族自治区西北部**，地处 **云贵高原南缘**，与贵州省接壤，是广西的“西北门户”。  \n\n### **关键信息**  \n- **地理位置**：东经106°34′～109°09′，北纬23°41′～25°37′  \n- **行政区划**：辖2区（金城江区、宜州区）、9县（包括南丹、天峨、凤山、东兰等），市政府驻 **金城江区**。  \n- **民族与文化**：壮族、瑶族、苗族等少数民族聚居地，壮族人口占比超80%，是 **刘三姐故乡** 和 **世界长寿之乡**（巴马县）。  \n- **地形特点**：多山喀斯特地貌，红水河贯穿全境，水能资源丰富（龙滩水电站等）。  \n\n### **交通与旅游**  \n- **交通**：  \n  - 铁路：黔桂铁路、贵南高铁（南宁至贵阳，设河池西站）。  \n  - 公路：兰海高速（G75）、汕昆高速（G78）过境。  \n- **著名景点**：  \n  - **巴马长寿村**（世界长寿之乡）  \n  - **凤山三门海**（喀斯特天窗群）  \n  - **宜州下枧河**（刘三姐故里）  \n  - **南丹洞天酒海**（吉尼斯纪录藏酒洞）  \n\n如需具体路线或某县详情，可进一步说明！"}, {"role": "user", "content": "刚才我在问什么"}]
2025-04-14 22:28:41,266 - deepseek_service - INFO - 发送请求到DeepSeek API: https://api.deepseek.com/v1/chat/completions
2025-04-14 22:28:41,688 - httpx - INFO - HTTP Request: POST https://api.deepseek.com/v1/chat/completions "HTTP/1.1 200 OK"
2025-04-14 22:28:50,029 - ai_dialog_service - INFO - DeepSeek API完整响应: {"id": "6173743e-9018-4eeb-8913-6d6cdb5ce7ef", "object": "chat.completion", "created": 1744640920, "model": "deepseek-chat", "choices": [{"index": 0, "message": {"role": "assistant", "content": "你刚才的提问顺序和内容是：  \n\n1. **第一问**：“南丹在哪里” → 我回答了广西河池市南丹县的位置和特点。  \n2. **第二问**：“河池在哪里” → 我补充了河池市在广西的详细位置、行政区划和旅游资源。  \n\n如果需要更具体的信息（比如南丹或河池的交通、景点细节等），可以随时告诉我！ 😊"}, "logprobs": null, "finish_reason": "stop"}], "usage": {"prompt_tokens": 512, "completion_tokens": 91, "total_tokens": 603, "prompt_tokens_details": {"cached_tokens": 448}, "prompt_cache_hit_tokens": 448, "prompt_cache_miss_tokens": 64}, "system_fingerprint": "fp_3d5141a69a_prod0225"}
2025-04-14 22:28:50,030 - ai_dialog_service - INFO - 从API提取到的AI回复: 你刚才的提问顺序和内容是：  

1. **第一问**：“南丹在哪里” → 我回答了广西河池市南丹县的位置和特点。  
2. **第二问**：“河池在哪里” → 我补充了河池市在广西的详细位置、行政区划和旅游资源。  

如果需要更具体的信息（比如南丹或河池的交通、景点细节等），可以随时告诉我！ 😊
2025-04-14 22:28:50,031 - api.ai_dialog - INFO - AI响应时间: 8.77秒
2025-04-14 22:32:50,112 - api.knowledge_base - INFO - 获取公共知识库
2025-04-14 22:32:50,113 - api.knowledge_base - INFO - 找到0个公共知识库
2025-04-14 22:32:50,117 - api.knowledge_base - INFO - 获取用户b29841b9-bd7f-4357-945d-a7db0301587d的个人知识库
2025-04-14 22:32:50,118 - api.knowledge_base - INFO - 找到0个个人知识库
2025-04-14 22:32:50,123 - api.knowledge_base - INFO - 获取公共知识库
2025-04-14 22:32:50,124 - api.knowledge_base - INFO - 找到0个公共知识库
2025-04-14 22:32:50,125 - api.knowledge_base - INFO - 获取用户b29841b9-bd7f-4357-945d-a7db0301587d的个人知识库
2025-04-14 22:32:50,126 - api.knowledge_base - INFO - 找到0个个人知识库
2025-04-14 22:34:40,562 - api.knowledge_base - INFO - 获取公共知识库
2025-04-14 22:34:40,562 - api.knowledge_base - INFO - 找到0个公共知识库
2025-04-14 22:34:40,563 - api.knowledge_base - INFO - 获取用户b29841b9-bd7f-4357-945d-a7db0301587d的个人知识库
2025-04-14 22:34:40,563 - api.knowledge_base - INFO - 找到0个个人知识库
2025-04-14 22:51:27,030 - api.knowledge_base - INFO - 获取用户b29841b9-bd7f-4357-945d-a7db0301587d的个人知识库
2025-04-14 22:51:27,030 - api.knowledge_base - INFO - 找到0个个人知识库
2025-04-14 22:51:27,033 - api.knowledge_base - INFO - 获取用户b29841b9-bd7f-4357-945d-a7db0301587d的个人知识库
2025-04-14 22:51:27,033 - api.knowledge_base - INFO - 找到0个个人知识库
2025-04-14 22:52:01,149 - api.knowledge_base - INFO - 获取用户b29841b9-bd7f-4357-945d-a7db0301587d的个人知识库
2025-04-14 22:52:01,150 - api.knowledge_base - INFO - 找到0个个人知识库
2025-04-14 22:52:01,154 - api.knowledge_base - INFO - 获取用户b29841b9-bd7f-4357-945d-a7db0301587d的个人知识库
2025-04-14 22:52:01,155 - api.knowledge_base - INFO - 找到0个个人知识库
2025-04-14 22:52:03,502 - api.knowledge_base - INFO - 获取用户b29841b9-bd7f-4357-945d-a7db0301587d的个人知识库
2025-04-14 22:52:03,503 - api.knowledge_base - INFO - 找到0个个人知识库
2025-04-14 22:52:03,506 - api.knowledge_base - INFO - 获取用户b29841b9-bd7f-4357-945d-a7db0301587d的个人知识库
2025-04-14 22:52:03,506 - api.knowledge_base - INFO - 找到0个个人知识库
2025-04-14 22:52:19,485 - api.ai_dialog - INFO - 收到对话请求: user_id=b29841b9-bd7f-4357-945d-a7db0301587d, model=airong, 使用知识库=True
2025-04-14 22:52:19,485 - ai_dialog_service - INFO - 使用前端传递的消息历史，共1条消息
2025-04-14 22:52:19,486 - ai_dialog_service - INFO - 查询知识库: 用户=b29841b9-bd7f-4357-945d-a7db0301587d, 模型=airong, 查询=你好
2025-04-14 22:52:19,486 - ai_dialog_service - INFO - 没有找到可用的知识库
2025-04-14 22:52:19,486 - ai_dialog_service - INFO - 调用DeepSeek服务，对话ID: airong-1
2025-04-14 22:52:19,486 - ai_dialog_service - INFO - 发送消息历史: [{"role": "system", "content": "你是一个AI助手，请用简洁、准确的方式回答问题。"}, {"role": "user", "content": "你好"}]
2025-04-14 22:52:19,486 - deepseek_service - INFO - 发送请求到DeepSeek API: https://api.deepseek.com/v1/chat/completions
2025-04-14 22:52:19,888 - httpx - INFO - HTTP Request: POST https://api.deepseek.com/v1/chat/completions "HTTP/1.1 200 OK"
2025-04-14 22:52:25,468 - ai_dialog_service - INFO - DeepSeek API完整响应: {"id": "07fabff1-e193-4e5e-af06-2634c6313168", "object": "chat.completion", "created": 1744642338, "model": "deepseek-chat", "choices": [{"index": 0, "message": {"role": "assistant", "content": "你好！有什么可以帮你的吗？"}, "logprobs": null, "finish_reason": "stop"}], "usage": {"prompt_tokens": 17, "completion_tokens": 8, "total_tokens": 25, "prompt_tokens_details": {"cached_tokens": 0}, "prompt_cache_hit_tokens": 0, "prompt_cache_miss_tokens": 17}, "system_fingerprint": "fp_3d5141a69a_prod0225"}
2025-04-14 22:52:25,469 - ai_dialog_service - INFO - 从API提取到的AI回复: 你好！有什么可以帮你的吗？
2025-04-14 22:52:25,470 - api.ai_dialog - INFO - AI响应时间: 5.98秒
2025-04-14 22:52:39,334 - api.ai_dialog - INFO - 收到对话请求: user_id=b29841b9-bd7f-4357-945d-a7db0301587d, model=airong, 使用知识库=True
2025-04-14 22:52:39,335 - ai_dialog_service - INFO - 使用前端传递的消息历史，共3条消息
2025-04-14 22:52:39,335 - ai_dialog_service - INFO - 查询知识库: 用户=b29841b9-bd7f-4357-945d-a7db0301587d, 模型=airong, 查询=你是？
2025-04-14 22:52:39,335 - ai_dialog_service - INFO - 没有找到可用的知识库
2025-04-14 22:52:39,335 - ai_dialog_service - INFO - 调用DeepSeek服务，对话ID: airong-1
2025-04-14 22:52:39,335 - ai_dialog_service - INFO - 发送消息历史: [{"role": "system", "content": "你是一个AI助手，请用简洁、准确的方式回答问题。"}, {"role": "user", "content": "你好"}, {"role": "assistant", "content": "你好！有什么可以帮你的吗？"}, {"role": "user", "content": "你是？"}]
2025-04-14 22:52:39,336 - deepseek_service - INFO - 发送请求到DeepSeek API: https://api.deepseek.com/v1/chat/completions
2025-04-14 22:52:39,727 - httpx - INFO - HTTP Request: POST https://api.deepseek.com/v1/chat/completions "HTTP/1.1 200 OK"
2025-04-14 22:52:44,429 - ai_dialog_service - INFO - DeepSeek API完整响应: {"id": "03594100-718c-43f4-9bab-516c7024aa8b", "object": "chat.completion", "created": 1744642358, "model": "deepseek-chat", "choices": [{"index": 0, "message": {"role": "assistant", "content": "我是一个AI助手，可以帮你解答问题、提供建议或协助完成任务。有什么需要帮忙的吗？"}, "logprobs": null, "finish_reason": "stop"}], "usage": {"prompt_tokens": 30, "completion_tokens": 20, "total_tokens": 50, "prompt_tokens_details": {"cached_tokens": 0}, "prompt_cache_hit_tokens": 0, "prompt_cache_miss_tokens": 30}, "system_fingerprint": "fp_3d5141a69a_prod0225"}
2025-04-14 22:52:44,430 - ai_dialog_service - INFO - 从API提取到的AI回复: 我是一个AI助手，可以帮你解答问题、提供建议或协助完成任务。有什么需要帮忙的吗？
2025-04-14 22:52:44,431 - api.ai_dialog - INFO - AI响应时间: 5.10秒
2025-04-14 22:53:04,411 - api.ai_dialog - INFO - 收到对话请求: user_id=b29841b9-bd7f-4357-945d-a7db0301587d, model=airong, 使用知识库=True
2025-04-14 22:53:04,412 - ai_dialog_service - INFO - 使用前端传递的消息历史，共5条消息
2025-04-14 22:53:04,412 - ai_dialog_service - INFO - 查询知识库: 用户=b29841b9-bd7f-4357-945d-a7db0301587d, 模型=airong, 查询=南丹在哪里
2025-04-14 22:53:04,412 - ai_dialog_service - INFO - 没有找到可用的知识库
2025-04-14 22:53:04,413 - ai_dialog_service - INFO - 调用DeepSeek服务，对话ID: airong-1
2025-04-14 22:53:04,413 - ai_dialog_service - INFO - 发送消息历史: [{"role": "system", "content": "你是一个AI助手，请用简洁、准确的方式回答问题。"}, {"role": "user", "content": "你好"}, {"role": "assistant", "content": "你好！有什么可以帮你的吗？"}, {"role": "user", "content": "你是？"}, {"role": "assistant", "content": "我是一个AI助手，可以帮你解答问题、提供建议或协助完成任务。有什么需要帮忙的吗？"}, {"role": "user", "content": "南丹在哪里"}]
2025-04-14 22:53:04,413 - deepseek_service - INFO - 发送请求到DeepSeek API: https://api.deepseek.com/v1/chat/completions
2025-04-14 22:53:04,862 - httpx - INFO - HTTP Request: POST https://api.deepseek.com/v1/chat/completions "HTTP/1.1 200 OK"
2025-04-14 22:53:15,048 - ai_dialog_service - INFO - DeepSeek API完整响应: {"id": "7a2033b7-8d33-48b1-855a-432efb1f5f50", "object": "chat.completion", "created": 1744642383, "model": "deepseek-chat", "choices": [{"index": 0, "message": {"role": "assistant", "content": "南丹位于中国**广西壮族自治区河池市**，是河池下辖的一个县。  \n\n**地理位置**：  \n- 地处广西西北部，云贵高原南缘  \n- 与贵州省荔波县、独山县接壤  \n\n**特点**：  \n- 以有色金属矿产闻名（如锡、铅、锌等）  \n- 多民族聚居地（壮族、瑶族、苗族等）  \n- 自然景观丰富，如**恩村洞天**、**白裤瑶生态博物馆**等  \n\n如需交通或旅游信息，可进一步说明需求！"}, "logprobs": null, "finish_reason": "stop"}], "usage": {"prompt_tokens": 56, "completion_tokens": 124, "total_tokens": 180, "prompt_tokens_details": {"cached_tokens": 0}, "prompt_cache_hit_tokens": 0, "prompt_cache_miss_tokens": 56}, "system_fingerprint": "fp_3d5141a69a_prod0225"}
2025-04-14 22:53:15,049 - ai_dialog_service - INFO - 从API提取到的AI回复: 南丹位于中国**广西壮族自治区河池市**，是河池下辖的一个县。  

**地理位置**：  
- 地处广西西北部，云贵高原南缘  
- 与贵州省荔波县、独山县接壤  

**特点**：  
- 以有色金属矿产闻名（如锡、铅、锌等）  
- 多民族聚居地（壮族、瑶族、苗族等）  
- 自然景观丰富，如**恩村洞天**、**白裤瑶生态博物馆**等  

如需交通或旅游信息，可进一步说明需求！
2025-04-14 22:53:15,049 - api.ai_dialog - INFO - AI响应时间: 10.64秒
2025-04-14 22:53:25,518 - api.ai_dialog - INFO - 收到对话请求: user_id=b29841b9-bd7f-4357-945d-a7db0301587d, model=airong, 使用知识库=True
2025-04-14 22:53:25,518 - ai_dialog_service - INFO - 使用前端传递的消息历史，共7条消息
2025-04-14 22:53:25,519 - ai_dialog_service - INFO - 查询知识库: 用户=b29841b9-bd7f-4357-945d-a7db0301587d, 模型=airong, 查询=河池在哪里
2025-04-14 22:53:25,519 - ai_dialog_service - INFO - 没有找到可用的知识库
2025-04-14 22:53:25,520 - ai_dialog_service - INFO - 调用DeepSeek服务，对话ID: airong-1
2025-04-14 22:53:25,520 - ai_dialog_service - INFO - 发送消息历史: [{"role": "system", "content": "你是一个AI助手，请用简洁、准确的方式回答问题。"}, {"role": "user", "content": "你好"}, {"role": "assistant", "content": "你好！有什么可以帮你的吗？"}, {"role": "user", "content": "你是？"}, {"role": "assistant", "content": "我是一个AI助手，可以帮你解答问题、提供建议或协助完成任务。有什么需要帮忙的吗？"}, {"role": "user", "content": "南丹在哪里"}, {"role": "assistant", "content": "南丹位于中国**广西壮族自治区河池市**，是河池下辖的一个县。  \n\n**地理位置**：  \n- 地处广西西北部，云贵高原南缘  \n- 与贵州省荔波县、独山县接壤  \n\n**特点**：  \n- 以有色金属矿产闻名（如锡、铅、锌等）  \n- 多民族聚居地（壮族、瑶族、苗族等）  \n- 自然景观丰富，如**恩村洞天**、**白裤瑶生态博物馆**等  \n\n如需交通或旅游信息，可进一步说明需求！"}, {"role": "user", "content": "河池在哪里"}]
2025-04-14 22:53:25,522 - deepseek_service - INFO - 发送请求到DeepSeek API: https://api.deepseek.com/v1/chat/completions
2025-04-14 22:53:25,931 - httpx - INFO - HTTP Request: POST https://api.deepseek.com/v1/chat/completions "HTTP/1.1 200 OK"
2025-04-14 22:53:48,417 - ai_dialog_service - INFO - DeepSeek API完整响应: {"id": "7ed4f88f-22e1-4004-94fa-bcc4204d7d96", "object": "chat.completion", "created": 1744642405, "model": "deepseek-chat", "choices": [{"index": 0, "message": {"role": "assistant", "content": "河池位于**中国广西壮族自治区西北部**，是广西下辖的地级市。  \n\n### **地理位置**  \n- **东邻**柳州、来宾，**南接**南宁、百色，**西界**贵州省黔南州，**北连**贵州省黔东南州。  \n- 地处**云贵高原南缘**，多山地、喀斯特地貌。  \n\n### **行政区划**  \n- 辖 **2区（金城江区、宜州区）** + **9县**（包括南丹、天峨、凤山、东兰等）。  \n- **市政府驻地**：金城江区。  \n\n### **特点**  \n1. **“有色金属之乡”**：锡、锑、锌等矿产资源丰富（南丹大厂矿区闻名全国）。  \n2. **长寿之乡**：巴马县为“世界长寿之乡”，东兰、凤山等县也多长寿老人。  \n3. **多民族聚居**：壮族为主，还有瑶族、苗族、毛南族、仫佬族等。  \n4. **红色文化**：东兰县是韦拔群领导的右江革命根据地核心区。  \n5. **自然景观**：  \n   - 红水河（峡谷、梯级水电站）  \n   - 巴马盘阳河（长寿养生旅游）  \n   - 凤山三门海（天窗群喀斯特地貌）  \n\n### **交通**  \n- **铁路**：黔桂铁路过境（金城江、宜州站）。  \n- **公路**：兰海高速（G75）、汕昆高速（G78）等。  \n- **机场**：河池金城江机场（山区高填方机场，国内航线较少）。  \n\n如需具体景点、路线或文化信息，可进一步提问！"}, "logprobs": null, "finish_reason": "stop"}], "usage": {"prompt_tokens": 186, "completion_tokens": 381, "total_tokens": 567, "prompt_tokens_details": {"cached_tokens": 128}, "prompt_cache_hit_tokens": 128, "prompt_cache_miss_tokens": 58}, "system_fingerprint": "fp_3d5141a69a_prod0225"}
2025-04-14 22:53:48,419 - ai_dialog_service - INFO - 从API提取到的AI回复: 河池位于**中国广西壮族自治区西北部**，是广西下辖的地级市。  

### **地理位置**  
- **东邻**柳州、来宾，**南接**南宁、百色，**西界**贵州省黔南州，**北连**贵州省黔东南州。  
- 地处**云贵高原南缘**，多山地、喀斯特地貌。  

### **行政区划**  
- 辖 **2区（金城江区、宜州区）** + **9县**（包括南丹、天峨、凤山、东兰等）。  
- **市政府驻地**：金城江区。  

### **特点**  
1. **“有色金属之乡”**：锡、锑、锌等矿产资源丰富（南丹大厂矿区闻名全国）。  
2. **长寿之乡**：巴马县为“世界长寿之乡”，东兰、凤山等县也多长寿老人。  
3. **多民族聚居**：壮族为主，还有瑶族、苗族、毛南族、仫佬族等。  
4. **红色文化**：东兰县是韦拔群领导的右江革命根据地核心区。  
5. **自然景观**：  
   - 红水河（峡谷、梯级水电站）  
   - 巴马盘阳河（长寿养生旅游）  
   - 凤山三门海（天窗群喀斯特地貌）  

### **交通**  
- **铁路**：黔桂铁路过境（金城江、宜州站）。  
- **公路**：兰海高速（G75）、汕昆高速（G78）等。  
- **机场**：河池金城江机场（山区高填方机场，国内航线较少）。  

如需具体景点、路线或文化信息，可进一步提问！
2025-04-14 22:53:48,420 - api.ai_dialog - INFO - AI响应时间: 22.90秒
2025-04-14 22:53:57,079 - api.ai_dialog - INFO - 收到对话请求: user_id=b29841b9-bd7f-4357-945d-a7db0301587d, model=airong, 使用知识库=True
2025-04-14 22:53:57,080 - ai_dialog_service - INFO - 使用前端传递的消息历史，共9条消息
2025-04-14 22:53:57,080 - ai_dialog_service - INFO - 查询知识库: 用户=b29841b9-bd7f-4357-945d-a7db0301587d, 模型=airong, 查询=刚才我都问了什么
2025-04-14 22:53:57,080 - ai_dialog_service - INFO - 没有找到可用的知识库
2025-04-14 22:53:57,080 - ai_dialog_service - INFO - 调用DeepSeek服务，对话ID: airong-1
2025-04-14 22:53:57,081 - ai_dialog_service - INFO - 发送消息历史: [{"role": "system", "content": "你是一个AI助手，请用简洁、准确的方式回答问题。"}, {"role": "user", "content": "你好"}, {"role": "assistant", "content": "你好！有什么可以帮你的吗？"}, {"role": "user", "content": "你是？"}, {"role": "assistant", "content": "我是一个AI助手，可以帮你解答问题、提供建议或协助完成任务。有什么需要帮忙的吗？"}, {"role": "user", "content": "南丹在哪里"}, {"role": "assistant", "content": "南丹位于中国**广西壮族自治区河池市**，是河池下辖的一个县。  \n\n**地理位置**：  \n- 地处广西西北部，云贵高原南缘  \n- 与贵州省荔波县、独山县接壤  \n\n**特点**：  \n- 以有色金属矿产闻名（如锡、铅、锌等）  \n- 多民族聚居地（壮族、瑶族、苗族等）  \n- 自然景观丰富，如**恩村洞天**、**白裤瑶生态博物馆**等  \n\n如需交通或旅游信息，可进一步说明需求！"}, {"role": "user", "content": "河池在哪里"}, {"role": "assistant", "content": "河池位于**中国广西壮族自治区西北部**，是广西下辖的地级市。  \n\n### **地理位置**  \n- **东邻**柳州、来宾，**南接**南宁、百色，**西界**贵州省黔南州，**北连**贵州省黔东南州。  \n- 地处**云贵高原南缘**，多山地、喀斯特地貌。  \n\n### **行政区划**  \n- 辖 **2区（金城江区、宜州区）** + **9县**（包括南丹、天峨、凤山、东兰等）。  \n- **市政府驻地**：金城江区。  \n\n### **特点**  \n1. **“有色金属之乡”**：锡、锑、锌等矿产资源丰富（南丹大厂矿区闻名全国）。  \n2. **长寿之乡**：巴马县为“世界长寿之乡”，东兰、凤山等县也多长寿老人。  \n3. **多民族聚居**：壮族为主，还有瑶族、苗族、毛南族、仫佬族等。  \n4. **红色文化**：东兰县是韦拔群领导的右江革命根据地核心区。  \n5. **自然景观**：  \n   - 红水河（峡谷、梯级水电站）  \n   - 巴马盘阳河（长寿养生旅游）  \n   - 凤山三门海（天窗群喀斯特地貌）  \n\n### **交通**  \n- **铁路**：黔桂铁路过境（金城江、宜州站）。  \n- **公路**：兰海高速（G75）、汕昆高速（G78）等。  \n- **机场**：河池金城江机场（山区高填方机场，国内航线较少）。  \n\n如需具体景点、路线或文化信息，可进一步提问！"}, {"role": "user", "content": "刚才我都问了什么"}]
2025-04-14 22:53:57,081 - deepseek_service - INFO - 发送请求到DeepSeek API: https://api.deepseek.com/v1/chat/completions
2025-04-14 22:53:57,529 - httpx - INFO - HTTP Request: POST https://api.deepseek.com/v1/chat/completions "HTTP/1.1 200 OK"
2025-04-14 22:54:05,402 - ai_dialog_service - INFO - DeepSeek API完整响应: {"id": "75585672-d7af-4425-89a2-228618474614", "object": "chat.completion", "created": 1744642436, "model": "deepseek-chat", "choices": [{"index": 0, "message": {"role": "assistant", "content": "你之前的提问按顺序如下：  \n\n1. **第一轮提问**  \n   - 初始问候：“你好”  \n   - 确认我的身份：“你是？”  \n\n2. **第二轮提问**  \n   - 询问地理位置：“南丹在哪里”  \n   - 追问更广范围的位置：“河池在哪里”  \n\n3. **当前问题**  \n   - 回溯对话记录：“刚才我都问了什么”  \n\n需要回顾更早的内容或补充细节吗？"}, "logprobs": null, "finish_reason": "stop"}], "usage": {"prompt_tokens": 574, "completion_tokens": 97, "total_tokens": 671, "prompt_tokens_details": {"cached_tokens": 512}, "prompt_cache_hit_tokens": 512, "prompt_cache_miss_tokens": 62}, "system_fingerprint": "fp_3d5141a69a_prod0225"}
2025-04-14 22:54:05,403 - ai_dialog_service - INFO - 从API提取到的AI回复: 你之前的提问按顺序如下：  

1. **第一轮提问**  
   - 初始问候：“你好”  
   - 确认我的身份：“你是？”  

2. **第二轮提问**  
   - 询问地理位置：“南丹在哪里”  
   - 追问更广范围的位置：“河池在哪里”  

3. **当前问题**  
   - 回溯对话记录：“刚才我都问了什么”  

需要回顾更早的内容或补充细节吗？
2025-04-14 22:54:05,404 - api.ai_dialog - INFO - AI响应时间: 8.32秒
2025-04-14 22:59:33,554 - api.knowledge_base - INFO - 获取用户b29841b9-bd7f-4357-945d-a7db0301587d的个人知识库
2025-04-14 22:59:33,554 - api.knowledge_base - INFO - 找到0个个人知识库
2025-04-14 22:59:33,561 - api.knowledge_base - INFO - 获取用户b29841b9-bd7f-4357-945d-a7db0301587d的个人知识库
2025-04-14 22:59:33,562 - api.knowledge_base - INFO - 找到0个个人知识库
2025-04-14 22:59:37,863 - api.knowledge_base - INFO - 获取用户b29841b9-bd7f-4357-945d-a7db0301587d的个人知识库
2025-04-14 22:59:37,864 - api.knowledge_base - INFO - 找到0个个人知识库
2025-04-14 22:59:37,866 - api.knowledge_base - INFO - 获取用户b29841b9-bd7f-4357-945d-a7db0301587d的个人知识库
2025-04-14 22:59:37,867 - api.knowledge_base - INFO - 找到0个个人知识库
2025-04-14 23:00:27,877 - api.ai_dialog - INFO - 收到对话请求: user_id=b29841b9-bd7f-4357-945d-a7db0301587d, model=airong, 使用知识库=True
2025-04-14 23:00:27,877 - ai_dialog_service - INFO - 使用前端传递的消息历史，共1条消息
2025-04-14 23:00:27,877 - ai_dialog_service - INFO - 查询知识库: 用户=b29841b9-bd7f-4357-945d-a7db0301587d, 模型=airong, 查询=您好
2025-04-14 23:00:27,877 - ai_dialog_service - INFO - 没有找到可用的知识库
2025-04-14 23:00:27,877 - ai_dialog_service - INFO - 调用DeepSeek服务，对话ID: airong-1
2025-04-14 23:00:27,877 - ai_dialog_service - INFO - 发送消息历史: [{"role": "system", "content": "你是一个AI助手，请用简洁、准确的方式回答问题。"}, {"role": "user", "content": "您好"}]
2025-04-14 23:00:27,877 - deepseek_service - INFO - 发送请求到DeepSeek API: https://api.deepseek.com/v1/chat/completions
2025-04-14 23:00:28,231 - httpx - INFO - HTTP Request: POST https://api.deepseek.com/v1/chat/completions "HTTP/1.1 200 OK"
2025-04-14 23:00:32,357 - ai_dialog_service - INFO - DeepSeek API完整响应: {"id": "9839a4a1-f7d8-47ef-95ae-88e76ed6ec55", "object": "chat.completion", "created": 1744642827, "model": "deepseek-chat", "choices": [{"index": 0, "message": {"role": "assistant", "content": "你好！有什么可以帮你的吗？"}, "logprobs": null, "finish_reason": "stop"}], "usage": {"prompt_tokens": 17, "completion_tokens": 8, "total_tokens": 25, "prompt_tokens_details": {"cached_tokens": 0}, "prompt_cache_hit_tokens": 0, "prompt_cache_miss_tokens": 17}, "system_fingerprint": "fp_3d5141a69a_prod0225"}
2025-04-14 23:00:32,358 - ai_dialog_service - INFO - 从API提取到的AI回复: 你好！有什么可以帮你的吗？
2025-04-14 23:00:32,358 - api.ai_dialog - INFO - AI响应时间: 4.48秒
2025-04-14 23:03:45,540 - api.knowledge_base - INFO - 获取用户b29841b9-bd7f-4357-945d-a7db0301587d的个人知识库
2025-04-14 23:03:45,541 - api.knowledge_base - INFO - 找到0个个人知识库
2025-04-14 23:03:45,547 - api.knowledge_base - INFO - 获取用户b29841b9-bd7f-4357-945d-a7db0301587d的个人知识库
2025-04-14 23:03:45,547 - api.knowledge_base - INFO - 找到0个个人知识库
2025-04-14 23:04:36,975 - app.main - INFO - 关闭应用
2025-04-14 23:18:30,227 - app.main - INFO - 启动应用
2025-04-14 23:18:30,228 - app.main - INFO - 上传目录已存在: E:\Work\ai-assistance\backend\uploads
2025-04-14 23:18:30,228 - app.main - INFO - 文档目录已存在: E:\Work\ai-assistance\backend\uploads\documents
2025-04-14 23:18:30,228 - app.main - INFO - 嵌入目录已存在: E:\Work\ai-assistance\backend\uploads\embeddings
2025-04-14 23:18:30,234 - task_manager - INFO - Document processor worker started
2025-04-14 23:18:30,234 - task_manager - INFO - Embedding worker started
2025-04-14 23:18:30,234 - task_manager - INFO - Task Manager started
2025-04-14 23:18:30,234 - app.main - INFO - 应用启动完成，默认管理员账号已处理，任务管理器已启动
2025-04-14 23:19:24,312 - api.knowledge_base - INFO - 获取用户b29841b9-bd7f-4357-945d-a7db0301587d的个人知识库
2025-04-14 23:19:24,313 - api.knowledge_base - INFO - 找到0个个人知识库
2025-04-14 23:19:24,326 - api.knowledge_base - INFO - 创建新知识库: 我的个人知识库, 类型: personal
2025-04-14 23:19:24,327 - api.knowledge_base - INFO - 使用默认管理员ID: b29841b9-bd7f-4357-945d-a7db0301587d
2025-04-14 23:19:24,329 - repository.knowledge - INFO - 创建知识库: 我的个人知识库, 类型: personal, 用户ID: b29841b9-bd7f-4357-945d-a7db0301587d
2025-04-14 23:19:24,369 - repository.knowledge - INFO - 知识库创建成功, ID: f6762bf5-a04c-445b-b922-9ce52d064323
2025-04-14 23:19:24,369 - api.knowledge_base - INFO - 知识库创建成功: f6762bf5-a04c-445b-b922-9ce52d064323
2025-04-14 23:19:24,373 - api.ai_dialog - INFO - 收到对话请求: user_id=b29841b9-bd7f-4357-945d-a7db0301587d, model=airong, 使用知识库=True
2025-04-14 23:19:24,373 - ai_dialog_service - INFO - Initialized AI Dialog Service
2025-04-14 23:19:24,373 - deepseek_service - INFO - 初始化DeepSeek服务
2025-04-14 23:19:24,373 - ai_dialog_service - INFO - 使用前端传递的消息历史，共1条消息
2025-04-14 23:19:24,374 - ai_dialog_service - INFO - 查询知识库: 用户=b29841b9-bd7f-4357-945d-a7db0301587d, 模型=airong, 查询=你好你好
2025-04-14 23:19:24,374 - ai_dialog_service - INFO - 没有找到可用的知识库
2025-04-14 23:19:24,374 - ai_dialog_service - INFO - 调用DeepSeek服务，对话ID: airong-1744643959388
2025-04-14 23:19:24,374 - ai_dialog_service - INFO - 发送消息历史: [{"role": "system", "content": "你是一个AI助手，请用简洁、准确的方式回答问题。"}, {"role": "user", "content": "你好你好"}]
2025-04-14 23:19:24,374 - deepseek_service - INFO - 发送请求到DeepSeek API: https://api.deepseek.com/v1/chat/completions
2025-04-14 23:19:24,918 - httpx - INFO - HTTP Request: POST https://api.deepseek.com/v1/chat/completions "HTTP/1.1 200 OK"
2025-04-14 23:19:28,655 - ai_dialog_service - INFO - DeepSeek API完整响应: {"id": "68fd764b-3bfd-4b3c-8b30-7b2dd4b33dc9", "object": "chat.completion", "created": 1744643963, "model": "deepseek-chat", "choices": [{"index": 0, "message": {"role": "assistant", "content": "你好！有什么可以帮你的吗？😊"}, "logprobs": null, "finish_reason": "stop"}], "usage": {"prompt_tokens": 18, "completion_tokens": 10, "total_tokens": 28, "prompt_tokens_details": {"cached_tokens": 0}, "prompt_cache_hit_tokens": 0, "prompt_cache_miss_tokens": 18}, "system_fingerprint": "fp_3d5141a69a_prod0225"}
2025-04-14 23:19:28,656 - ai_dialog_service - INFO - 从API提取到的AI回复: 你好！有什么可以帮你的吗？😊
2025-04-14 23:19:28,656 - api.ai_dialog - INFO - AI响应时间: 4.28秒
2025-04-14 23:19:40,720 - api.ai_dialog - INFO - 收到对话请求: user_id=b29841b9-bd7f-4357-945d-a7db0301587d, model=airong, 使用知识库=True
2025-04-14 23:19:40,721 - ai_dialog_service - INFO - 使用前端传递的消息历史，共3条消息
2025-04-14 23:19:40,721 - ai_dialog_service - INFO - 查询知识库: 用户=b29841b9-bd7f-4357-945d-a7db0301587d, 模型=airong, 查询=南丹在哪
2025-04-14 23:19:40,721 - ai_dialog_service - INFO - 没有找到可用的知识库
2025-04-14 23:19:40,721 - ai_dialog_service - INFO - 调用DeepSeek服务，对话ID: airong-1744643959388
2025-04-14 23:19:40,721 - ai_dialog_service - INFO - 发送消息历史: [{"role": "system", "content": "你是一个AI助手，请用简洁、准确的方式回答问题。"}, {"role": "user", "content": "你好你好"}, {"role": "assistant", "content": "你好！有什么可以帮你的吗？😊"}, {"role": "user", "content": "南丹在哪"}]
2025-04-14 23:19:40,722 - deepseek_service - INFO - 发送请求到DeepSeek API: https://api.deepseek.com/v1/chat/completions
2025-04-14 23:19:41,124 - httpx - INFO - HTTP Request: POST https://api.deepseek.com/v1/chat/completions "HTTP/1.1 200 OK"
2025-04-14 23:19:54,109 - ai_dialog_service - INFO - DeepSeek API完整响应: {"id": "5d8386d7-aaa3-4992-b4b7-23a1764bd8ee", "object": "chat.completion", "created": 1744643980, "model": "deepseek-chat", "choices": [{"index": 0, "message": {"role": "assistant", "content": "南丹县位于中国广西壮族自治区西北部，隶属河池市，地处云贵高原南缘，与贵州省接壤。以下是关键信息：\n\n1. **地理位置**  \n   - 东邻环江县，西连贵州罗甸县，北接贵州平塘县，南界天峨县、东兰县。\n\n2. **特点**  \n   - 多山地形，矿产资源丰富（锡、铅、锌等），被誉为“有色金属之乡”。\n   - 少数民族聚居地（壮族、瑶族等），民俗文化独特。\n\n3. **交通**  \n   - 公路为主，可通过G75兰海高速或210国道抵达，无铁路直达。\n\n4. **旅游**  \n   - 著名景点：**丹炉山**（古炼丹遗址）、**白裤瑶生态博物馆**（展示瑶族文化）、**地下大峡谷**等。\n\n如需更详细路线或旅行建议，可进一步说明！ 🌄"}, "logprobs": null, "finish_reason": "stop"}], "usage": {"prompt_tokens": 34, "completion_tokens": 198, "total_tokens": 232, "prompt_tokens_details": {"cached_tokens": 0}, "prompt_cache_hit_tokens": 0, "prompt_cache_miss_tokens": 34}, "system_fingerprint": "fp_3d5141a69a_prod0225"}
2025-04-14 23:19:54,110 - ai_dialog_service - INFO - 从API提取到的AI回复: 南丹县位于中国广西壮族自治区西北部，隶属河池市，地处云贵高原南缘，与贵州省接壤。以下是关键信息：

1. **地理位置**  
   - 东邻环江县，西连贵州罗甸县，北接贵州平塘县，南界天峨县、东兰县。

2. **特点**  
   - 多山地形，矿产资源丰富（锡、铅、锌等），被誉为“有色金属之乡”。
   - 少数民族聚居地（壮族、瑶族等），民俗文化独特。

3. **交通**  
   - 公路为主，可通过G75兰海高速或210国道抵达，无铁路直达。

4. **旅游**  
   - 著名景点：**丹炉山**（古炼丹遗址）、**白裤瑶生态博物馆**（展示瑶族文化）、**地下大峡谷**等。

如需更详细路线或旅行建议，可进一步说明！ 🌄
2025-04-14 23:19:54,111 - api.ai_dialog - INFO - AI响应时间: 13.39秒
2025-04-14 23:19:55,692 - api.ai_dialog - INFO - 收到对话请求: user_id=b29841b9-bd7f-4357-945d-a7db0301587d, model=airong, 使用知识库=True
2025-04-14 23:19:55,693 - ai_dialog_service - INFO - 使用前端传递的消息历史，共5条消息
2025-04-14 23:19:55,693 - ai_dialog_service - INFO - 查询知识库: 用户=b29841b9-bd7f-4357-945d-a7db0301587d, 模型=airong, 查询=环江在哪
2025-04-14 23:19:55,693 - ai_dialog_service - INFO - 没有找到可用的知识库
2025-04-14 23:19:55,693 - ai_dialog_service - INFO - 调用DeepSeek服务，对话ID: airong-1744643959388
2025-04-14 23:19:55,693 - ai_dialog_service - INFO - 发送消息历史: [{"role": "system", "content": "你是一个AI助手，请用简洁、准确的方式回答问题。"}, {"role": "user", "content": "你好你好"}, {"role": "assistant", "content": "你好！有什么可以帮你的吗？😊"}, {"role": "user", "content": "南丹在哪"}, {"role": "assistant", "content": "南丹县位于中国广西壮族自治区西北部，隶属河池市，地处云贵高原南缘，与贵州省接壤。以下是关键信息：\n\n1. **地理位置**  \n   - 东邻环江县，西连贵州罗甸县，北接贵州平塘县，南界天峨县、东兰县。\n\n2. **特点**  \n   - 多山地形，矿产资源丰富（锡、铅、锌等），被誉为“有色金属之乡”。\n   - 少数民族聚居地（壮族、瑶族等），民俗文化独特。\n\n3. **交通**  \n   - 公路为主，可通过G75兰海高速或210国道抵达，无铁路直达。\n\n4. **旅游**  \n   - 著名景点：**丹炉山**（古炼丹遗址）、**白裤瑶生态博物馆**（展示瑶族文化）、**地下大峡谷**等。\n\n如需更详细路线或旅行建议，可进一步说明！ 🌄"}, {"role": "user", "content": "环江在哪"}]
2025-04-14 23:19:55,694 - deepseek_service - INFO - 发送请求到DeepSeek API: https://api.deepseek.com/v1/chat/completions
2025-04-14 23:19:56,099 - httpx - INFO - HTTP Request: POST https://api.deepseek.com/v1/chat/completions "HTTP/1.1 200 OK"
2025-04-14 23:20:15,202 - ai_dialog_service - INFO - DeepSeek API完整响应: {"id": "f13f9add-477f-4f8f-95f9-d6a877ba08e5", "object": "chat.completion", "created": 1744643995, "model": "deepseek-chat", "choices": [{"index": 0, "message": {"role": "assistant", "content": "环江毛南族自治县位于中国广西壮族自治区北部，隶属河池市，是**全国唯一的毛南族自治县**。以下是关键信息：\n\n---\n\n### **1. 地理位置**\n- **隶属**：广西河池市  \n- **相邻**：  \n  - 东接融水县、罗城县  \n  - 西邻南丹县、贵州荔波县  \n  - 北连贵州从江县  \n  - 南界宜州区、金城江区  \n\n### **2. 特色亮点**\n- **民族文化**：毛南族聚居地，保留独特的“分龙节”（毛南族传统节日）、傩面舞等非遗文化。  \n- **自然景观**：  \n  - **木论喀斯特森林**（世界自然遗产“中国南方喀斯特”组成部分）  \n  - **牛角寨瀑布群**  \n  - **文雅天坑群**（地质奇观）  \n- **物产**：环江香猪（中国国家地理标志产品）、五色糯米饭等。\n\n### **3. 交通方式**\n- **公路**：通过G75兰海高速、S309省道连接周边；河池市区至环江约1.5小时车程。  \n- **铁路**：无直达铁路，最近高铁站为**河池西站**（距环江约70公里）。  \n\n### **4. 旅行提示**\n- 最佳季节：春秋季（避开雨季，山区易滑坡）。  \n- 推荐体验：毛南族民俗博物馆、喀斯特徒步探险。  \n\n如需具体路线或景点攻略，可进一步提问！ 🌿"}, "logprobs": null, "finish_reason": "stop"}], "usage": {"prompt_tokens": 238, "completion_tokens": 344, "total_tokens": 582, "prompt_tokens_details": {"cached_tokens": 64}, "prompt_cache_hit_tokens": 64, "prompt_cache_miss_tokens": 174}, "system_fingerprint": "fp_3d5141a69a_prod0225"}
2025-04-14 23:20:15,203 - ai_dialog_service - INFO - 从API提取到的AI回复: 环江毛南族自治县位于中国广西壮族自治区北部，隶属河池市，是**全国唯一的毛南族自治县**。以下是关键信息：

---

### **1. 地理位置**
- **隶属**：广西河池市  
- **相邻**：  
  - 东接融水县、罗城县  
  - 西邻南丹县、贵州荔波县  
  - 北连贵州从江县  
  - 南界宜州区、金城江区  

### **2. 特色亮点**
- **民族文化**：毛南族聚居地，保留独特的“分龙节”（毛南族传统节日）、傩面舞等非遗文化。  
- **自然景观**：  
  - **木论喀斯特森林**（世界自然遗产“中国南方喀斯特”组成部分）  
  - **牛角寨瀑布群**  
  - **文雅天坑群**（地质奇观）  
- **物产**：环江香猪（中国国家地理标志产品）、五色糯米饭等。

### **3. 交通方式**
- **公路**：通过G75兰海高速、S309省道连接周边；河池市区至环江约1.5小时车程。  
- **铁路**：无直达铁路，最近高铁站为**河池西站**（距环江约70公里）。  

### **4. 旅行提示**
- 最佳季节：春秋季（避开雨季，山区易滑坡）。  
- 推荐体验：毛南族民俗博物馆、喀斯特徒步探险。  

如需具体路线或景点攻略，可进一步提问！ 🌿
2025-04-14 23:20:15,205 - api.ai_dialog - INFO - AI响应时间: 19.51秒
2025-04-14 23:20:16,047 - api.ai_dialog - INFO - 收到对话请求: user_id=b29841b9-bd7f-4357-945d-a7db0301587d, model=airong, 使用知识库=True
2025-04-14 23:20:16,047 - ai_dialog_service - INFO - 使用前端传递的消息历史，共7条消息
2025-04-14 23:20:16,048 - ai_dialog_service - INFO - 查询知识库: 用户=b29841b9-bd7f-4357-945d-a7db0301587d, 模型=airong, 查询=你是谁
2025-04-14 23:20:16,048 - ai_dialog_service - INFO - 没有找到可用的知识库
2025-04-14 23:20:16,048 - ai_dialog_service - INFO - 调用DeepSeek服务，对话ID: airong-1744643959388
2025-04-14 23:20:16,048 - ai_dialog_service - INFO - 发送消息历史: [{"role": "system", "content": "你是一个AI助手，请用简洁、准确的方式回答问题。"}, {"role": "user", "content": "你好你好"}, {"role": "assistant", "content": "你好！有什么可以帮你的吗？😊"}, {"role": "user", "content": "南丹在哪"}, {"role": "assistant", "content": "南丹县位于中国广西壮族自治区西北部，隶属河池市，地处云贵高原南缘，与贵州省接壤。以下是关键信息：\n\n1. **地理位置**  \n   - 东邻环江县，西连贵州罗甸县，北接贵州平塘县，南界天峨县、东兰县。\n\n2. **特点**  \n   - 多山地形，矿产资源丰富（锡、铅、锌等），被誉为“有色金属之乡”。\n   - 少数民族聚居地（壮族、瑶族等），民俗文化独特。\n\n3. **交通**  \n   - 公路为主，可通过G75兰海高速或210国道抵达，无铁路直达。\n\n4. **旅游**  \n   - 著名景点：**丹炉山**（古炼丹遗址）、**白裤瑶生态博物馆**（展示瑶族文化）、**地下大峡谷**等。\n\n如需更详细路线或旅行建议，可进一步说明！ 🌄"}, {"role": "user", "content": "环江在哪"}, {"role": "assistant", "content": "环江毛南族自治县位于中国广西壮族自治区北部，隶属河池市，是**全国唯一的毛南族自治县**。以下是关键信息：\n\n---\n\n### **1. 地理位置**\n- **隶属**：广西河池市  \n- **相邻**：  \n  - 东接融水县、罗城县  \n  - 西邻南丹县、贵州荔波县  \n  - 北连贵州从江县  \n  - 南界宜州区、金城江区  \n\n### **2. 特色亮点**\n- **民族文化**：毛南族聚居地，保留独特的“分龙节”（毛南族传统节日）、傩面舞等非遗文化。  \n- **自然景观**：  \n  - **木论喀斯特森林**（世界自然遗产“中国南方喀斯特”组成部分）  \n  - **牛角寨瀑布群**  \n  - **文雅天坑群**（地质奇观）  \n- **物产**：环江香猪（中国国家地理标志产品）、五色糯米饭等。\n\n### **3. 交通方式**\n- **公路**：通过G75兰海高速、S309省道连接周边；河池市区至环江约1.5小时车程。  \n- **铁路**：无直达铁路，最近高铁站为**河池西站**（距环江约70公里）。  \n\n### **4. 旅行提示**\n- 最佳季节：春秋季（避开雨季，山区易滑坡）。  \n- 推荐体验：毛南族民俗博物馆、喀斯特徒步探险。  \n\n如需具体路线或景点攻略，可进一步提问！ 🌿"}, {"role": "user", "content": "你是谁"}]
2025-04-14 23:20:16,050 - deepseek_service - INFO - 发送请求到DeepSeek API: https://api.deepseek.com/v1/chat/completions
2025-04-14 23:20:16,465 - httpx - INFO - HTTP Request: POST https://api.deepseek.com/v1/chat/completions "HTTP/1.1 200 OK"
2025-04-14 23:20:28,534 - ai_dialog_service - INFO - DeepSeek API完整响应: {"id": "1ecbc213-1293-49dd-9049-45d10f0723d3", "object": "chat.completion", "created": 1744644015, "model": "deepseek-chat", "choices": [{"index": 0, "message": {"role": "assistant", "content": "我是 **DeepSeek Chat**，由深度求索公司（DeepSeek）开发的智能AI助手！🤖✨  \n\n我的目标是为你提供**准确、高效、友好**的帮助，无论是解答问题、提供建议，还是陪你聊天，我都会尽力满足你的需求。  \n\n### **我可以帮你做什么？**  \n- 📚 **知识解答**：科普、学习辅导、历史地理等。  \n- 📊 **实用工具**：写作、翻译、计算、文件分析等。  \n- 🗺 **旅行攻略**：像南丹、环江这样的地方，我能提供详细建议！  \n- 💡 **创意灵感**：写故事、策划活动、头脑风暴。  \n\n**免费、无广告、随时可用**！有什么想问的，尽管告诉我吧~ 😊"}, "logprobs": null, "finish_reason": "stop"}], "usage": {"prompt_tokens": 586, "completion_tokens": 165, "total_tokens": 751, "prompt_tokens_details": {"cached_tokens": 448}, "prompt_cache_hit_tokens": 448, "prompt_cache_miss_tokens": 138}, "system_fingerprint": "fp_3d5141a69a_prod0225"}
2025-04-14 23:20:28,535 - ai_dialog_service - INFO - 从API提取到的AI回复: 我是 **DeepSeek Chat**，由深度求索公司（DeepSeek）开发的智能AI助手！🤖✨  

我的目标是为你提供**准确、高效、友好**的帮助，无论是解答问题、提供建议，还是陪你聊天，我都会尽力满足你的需求。  

### **我可以帮你做什么？**  
- 📚 **知识解答**：科普、学习辅导、历史地理等。  
- 📊 **实用工具**：写作、翻译、计算、文件分析等。  
- 🗺 **旅行攻略**：像南丹、环江这样的地方，我能提供详细建议！  
- 💡 **创意灵感**：写故事、策划活动、头脑风暴。  

**免费、无广告、随时可用**！有什么想问的，尽管告诉我吧~ 😊
2025-04-14 23:20:28,536 - api.ai_dialog - INFO - AI响应时间: 12.49秒
2025-04-14 23:20:30,051 - api.ai_dialog - INFO - 收到对话请求: user_id=b29841b9-bd7f-4357-945d-a7db0301587d, model=airong, 使用知识库=True
2025-04-14 23:20:30,051 - ai_dialog_service - INFO - 使用前端传递的消息历史，共9条消息
2025-04-14 23:20:30,051 - ai_dialog_service - INFO - 查询知识库: 用户=b29841b9-bd7f-4357-945d-a7db0301587d, 模型=airong, 查询=刚才我都问了什么
2025-04-14 23:20:30,052 - ai_dialog_service - INFO - 没有找到可用的知识库
2025-04-14 23:20:30,052 - ai_dialog_service - INFO - 调用DeepSeek服务，对话ID: airong-1744643959388
2025-04-14 23:20:30,052 - ai_dialog_service - INFO - 发送消息历史: [{"role": "system", "content": "你是一个AI助手，请用简洁、准确的方式回答问题。"}, {"role": "user", "content": "你好你好"}, {"role": "assistant", "content": "你好！有什么可以帮你的吗？😊"}, {"role": "user", "content": "南丹在哪"}, {"role": "assistant", "content": "南丹县位于中国广西壮族自治区西北部，隶属河池市，地处云贵高原南缘，与贵州省接壤。以下是关键信息：\n\n1. **地理位置**  \n   - 东邻环江县，西连贵州罗甸县，北接贵州平塘县，南界天峨县、东兰县。\n\n2. **特点**  \n   - 多山地形，矿产资源丰富（锡、铅、锌等），被誉为“有色金属之乡”。\n   - 少数民族聚居地（壮族、瑶族等），民俗文化独特。\n\n3. **交通**  \n   - 公路为主，可通过G75兰海高速或210国道抵达，无铁路直达。\n\n4. **旅游**  \n   - 著名景点：**丹炉山**（古炼丹遗址）、**白裤瑶生态博物馆**（展示瑶族文化）、**地下大峡谷**等。\n\n如需更详细路线或旅行建议，可进一步说明！ 🌄"}, {"role": "user", "content": "环江在哪"}, {"role": "assistant", "content": "环江毛南族自治县位于中国广西壮族自治区北部，隶属河池市，是**全国唯一的毛南族自治县**。以下是关键信息：\n\n---\n\n### **1. 地理位置**\n- **隶属**：广西河池市  \n- **相邻**：  \n  - 东接融水县、罗城县  \n  - 西邻南丹县、贵州荔波县  \n  - 北连贵州从江县  \n  - 南界宜州区、金城江区  \n\n### **2. 特色亮点**\n- **民族文化**：毛南族聚居地，保留独特的“分龙节”（毛南族传统节日）、傩面舞等非遗文化。  \n- **自然景观**：  \n  - **木论喀斯特森林**（世界自然遗产“中国南方喀斯特”组成部分）  \n  - **牛角寨瀑布群**  \n  - **文雅天坑群**（地质奇观）  \n- **物产**：环江香猪（中国国家地理标志产品）、五色糯米饭等。\n\n### **3. 交通方式**\n- **公路**：通过G75兰海高速、S309省道连接周边；河池市区至环江约1.5小时车程。  \n- **铁路**：无直达铁路，最近高铁站为**河池西站**（距环江约70公里）。  \n\n### **4. 旅行提示**\n- 最佳季节：春秋季（避开雨季，山区易滑坡）。  \n- 推荐体验：毛南族民俗博物馆、喀斯特徒步探险。  \n\n如需具体路线或景点攻略，可进一步提问！ 🌿"}, {"role": "user", "content": "你是谁"}, {"role": "assistant", "content": "我是 **DeepSeek Chat**，由深度求索公司（DeepSeek）开发的智能AI助手！🤖✨  \n\n我的目标是为你提供**准确、高效、友好**的帮助，无论是解答问题、提供建议，还是陪你聊天，我都会尽力满足你的需求。  \n\n### **我可以帮你做什么？**  \n- 📚 **知识解答**：科普、学习辅导、历史地理等。  \n- 📊 **实用工具**：写作、翻译、计算、文件分析等。  \n- 🗺 **旅行攻略**：像南丹、环江这样的地方，我能提供详细建议！  \n- 💡 **创意灵感**：写故事、策划活动、头脑风暴。  \n\n**免费、无广告、随时可用**！有什么想问的，尽管告诉我吧~ 😊"}, {"role": "user", "content": "刚才我都问了什么"}]
2025-04-14 23:20:30,053 - deepseek_service - INFO - 发送请求到DeepSeek API: https://api.deepseek.com/v1/chat/completions
2025-04-14 23:20:30,433 - httpx - INFO - HTTP Request: POST https://api.deepseek.com/v1/chat/completions "HTTP/1.1 200 OK"
2025-04-14 23:20:42,336 - ai_dialog_service - INFO - DeepSeek API完整响应: {"id": "063ff813-6c1d-4bc9-9464-8a3bd5db5485", "object": "chat.completion", "created": 1744644029, "model": "deepseek-chat", "choices": [{"index": 0, "message": {"role": "assistant", "content": "你刚才的提问顺序如下：  \n\n1. **初始问候**：  \n   - “你好你好” → 我回复了问候并询问是否需要帮助。  \n\n2. **地理相关提问**：  \n   - **“南丹在哪”** → 我提供了广西南丹县的位置、特点和旅游信息。  \n   - **“环江在哪”** → 我解释了广西环江毛南族自治县的地理、文化和景点。  \n\n3. **关于我的身份**：  \n   - **“你是谁”** → 我介绍了自己是DeepSeek Chat AI助手，并说明功能。  \n\n4. **当前问题**：  \n   - **“刚才我都问了什么”** → 即本条总结。  \n\n如果需要回顾某个问题的具体回答，或继续深入讨论（比如南丹/环江的旅行细节），随时告诉我！ 🌟"}, "logprobs": null, "finish_reason": "stop"}], "usage": {"prompt_tokens": 758, "completion_tokens": 178, "total_tokens": 936, "prompt_tokens_details": {"cached_tokens": 704}, "prompt_cache_hit_tokens": 704, "prompt_cache_miss_tokens": 54}, "system_fingerprint": "fp_3d5141a69a_prod0225"}
2025-04-14 23:20:42,337 - ai_dialog_service - INFO - 从API提取到的AI回复: 你刚才的提问顺序如下：  

1. **初始问候**：  
   - “你好你好” → 我回复了问候并询问是否需要帮助。  

2. **地理相关提问**：  
   - **“南丹在哪”** → 我提供了广西南丹县的位置、特点和旅游信息。  
   - **“环江在哪”** → 我解释了广西环江毛南族自治县的地理、文化和景点。  

3. **关于我的身份**：  
   - **“你是谁”** → 我介绍了自己是DeepSeek Chat AI助手，并说明功能。  

4. **当前问题**：  
   - **“刚才我都问了什么”** → 即本条总结。  

如果需要回顾某个问题的具体回答，或继续深入讨论（比如南丹/环江的旅行细节），随时告诉我！ 🌟
2025-04-14 23:20:42,337 - api.ai_dialog - INFO - AI响应时间: 12.29秒
2025-04-14 23:27:25,170 - app.main - INFO - 关闭应用
2025-04-14 23:27:25,959 - app.main - INFO - 启动应用
2025-04-14 23:27:25,959 - app.main - INFO - 上传目录已存在: E:\Work\ai-assistance\backend\uploads
2025-04-14 23:27:25,959 - app.main - INFO - 文档目录已存在: E:\Work\ai-assistance\backend\uploads\documents
2025-04-14 23:27:25,959 - app.main - INFO - 嵌入目录已存在: E:\Work\ai-assistance\backend\uploads\embeddings
2025-04-14 23:27:25,965 - task_manager - INFO - Document processor worker started
2025-04-14 23:27:25,965 - task_manager - INFO - Embedding worker started
2025-04-14 23:27:25,965 - task_manager - INFO - Task Manager started
2025-04-14 23:27:25,966 - app.main - INFO - 应用启动完成，默认管理员账号已处理，任务管理器已启动
2025-04-14 23:28:09,628 - app.main - INFO - 关闭应用
2025-04-16 09:05:25,754 - app.main - INFO - 启动应用
2025-04-16 09:05:25,755 - app.main - INFO - 上传目录已存在: E:\Work\ai-assistance\backend\uploads
2025-04-16 09:05:25,755 - app.main - INFO - 文档目录已存在: E:\Work\ai-assistance\backend\uploads\documents
2025-04-16 09:05:25,755 - app.main - INFO - 嵌入目录已存在: E:\Work\ai-assistance\backend\uploads\embeddings
2025-04-16 09:05:25,760 - task_manager - INFO - Document processor worker started
2025-04-16 09:05:25,761 - task_manager - INFO - Embedding worker started
2025-04-16 09:05:25,761 - task_manager - INFO - Task Manager started
2025-04-16 09:05:25,761 - app.main - INFO - 应用启动完成，默认管理员账号已处理，任务管理器已启动
